2025-02-21,64.68,64.95,63.88,63.97,18885000,0.0,0.0
2025-02-20,64.95,65.23,64.26,64.66,14836600,0.0,0.0
2025-02-19,64.51,64.95,64.29,64.83,14164100,0.0,0.0
2025-02-18,65.3,66.25,64.43,64.58,22047500,0.0,0.0
2025-02-14,63.79,65.06,63.43,64.87,23693300,0.0,0.0
2025-02-13,66.09,66.5,62.72,63.84,43257700,0.0,0.0
2025-02-12,61.43,62.56,61.2,62.52,30116300,0.0,0.0
2025-02-11,62.52,62.79,62.18,62.43,17702500,0.0,0.0
2025-02-10,63.11,63.15,62.38,62.81,15816200,0.0,0.0
2025-02-07,62.74,63.25,62.2,62.27,23861000,0.0,0.0
2025-02-06,62.81,62.9,62.06,62.27,15521800,0.0,0.0
2025-02-05,61.45,62.7,61.29,62.56,18997400,0.0,0.0
2025-02-04,60.84,61.59,60.72,61.34,12742700,0.0,0.0
2025-02-03,60.18,61.25,59.54,61.04,20375700,0.0,0.0
2025-01-31,60.52,61.18,60.45,60.59,16555700,0.0,0.0
2025-01-30,60.47,61.08,60.25,60.47,17079000,0.0,0.0
2025-01-29,59.95,60.54,59.5,59.54,17925300,0.0,0.0
2025-01-28,59.02,59.56,58.91,59.43,25473300,0.0,0.0
2025-01-27,61.38,61.45,58.75,59.08,33730300,0.0,0.0
2025-01-24,62.06,62.29,61.86,62.22,17232900,0.0,0.0
2025-01-23,61.79,62.31,61.38,62.22,14212000,0.0,0.0
2025-01-22,61.04,61.75,60.99,61.63,19436600,0.0,0.0
2025-01-21,60.47,61.33,60.27,61.02,18623800,0.0,0.0
2025-01-17,60.75,60.95,60.2,60.22,23876400,0.0,0.0
2025-01-16,60.18,60.45,59.77,59.81,18445700,0.0,0.0
2025-01-15,59.86,60.34,59.59,59.97,19185100,0.0,0.0
2025-01-14,58.97,59.34,58.75,59.33,16715500,0.0,0.0
2025-01-13,58.91,58.93,58.16,58.75,19340700,0.0,0.0
2025-01-10,58.79,59.06,58.54,58.74,17274500,0.0,0.0
2025-01-08,58.88,59.24,58.27,59.2,14400300,0.0,0.0
2025-01-07,58.97,59.25,58.65,58.93,16863800,0.0,0.0
2025-01-06,58.9,59.58,58.59,58.77,18543300,0.0,0.0
2025-01-03,58.84,59.16,58.36,58.86,18859000,0.4,0.0
2025-01-02,58.86,59.27,58.17,58.7,16144300,0.0,0.0
2024-12-31,58.81,58.97,58.37,58.79,14173000,0.0,0.0
2024-12-30,58.69,58.98,58.01,58.78,12948100,0.0,0.0
2024-12-27,59.16,59.61,58.73,59.2,13021400,0.0,0.0
2024-12-26,59.21,59.65,58.99,59.57,8524500,0.0,0.0
2024-12-24,58.4,59.44,58.4,59.44,9922300,0.0,0.0
2024-12-23,57.73,58.62,57.72,58.58,18671200,0.0,0.0
2024-12-20,57.18,58.38,56.88,58.12,69544600,0.0,0.0
2024-12-19,57.0,57.74,56.95,57.23,21947800,0.0,0.0
2024-12-18,58.31,58.31,57.09,57.14,24195100,0.0,0.0
2024-12-17,57.98,58.67,57.77,58.12,24912500,0.0,0.0
2024-12-16,58.07,58.09,57.45,57.95,26883200,0.0,0.0
2024-12-13,58.22,58.54,57.98,58.22,14129700,0.0,0.0
2024-12-12,58.29,59.33,58.23,58.45,17704600,0.0,0.0
2024-12-11,58.48,58.56,57.91,58.19,26842900,0.0,0.0
2024-12-10,58.1,58.46,57.73,58.32,14480200,0.0,0.0
2024-12-09,59.42,59.47,58.46,58.55,16517500,0.0,0.0
2024-12-06,59.59,59.67,59.36,59.48,14622700,0.0,0.0
2024-12-05,59.38,59.82,59.29,59.61,19121700,0.0,0.0
2024-12-04,59.23,59.43,58.86,59.21,16872100,0.0,0.0
2024-12-03,59.02,59.12,58.76,59.07,11746000,0.0,0.0
2024-12-02,58.84,59.29,58.73,59.02,15977400,0.0,0.0
2024-11-29,58.67,59.18,58.64,58.8,11618400,0.0,0.0
2024-11-27,59.2,59.46,58.53,58.88,12703300,0.0,0.0
2024-11-26,58.6,59.23,58.54,59.18,14209700,0.0,0.0
2024-11-25,58.25,58.56,57.86,58.34,52408200,0.0,0.0
2024-11-22,57.2,58.3,57.07,58.15,14952100,0.0,0.0
2024-11-21,56.9,57.53,56.71,57.17,16162400,0.0,0.0
2024-11-20,56.45,57.11,56.22,57.11,15345000,0.0,0.0
2024-11-19,56.29,56.65,55.96,56.62,17476200,0.0,0.0
2024-11-18,57.16,57.59,56.84,56.92,23770500,0.0,0.0
2024-11-15,57.06,57.7,56.84,57.07,28173700,0.0,0.0
2024-11-14,58.59,58.59,57.13,57.52,33747700,0.0,0.0
2024-11-13,57.75,58.87,57.44,58.77,36350600,0.0,0.0
2024-11-12,58.36,58.64,58.03,58.31,16609400,0.0,0.0
2024-11-11,58.6,58.97,57.96,58.23,17827000,0.0,0.0
2024-11-08,57.69,57.8,57.26,57.66,17517700,0.0,0.0
2024-11-07,57.4,57.9,57.15,57.68,17880200,0.0,0.0
2024-11-06,56.8,57.69,56.57,57.47,20506000,0.0,0.0
2024-11-05,55.52,55.88,55.12,55.77,10183600,0.0,0.0
2024-11-04,55.07,55.53,54.74,55.45,13269900,0.0,0.0
2024-11-01,54.36,55.43,54.16,55.12,19235600,0.0,0.0
2024-10-31,55.05,55.13,54.33,54.39,22023400,0.0,0.0
2024-10-30,55.19,55.66,54.99,55.21,13284300,0.0,0.0
2024-10-29,54.99,55.73,54.89,55.3,18810100,0.0,0.0
2024-10-28,55.52,55.6,54.83,54.9,12912300,0.0,0.0
2024-10-25,55.86,56.24,55.29,55.36,14680500,0.0,0.0
2024-10-24,55.99,56.16,55.43,55.58,14699600,0.0,0.0
2024-10-23,55.77,56.2,55.61,55.89,18723000,0.0,0.0
2024-10-22,55.62,56.51,55.48,56.21,14956300,0.0,0.0
2024-10-21,56.3,56.67,56.12,56.2,14083600,0.0,0.0
2024-10-18,56.02,56.48,55.82,56.37,17679800,0.0,0.0
2024-10-17,55.99,56.19,55.47,56.01,18383400,0.0,0.0
2024-10-16,54.62,56.02,54.45,55.99,32382300,0.0,0.0
2024-10-15,54.05,54.24,53.55,53.71,20066300,0.0,0.0
2024-10-14,53.94,54.04,53.42,53.9,11428600,0.0,0.0
2024-10-11,53.15,53.96,53.15,53.88,12704500,0.0,0.0
2024-10-10,53.33,53.44,53.05,53.17,9377500,0.0,0.0
2024-10-09,52.29,53.31,52.18,53.19,10586100,0.0,0.0
2024-10-08,52.28,52.41,51.84,52.37,12365000,0.0,0.0
2024-10-07,52.22,52.49,52.01,52.15,10941700,0.0,0.0
2024-10-04,52.44,52.55,52.05,52.39,11724100,0.0,0.0
2024-10-03,51.83,52.3,51.8,52.07,11029100,0.0,0.0
2024-10-02,52.04,52.48,51.77,52.26,11071300,0.4,0.0
2024-10-01,52.35,52.43,51.56,51.98,16621800,0.0,0.0
2024-09-30,52.26,52.54,51.89,52.45,17807500,0.0,0.0
2024-09-27,52.28,52.45,52.1,52.26,13868300,0.0,0.0
2024-09-26,52.24,52.52,52.0,52.09,18374000,0.0,0.0
2024-09-25,51.81,51.97,51.62,51.89,22422200,0.0,0.0
2024-09-24,51.46,51.81,51.26,51.76,26479300,0.0,0.0
2024-09-23,51.31,51.69,51.14,51.44,18343400,0.0,0.0
2024-09-20,50.71,51.58,50.68,51.22,44096600,0.0,0.0
2024-09-19,50.67,50.98,50.41,50.7,16274000,0.0,0.0
2024-09-18,49.66,50.4,49.55,49.84,12697700,0.0,0.0
2024-09-17,50.29,50.68,49.84,49.88,13230300,0.0,0.0
2024-09-16,49.16,50.33,49.06,50.3,16668200,0.0,0.0
2024-09-13,49.02,49.34,48.95,49.08,10168900,0.0,0.0
2024-09-12,48.38,48.93,48.16,48.9,13236900,0.0,0.0
2024-09-11,48.05,48.5,47.16,48.4,15106600,0.0,0.0
2024-09-10,48.09,48.26,47.74,48.09,11754700,0.0,0.0
2024-09-09,47.77,48.44,47.56,48.0,18677600,0.0,0.0
2024-09-06,48.17,48.52,47.51,47.8,21040500,0.0,0.0
2024-09-05,48.79,48.93,48.24,48.42,16312000,0.0,0.0
2024-09-04,49.1,49.32,48.87,48.98,16411700,0.0,0.0
2024-09-03,49.59,49.77,49.18,49.34,14918600,0.0,0.0
2024-08-30,49.82,49.96,49.35,49.81,15615800,0.0,0.0
2024-08-29,49.25,50.09,49.16,49.66,16324100,0.0,0.0
2024-08-28,49.72,49.84,48.7,49.13,14571400,0.0,0.0
2024-08-27,49.94,50.11,49.67,49.98,10243900,0.0,0.0
2024-08-26,50.06,50.29,49.99,50.06,12016800,0.0,0.0
2024-08-23,49.78,50.04,49.6,50.01,16474100,0.0,0.0
2024-08-22,49.99,50.2,49.46,49.5,19143100,0.0,0.0
2024-08-21,49.57,49.82,49.31,49.72,21177600,0.0,0.0
2024-08-20,49.26,49.64,48.89,49.52,18697300,0.0,0.0
2024-08-19,48.62,49.27,48.59,49.26,16436600,0.0,0.0
2024-08-16,47.94,49.01,47.8,48.75,27424900,0.0,0.0
2024-08-15,48.05,49.56,47.47,47.83,45976400,0.0,0.0
2024-08-14,44.49,45.08,44.39,44.79,30675600,0.0,0.0
2024-08-13,44.33,44.74,44.24,44.72,20976900,0.0,0.0
2024-08-12,44.87,45.08,43.86,44.21,20289500,0.0,0.0
2024-08-09,45.04,45.4,44.59,44.81,21217600,0.0,0.0
2024-08-08,44.63,45.6,44.63,45.17,18369100,0.0,0.0
2024-08-07,44.77,45.54,44.44,44.47,18301100,0.0,0.0
2024-08-06,44.11,45.08,44.0,44.51,20524000,0.0,0.0
2024-08-05,45.88,46.01,44.05,44.1,29669600,0.0,0.0
2024-08-02,46.99,47.06,45.68,45.99,24000200,0.0,0.0
2024-08-01,47.92,48.02,46.52,46.71,18837500,0.0,0.0
2024-07-31,47.71,48.07,47.55,47.75,19953600,0.0,0.0
2024-07-30,47.5,47.85,47.2,47.45,20166000,0.0,0.0
2024-07-29,47.13,47.52,46.76,47.3,11475700,0.0,0.0
2024-07-26,46.64,47.32,46.56,47.19,16104900,0.0,0.0
2024-07-25,46.69,47.5,46.38,46.56,20631200,0.0,0.0
2024-07-24,45.87,46.36,45.57,46.17,25318200,0.0,0.0
2024-07-23,46.08,46.11,45.67,45.69,16372000,0.0,0.0
2024-07-22,46.64,46.7,46.1,46.15,19899400,0.0,0.0
2024-07-19,47.4,47.41,46.46,46.64,18289200,0.0,0.0
2024-07-18,47.46,47.94,47.29,47.35,18462500,0.0,0.0
2024-07-17,46.78,48.04,46.67,47.82,26638700,0.0,0.0
2024-07-16,46.77,47.28,46.54,46.74,17037300,0.0,0.0
2024-07-15,46.73,46.81,46.12,46.72,15925900,0.0,0.0
2024-07-12,46.11,47.17,45.98,46.7,20936100,0.0,0.0
2024-07-11,45.51,46.23,45.51,46.09,19741200,0.0,0.0
2024-07-10,45.4,45.62,45.17,45.6,18737300,0.0,0.0
2024-07-09,45.34,45.44,44.99,45.14,17343400,0.0,0.0
2024-07-08,45.68,46.11,45.29,45.4,19320900,0.0,0.0
2024-07-05,45.76,46.09,45.64,45.98,14692600,0.4,0.0
2024-07-03,46.08,46.44,45.97,46.02,8118300,0.0,0.0
2024-07-02,46.32,46.7,45.89,46.2,19794200,0.0,0.0
2024-07-01,46.4,46.75,46.27,46.44,17776000,0.0,0.0
2024-06-28,46.47,46.77,46.26,46.43,23921100,0.0,0.0
2024-06-27,45.71,46.43,45.7,46.37,16541900,0.0,0.0
2024-06-26,45.99,46.33,45.73,45.79,13981300,0.0,0.0
2024-06-25,46.19,46.73,45.92,46.3,17793600,0.0,0.0
2024-06-24,46.41,46.69,45.95,46.2,19136200,0.0,0.0
2024-06-21,46.03,46.75,45.98,46.21,65576300,0.0,0.0
2024-06-20,44.86,45.8,44.82,45.66,25613200,0.0,0.0
2024-06-18,44.46,44.94,44.46,44.92,17627000,0.0,0.0
2024-06-17,44.37,44.67,43.93,44.65,16382000,0.0,0.0
2024-06-14,44.29,44.67,43.95,44.64,15274200,0.0,0.0
2024-06-13,44.39,44.51,44.09,44.48,16149000,0.0,0.0
2024-06-12,44.94,45.03,44.36,44.58,16803100,0.0,0.0
2024-06-11,44.65,44.88,44.33,44.73,17450700,0.0,0.0
2024-06-10,44.76,44.82,44.24,44.81,13404600,0.0,0.0
2024-06-07,44.9,45.24,44.75,44.8,15734600,0.0,0.0
2024-06-06,44.89,45.33,44.74,45.18,15456100,0.0,0.0
2024-06-05,46.44,46.55,44.6,44.97,28746400,0.0,0.0
2024-06-04,45.59,46.52,45.45,46.34,23330300,0.0,0.0
2024-06-03,45.66,45.7,45.23,45.59,23295000,0.0,0.0
2024-05-31,45.09,45.51,44.96,45.44,39269100,0.0,0.0
2024-05-30,45.05,45.4,44.95,45.07,19898100,0.0,0.0
2024-05-29,44.85,45.27,44.81,45.03,16001100,0.0,0.0
2024-05-28,45.1,45.82,44.93,45.23,18178800,0.0,0.0
2024-05-24,45.57,45.73,45.32,45.36,11933600,0.0,0.0
2024-05-23,46.08,46.12,45.45,45.54,18837500,0.0,0.0
2024-05-22,46.03,46.75,45.97,46.35,19940600,0.0,0.0
2024-05-21,46.05,46.08,45.55,45.87,25172200,0.0,0.0
2024-05-20,46.91,46.98,45.94,46.06,22040700,0.0,0.0
2024-05-17,47.16,47.45,47.01,47.07,22020300,0.0,0.0
2024-05-16,48.94,48.97,47.07,47.24,47829400,0.0,0.0
2024-05-15,48.07,48.6,47.62,48.54,37342100,0.0,0.0
2024-05-14,47.86,48.06,47.25,47.84,17379700,0.0,0.0
2024-05-13,47.21,47.71,47.13,47.57,15149100,0.0,0.0
2024-05-10,46.91,47.0,46.61,46.97,12096900,0.0,0.0
2024-05-09,46.91,46.99,46.56,46.7,12449300,0.0,0.0
2024-05-08,46.36,47.04,46.17,46.91,15130200,0.0,0.0
2024-05-07,46.13,46.38,45.94,46.2,14308200,0.0,0.0
2024-05-06,46.14,46.36,45.9,46.04,14163000,0.0,0.0
2024-05-03,46.03,46.32,45.77,46.05,17935300,0.0,0.0
2024-05-02,45.96,46.05,45.54,45.72,15441700,0.0,0.0
2024-05-01,45.64,46.49,45.62,45.77,18266400,0.0,0.0
2024-04-30,46.53,46.6,45.9,45.91,18535400,0.0,0.0
2024-04-29,46.9,47.21,46.5,46.69,11599500,0.0,0.0
2024-04-26,46.55,47.18,46.53,46.77,14658900,0.0,0.0
2024-04-25,47.67,47.82,46.76,47.0,18790900,0.0,0.0
2024-04-24,46.96,47.28,46.83,47.25,14828500,0.0,0.0
2024-04-23,47.04,47.36,46.97,47.22,16261700,0.0,0.0
2024-04-22,47.39,47.48,46.91,47.04,20135700,0.0,0.0
2024-04-19,47.29,47.33,46.94,47.22,20962400,0.0,0.0
2024-04-18,47.31,47.31,46.79,47.01,13080900,0.0,0.0
2024-04-17,46.91,47.18,46.62,46.7,14407600,0.0,0.0
2024-04-16,47.37,47.41,46.75,46.83,14233400,0.0,0.0
2024-04-15,48.59,48.66,47.1,47.14,20310800,0.0,0.0
2024-04-12,48.09,48.11,47.34,47.39,16415200,0.0,0.0
2024-04-11,48.2,48.46,47.88,48.4,15703900,0.0,0.0
2024-04-10,48.6,48.64,47.7,48.09,20026400,0.0,0.0
2024-04-09,47.73,49.06,47.41,48.87,26697100,0.0,0.0
2024-04-08,47.09,47.55,47.06,47.14,15375700,0.0,0.0
2024-04-05,46.87,47.56,46.8,47.44,18660900,0.0,0.0
2024-04-04,47.97,48.42,46.95,47.01,17374000,0.0,0.0
2024-04-03,47.69,48.1,47.55,47.63,22210000,0.4,0.0
2024-04-02,48.43,48.55,47.64,47.84,16414400,0.0,0.0
2024-04-01,48.43,48.66,48.34,48.5,15138100,0.0,0.0
2024-03-28,48.36,48.66,48.28,48.38,18139700,0.0,0.0
2024-03-27,48.24,48.37,47.89,48.24,17231000,0.0,0.0
2024-03-26,48.03,48.28,47.96,48.03,13842900,0.0,0.0
2024-03-25,48.04,48.23,47.78,48.16,16191200,0.0,0.0
2024-03-22,48.51,48.56,48.19,48.25,15021300,0.0,0.0
2024-03-21,48.18,48.65,48.04,48.35,26102900,0.0,0.0
2024-03-20,47.53,48.06,47.44,48.03,18554100,0.0,0.0
2024-03-19,47.61,48.08,47.47,47.63,19601100,0.0,0.0
2024-03-18,47.71,48.14,47.48,47.76,17406700,0.0,0.0
2024-03-15,48.26,48.43,47.4,47.43,57048600,0.0,0.0
2024-03-14,48.73,48.8,48.08,48.26,17239400,0.0,0.0
2024-03-13,48.49,48.61,48.3,48.57,16669900,0.0,0.0
2024-03-12,48.99,49.0,48.36,48.53,17590400,0.0,0.0
2024-03-11,48.19,48.76,48.06,48.68,17715100,0.0,0.0
2024-03-08,47.37,48.25,47.35,47.98,19306400,0.0,0.0
2024-03-07,47.92,47.96,47.33,47.4,21224700,0.0,0.0
2024-03-06,47.48,47.89,47.47,47.66,20903600,0.0,0.0
2024-03-05,47.53,47.56,47.08,47.45,18101300,0.0,0.0
2024-03-04,46.89,47.95,46.75,47.62,25214500,0.0,0.0
2024-03-01,46.63,46.93,46.2,46.91,18499900,0.0,0.0
2024-02-29,46.71,46.99,46.65,46.89,22962500,0.0,0.0
2024-02-28,46.72,46.99,46.54,46.58,14635100,0.0,0.0
2024-02-27,46.67,46.96,46.55,46.83,12515400,0.0,0.0
2024-02-26,47.35,47.4,46.88,46.91,13018700,0.0,0.0
2024-02-23,47.13,47.63,47.01,47.36,13141900,0.0,0.0
2024-02-22,46.79,47.21,46.67,47.08,22020300,0.0,0.0
2024-02-21,46.96,47.03,46.43,46.99,15999200,0.0,0.0
2024-02-20,46.5,46.98,46.38,46.8,26402500,0.0,0.0
2024-02-16,47.25,47.57,46.9,46.95,24909400,0.0,0.0
2024-02-15,46.78,48.16,46.71,47.55,42766500,0.0,0.0
2024-02-14,48.05,48.79,48.03,48.74,31176400,0.0,0.0
2024-02-13,48.1,48.41,47.63,48.12,23633700,0.0,0.0
2024-02-12,48.49,48.66,48.01,48.46,19046300,0.0,0.0
2024-02-09,48.4,48.72,48.11,48.59,24076900,0.0,0.0
2024-02-08,48.37,48.46,48.03,48.42,19599000,0.0,0.0
2024-02-07,48.76,48.8,47.94,48.24,16794400,0.0,0.0
2024-02-06,48.77,49.06,48.26,48.45,19265800,0.0,0.0
2024-02-05,48.41,48.61,47.75,47.99,19602000,0.0,0.0
2024-02-02,48.6,48.83,48.1,48.64,20530400,0.0,0.0
2024-02-01,48.69,48.91,48.29,48.64,20635700,0.0,0.0
2024-01-31,50.26,50.35,48.53,48.64,29311800,0.0,0.0
2024-01-30,50.69,50.81,50.4,50.64,14322100,0.0,0.0
2024-01-29,50.25,50.78,50.24,50.69,13492400,0.0,0.0
2024-01-26,50.81,51.01,50.39,50.54,13160300,0.0,0.0
2024-01-25,50.16,50.95,50.16,50.72,18936600,0.0,0.0
2024-01-24,50.4,50.4,49.64,49.74,19458500,0.0,0.0
2024-01-23,49.81,50.23,49.73,50.17,15044300,0.0,0.0
2024-01-22,49.97,50.19,49.83,49.99,20298700,0.0,0.0
2024-01-19,49.19,49.81,49.17,49.7,22860900,0.0,0.0
2024-01-18,48.76,49.24,48.74,49.19,18487500,0.0,0.0
2024-01-17,48.7,48.88,48.38,48.76,17370600,0.0,0.0
2024-01-16,48.71,49.04,48.53,49.04,17015900,0.0,0.0
2024-01-12,48.95,49.26,48.76,48.79,18785400,0.0,0.0
2024-01-11,48.9,48.95,48.5,48.89,16458300,0.0,0.0
2024-01-10,48.47,48.78,48.29,48.7,15174200,0.0,0.0
2024-01-09,48.43,48.5,47.91,48.38,20489200,0.0,0.0
2024-01-08,48.22,48.95,48.16,48.91,18070300,0.0,0.0
2024-01-05,48.64,48.82,48.34,48.55,13988500,0.0,0.0
2024-01-04,48.89,48.96,48.46,48.54,18134100,0.0,0.0
2024-01-03,48.63,49.12,48.41,48.96,20303900,0.39,0.0
2024-01-02,48.56,48.92,48.33,48.58,20242900,0.0,0.0
2023-12-29,48.52,48.66,48.3,48.59,12491200,0.0,0.0
2023-12-28,48.65,48.7,48.5,48.55,8549900,0.0,0.0
2023-12-27,48.38,48.63,48.36,48.51,10414300,0.0,0.0
2023-12-26,48.2,48.48,48.14,48.36,9721200,0.0,0.0
2023-12-22,47.94,48.47,47.94,48.18,12900700,0.0,0.0
2023-12-21,48.02,48.07,47.49,47.8,18772300,0.0,0.0
2023-12-20,48.21,48.41,47.89,47.9,17812200,0.0,0.0
2023-12-19,48.45,48.53,47.94,48.26,17035800,0.0,0.0
2023-12-18,48.01,48.38,47.51,48.32,20453100,0.0,0.0
2023-12-15,47.6,48.02,47.54,47.97,58859300,0.0,0.0
2023-12-14,48.09,48.1,47.29,47.55,28418700,0.0,0.0
2023-12-13,47.36,47.8,46.95,47.79,18689200,0.0,0.0
2023-12-12,47.69,47.7,47.23,47.45,18712200,0.0,0.0
2023-12-11,47.07,47.55,46.98,47.5,25618900,0.0,0.0
2023-12-08,46.44,46.73,46.37,46.53,16038900,0.0,0.0
2023-12-07,46.08,46.51,45.97,46.42,20478500,0.0,0.0
2023-12-06,46.23,46.37,45.83,45.88,19535500,0.0,0.0
2023-12-05,45.93,46.13,45.77,46.1,20985000,0.0,0.0
2023-12-04,46.22,46.34,45.96,46.22,17812900,0.0,0.0
2023-12-01,46.44,46.92,46.19,46.62,18740800,0.0,0.0
2023-11-30,46.35,46.65,46.11,46.53,37165000,0.0,0.0
2023-11-29,46.27,46.59,46.2,46.22,16700500,0.0,0.0
2023-11-28,46.12,46.35,45.98,46.02,16360900,0.0,0.0
2023-11-27,46.48,46.52,46.08,46.1,17651600,0.0,0.0
2023-11-24,46.25,46.55,46.22,46.51,8209500,0.0,0.0
2023-11-22,46.24,46.5,46.12,46.24,17308400,0.0,0.0
2023-11-21,46.43,46.5,45.84,45.97,21510500,0.0,0.0
2023-11-20,45.74,46.52,45.73,46.43,27421000,0.0,0.0
2023-11-17,46.22,46.51,45.91,45.94,32593700,0.0,0.0
2023-11-16,45.6,46.22,44.44,46.21,79057800,0.0,0.0
2023-11-15,51.24,51.39,51.02,51.25,32188200,0.0,0.0
2023-11-14,50.47,51.33,50.47,51.14,18331000,0.0,0.0
2023-11-13,50.48,50.63,50.1,50.24,14931600,0.0,0.0
2023-11-10,50.26,50.62,49.95,50.58,17369000,0.0,0.0
2023-11-09,50.13,50.56,49.77,50.01,21039400,0.0,0.0
2023-11-08,51.35,51.46,50.76,50.98,13633800,0.0,0.0
2023-11-07,51.3,51.4,50.95,51.1,15153100,0.0,0.0
2023-11-06,50.95,51.27,50.86,51.26,15429600,0.0,0.0
2023-11-03,51.23,51.41,50.62,50.99,17644900,0.0,0.0
2023-11-02,50.32,50.78,50.19,50.74,17459700,0.0,0.0
2023-11-01,50.05,50.28,49.82,50.2,14300700,0.0,0.0
2023-10-31,49.77,50.18,49.71,50.14,13509300,0.0,0.0
2023-10-30,49.39,49.67,49.14,49.6,13322400,0.0,0.0
2023-10-27,49.67,50.16,49.44,49.59,13333900,0.0,0.0
2023-10-26,49.89,50.14,49.35,49.41,17594500,0.0,0.0
2023-10-25,51.08,51.33,50.33,50.4,14384700,0.0,0.0
2023-10-24,50.26,51.02,50.07,50.99,14824200,0.0,0.0
2023-10-23,50.8,50.83,50.17,50.21,17760000,0.0,0.0
2023-10-20,51.35,51.54,50.78,50.91,23887400,0.0,0.0
2023-10-19,51.71,51.87,51.17,51.28,16325600,0.0,0.0
2023-10-18,51.74,52.12,51.55,51.72,13087300,0.0,0.0
2023-10-17,51.74,51.92,51.14,51.88,17105900,0.0,0.0
2023-10-16,52.01,52.51,51.98,52.09,11736600,0.0,0.0
2023-10-13,51.82,52.05,51.4,51.72,14413800,0.0,0.0
2023-10-12,51.96,52.15,51.47,51.79,11846100,0.0,0.0
2023-10-11,51.87,52.06,51.31,51.61,12658000,0.0,0.0
2023-10-10,51.9,52.03,51.6,51.81,13105600,0.0,0.0
2023-10-09,51.31,51.9,51.22,51.86,10163600,0.0,0.0
2023-10-06,50.97,51.7,50.73,51.41,15665500,0.0,0.0
2023-10-05,51.36,51.43,50.57,51.04,14929400,0.0,0.0
2023-10-04,51.61,51.79,51.19,51.41,17009000,0.0,0.0
2023-10-03,51.8,51.83,51.31,51.6,15700600,0.39,0.0
2023-10-02,51.41,51.95,51.38,51.94,13934000,0.0,0.0
2023-09-29,51.72,51.76,51.09,51.34,13951200,0.0,0.0
2023-09-28,50.96,51.75,50.95,51.45,17204400,0.0,0.0
2023-09-27,50.51,50.96,50.16,50.8,15845500,0.0,0.0
2023-09-26,50.78,50.9,50.21,50.33,15618400,0.0,0.0
2023-09-25,51.05,51.26,50.76,51.07,14224400,0.0,0.0
2023-09-22,50.99,51.4,50.8,51.16,17869500,0.0,0.0
2023-09-21,51.0,51.66,50.47,50.94,37436100,0.0,0.0
2023-09-20,53.43,53.52,52.94,53.0,12219900,0.0,0.0
2023-09-19,53.65,53.68,52.96,53.32,10748500,0.0,0.0
2023-09-18,53.49,53.74,53.31,53.58,11825000,0.0,0.0
2023-09-15,53.77,53.85,53.04,53.51,43939000,0.0,0.0
2023-09-14,53.88,53.93,53.55,53.83,15760300,0.0,0.0
2023-09-13,53.78,53.98,53.55,53.74,13092200,0.0,0.0
2023-09-12,54.1,54.3,53.8,53.85,13916100,0.0,0.0
2023-09-11,54.16,54.4,53.9,54.28,15842300,0.0,0.0
2023-09-08,54.2,54.5,54.01,54.12,13992000,0.0,0.0
2023-09-07,54.4,54.52,54.11,54.23,14762000,0.0,0.0
2023-09-06,54.53,54.88,54.5,54.58,11380400,0.0,0.0
2023-09-05,55.21,55.21,54.65,54.68,13885000,0.0,0.0
2023-09-01,54.8,55.57,54.8,55.23,14078200,0.0,0.0
2023-08-31,54.53,54.94,54.33,54.77,22619700,0.0,0.0
2023-08-30,54.08,54.35,53.99,54.25,12145400,0.0,0.0
2023-08-29,53.81,54.24,53.58,54.01,17859100,0.0,0.0
2023-08-28,53.37,53.74,53.17,53.67,15189900,0.0,0.0
2023-08-25,52.76,53.35,52.76,53.19,15731800,0.0,0.0
2023-08-24,53.78,53.93,52.72,52.75,17586400,0.0,0.0
2023-08-23,53.1,53.67,52.9,53.46,18250000,0.0,0.0
2023-08-22,52.98,53.3,52.79,52.96,15666000,0.0,0.0
2023-08-21,52.71,53.28,52.66,52.94,18283200,0.0,0.0
2023-08-18,52.17,52.96,52.16,52.56,28833600,0.0,0.0
2023-08-17,51.99,53.32,51.92,52.26,45278000,0.0,0.0
2023-08-16,50.79,51.11,50.49,50.57,26470200,0.0,0.0
2023-08-15,51.2,51.31,50.78,50.95,20173400,0.0,0.0
2023-08-14,51.38,51.69,51.3,51.45,20707300,0.0,0.0
2023-08-11,50.95,51.52,50.79,51.37,14342200,0.0,0.0
2023-08-10,51.0,51.7,50.77,50.96,16329500,0.0,0.0
2023-08-09,50.52,51.04,50.29,50.6,18765500,0.0,0.0
2023-08-08,50.29,50.74,50.0,50.67,12224800,0.0,0.0
2023-08-07,50.58,50.68,50.31,50.62,11327900,0.0,0.0
2023-08-04,50.5,50.92,50.17,50.26,12266700,0.0,0.0
2023-08-03,50.12,50.87,49.89,50.75,15186400,0.0,0.0
2023-08-02,50.02,50.72,49.96,50.21,17693700,0.0,0.0
2023-08-01,50.2,50.4,49.95,50.29,15286200,0.0,0.0
2023-07-31,49.5,49.83,49.41,49.69,14193500,0.0,0.0
2023-07-28,49.71,50.06,49.44,49.74,27491300,0.0,0.0
2023-07-27,51.18,51.46,50.48,50.61,15795500,0.0,0.0
2023-07-26,51.13,51.23,50.57,50.82,13563700,0.0,0.0
2023-07-25,50.79,51.34,50.72,51.18,16136600,0.0,0.0
2023-07-24,50.32,50.91,50.3,50.72,18390200,0.0,0.0
2023-07-21,50.37,50.61,50.16,50.26,51284200,0.0,0.0
2023-07-20,49.71,50.49,49.58,50.01,22784400,0.0,0.0
2023-07-19,49.86,50.08,49.37,50.07,21745000,0.0,0.0
2023-07-18,48.68,49.05,48.56,48.93,16434200,0.0,0.0
2023-07-17,47.94,48.65,47.88,48.52,16140700,0.0,0.0
2023-07-14,48.15,48.67,47.8,48.11,19564800,0.0,0.0
2023-07-13,48.41,49.29,48.37,49.21,17864800,0.0,0.0
2023-07-12,49.24,49.59,48.25,48.45,26332500,0.0,0.0
2023-07-11,49.25,49.8,49.22,49.77,15002700,0.0,0.0
2023-07-10,48.77,49.18,48.72,49.08,19046500,0.0,0.0
2023-07-07,48.7,49.32,48.45,48.69,15579600,0.0,0.0
2023-07-06,48.77,48.88,48.37,48.81,13931100,0.0,0.0
2023-07-05,48.67,49.25,48.63,49.19,14950500,0.39,0.0
2023-07-03,48.68,49.12,48.65,49.11,7338300,0.0,0.0
2023-06-30,49.17,49.53,48.83,49.04,18186300,0.0,0.0
2023-06-29,48.2,48.59,48.16,48.53,14246000,0.0,0.0
2023-06-28,48.13,48.35,47.8,48.21,11387600,0.0,0.0
2023-06-27,47.68,48.37,47.62,48.2,12981000,0.0,0.0
2023-06-26,47.68,48.15,47.56,47.59,13032100,0.0,0.0
2023-06-23,47.99,48.07,47.47,47.7,16540300,0.0,0.0
2023-06-22,48.0,48.47,47.79,48.45,14993800,0.0,0.0
2023-06-21,48.69,48.71,48.16,48.19,16939600,0.0,0.0
2023-06-20,49.23,49.36,48.78,48.86,20138000,0.0,0.0
2023-06-16,49.47,49.67,49.22,49.35,37133300,0.0,0.0
2023-06-15,48.25,49.35,48.17,49.22,22496900,0.0,0.0
2023-06-14,48.15,48.54,47.98,48.3,16630700,0.0,0.0
2023-06-13,48.04,48.28,47.81,48.15,24035500,0.0,0.0
2023-06-12,47.31,47.87,47.07,47.84,15495000,0.0,0.0
2023-06-09,46.94,47.36,46.79,47.06,12173400,0.0,0.0
2023-06-08,47.31,47.39,46.98,47.08,13289100,0.0,0.0
2023-06-07,47.1,47.52,47.06,47.18,15950600,0.0,0.0
2023-06-06,47.19,47.3,46.57,47.21,16029600,0.0,0.0
2023-06-05,47.6,47.94,47.42,47.59,13964100,0.0,0.0
2023-06-02,47.26,47.62,47.13,47.41,19153700,0.0,0.0
2023-06-01,47.16,47.47,46.69,47.14,17817000,0.0,0.0
2023-05-31,47.3,47.42,47.02,47.07,51990300,0.0,0.0
2023-05-30,47.38,47.85,47.14,47.55,19074800,0.0,0.0
2023-05-26,46.54,47.47,46.54,47.25,19825600,0.0,0.0
2023-05-25,45.27,46.66,45.23,46.47,21717000,0.0,0.0
2023-05-24,46.39,46.44,45.65,45.88,15452900,0.0,0.0
2023-05-23,46.07,46.77,46.06,46.35,17645900,0.0,0.0
2023-05-22,46.54,46.66,46.22,46.27,18667500,0.0,0.0
2023-05-19,45.9,46.76,45.87,46.56,28561700,0.0,0.0
2023-05-18,43.37,45.73,43.31,45.68,41475700,0.0,0.0
2023-05-17,44.69,45.26,44.55,45.14,29326000,0.0,0.0
2023-05-16,44.77,44.86,44.35,44.47,16496300,0.0,0.0
2023-05-15,44.35,44.79,44.13,44.64,13204400,0.0,0.0
2023-05-12,43.86,44.36,43.86,44.27,14094800,0.0,0.0
2023-05-11,44.38,44.4,43.79,43.95,12521900,0.0,0.0
2023-05-10,44.26,44.48,43.74,44.27,15625100,0.0,0.0
2023-05-09,43.58,44.09,43.52,44.04,15221900,0.0,0.0
2023-05-08,44.01,44.09,43.68,43.92,12000000,0.0,0.0
2023-05-05,43.71,43.94,43.52,43.83,14315100,0.0,0.0
2023-05-04,43.38,43.53,43.18,43.31,17748900,0.0,0.0
2023-05-03,43.99,44.12,43.46,43.56,20765700,0.0,0.0
2023-05-02,44.46,44.62,43.65,43.94,20175100,0.0,0.0
2023-05-01,44.73,45.04,44.67,44.87,13122300,0.0,0.0
2023-04-28,44.25,44.79,44.17,44.78,19662000,0.0,0.0
2023-04-27,44.33,44.35,43.57,44.13,22845400,0.0,0.0
2023-04-26,44.32,44.4,44.0,44.11,22390500,0.0,0.0
2023-04-25,44.89,44.95,44.36,44.63,20281600,0.0,0.0
2023-04-24,44.59,44.97,44.54,44.91,17359900,0.0,0.0
2023-04-21,44.14,44.66,43.82,44.57,20861000,0.0,0.0
2023-04-20,45.12,45.16,43.94,44.15,39769400,0.0,0.0
2023-04-19,46.66,46.69,45.48,45.53,30466700,0.0,0.0
2023-04-18,47.75,48.04,47.45,47.68,15203600,0.0,0.0
2023-04-17,47.92,48.03,47.43,47.65,12042300,0.0,0.0
2023-04-14,47.88,48.19,47.58,47.9,12360100,0.0,0.0
2023-04-13,47.59,48.17,47.47,48.15,15451700,0.0,0.0
2023-04-12,48.16,48.29,47.43,47.49,16100700,0.0,0.0
2023-04-11,48.45,48.62,47.88,47.97,15957900,0.0,0.0
2023-04-10,48.44,48.71,48.22,48.65,10177700,0.0,0.0
2023-04-06,48.26,48.87,48.08,48.59,14749000,0.0,0.0
2023-04-05,49.35,49.56,48.98,49.11,13797900,0.0,0.0
2023-04-04,49.31,49.4,48.74,49.11,13599900,0.39,0.0
2023-04-03,48.97,49.44,48.91,49.21,16884600,0.0,0.0
2023-03-31,48.39,49.24,48.34,49.18,20588800,0.0,0.0
2023-03-30,48.52,48.61,48.1,48.38,11754600,0.0,0.0
2023-03-29,47.72,48.23,47.64,48.13,18463400,0.0,0.0
2023-03-28,47.33,47.6,47.29,47.4,11124300,0.0,0.0
2023-03-27,47.69,47.93,47.49,47.54,15857200,0.0,0.0
2023-03-24,46.94,47.55,46.56,47.51,19438800,0.0,0.0
2023-03-23,46.62,47.27,46.48,46.78,17775400,0.0,0.0
2023-03-22,47.73,47.74,46.49,46.53,21399400,0.0,0.0
2023-03-21,48.17,48.28,47.34,47.66,23334000,0.0,0.0
2023-03-20,47.24,48.01,47.04,47.92,22699700,0.0,0.0
2023-03-17,47.28,47.55,46.79,47.21,47642700,0.0,0.0
2023-03-16,45.79,47.31,45.63,47.15,21425100,0.0,0.0
2023-03-15,45.5,46.2,45.5,46.15,17354900,0.0,0.0
2023-03-14,45.79,46.34,45.63,46.14,17679600,0.0,0.0
2023-03-13,45.65,45.98,45.26,45.54,20280800,0.0,0.0
2023-03-10,45.99,46.25,45.43,45.68,16338200,0.0,0.0
2023-03-09,46.37,46.74,45.82,45.91,12497700,0.0,0.0
2023-03-08,46.11,46.35,45.85,46.2,12055500,0.0,0.0
2023-03-07,46.63,46.81,45.74,46.01,17506600,0.0,0.0
2023-03-06,46.53,46.85,46.32,46.49,13878400,0.0,0.0
2023-03-03,46.08,46.43,45.92,46.36,15969900,0.0,0.0
2023-03-02,45.45,45.74,45.26,45.65,18281800,0.0,0.0
2023-03-01,45.57,45.71,45.17,45.47,13449300,0.0,0.0
2023-02-28,45.91,46.03,45.51,45.55,16622400,0.0,0.0
2023-02-27,46.05,46.41,45.67,45.84,14776400,0.0,0.0
2023-02-24,45.91,46.0,45.31,45.6,17251600,0.0,0.0
2023-02-23,46.6,46.73,45.67,46.29,14066200,0.0,0.0
2023-02-22,46.89,46.89,45.99,46.38,20301900,0.0,0.0
2023-02-21,47.7,47.75,46.68,46.74,25100500,0.0,0.0
2023-02-17,48.28,48.39,47.6,47.76,25321400,0.0,0.0
2023-02-16,47.02,48.67,46.85,47.96,48125300,0.0,0.0
2023-02-15,44.68,45.64,44.52,45.58,27071200,0.0,0.0
2023-02-14,44.94,45.15,44.38,44.87,19134400,0.0,0.0
2023-02-13,44.63,45.14,44.58,45.02,19422100,0.0,0.0
2023-02-10,43.93,44.51,43.87,44.46,17397300,0.0,0.0
2023-02-09,44.43,44.6,43.67,43.96,18598400,0.0,0.0
2023-02-08,44.57,44.72,43.99,44.17,18905500,0.0,0.0
2023-02-07,44.44,45.29,44.18,45.0,16675200,0.0,0.0
2023-02-06,45.22,45.42,44.7,44.75,13991600,0.0,0.0
2023-02-03,46.37,46.37,45.63,45.74,17980000,0.0,0.0
2023-02-02,45.65,46.62,45.49,46.39,17883800,0.0,0.0
2023-02-01,45.52,46.0,44.69,45.69,19639400,0.0,0.0
2023-01-31,45.26,45.8,45.2,45.78,16821600,0.0,0.0
2023-01-30,45.28,45.62,45.26,45.36,19261900,0.0,0.0
2023-01-27,45.25,45.84,45.12,45.63,13414800,0.0,0.0
2023-01-26,45.29,45.59,44.99,45.47,12952700,0.0,0.0
2023-01-25,45.13,45.23,44.43,45.13,14638700,0.0,0.0
2023-01-24,44.67,45.17,44.27,44.97,14872700,0.0,0.0
2023-01-23,44.12,45.03,44.03,44.68,15180500,0.0,0.0
2023-01-20,43.33,44.05,42.96,44.0,21847200,0.0,0.0
2023-01-19,44.16,44.26,43.64,43.7,19118600,0.0,0.0
2023-01-18,45.33,45.41,44.11,44.12,19882200,0.0,0.0
2023-01-17,46.02,46.04,45.1,45.23,19290800,0.0,0.0
2023-01-13,45.68,46.11,45.55,45.98,12649300,0.0,0.0
2023-01-12,46.29,46.5,45.95,46.09,14241700,0.0,0.0
2023-01-11,45.93,46.31,45.81,46.29,12530900,0.0,0.0
2023-01-10,45.9,46.29,45.71,45.91,12474400,0.0,0.0
2023-01-09,45.4,46.29,45.36,45.7,13938000,0.0,0.0
2023-01-06,44.64,45.71,44.47,45.45,20823000,0.0,0.0
2023-01-05,44.67,44.67,43.99,44.1,17372100,0.0,0.0
2023-01-04,45.42,45.6,44.37,44.73,18339800,0.38,0.0
2023-01-03,44.66,44.84,44.15,44.74,17718900,0.0,0.0
2022-12-30,44.11,44.49,43.81,44.46,13199800,0.0,0.0
2022-12-29,44.1,44.55,44.1,44.33,11396500,0.0,0.0
2022-12-28,44.5,44.58,43.84,43.93,9847400,0.0,0.0
2022-12-27,44.49,44.52,44.07,44.36,12066200,0.0,0.0
2022-12-23,44.09,44.32,43.87,44.31,9554400,0.0,0.0
2022-12-22,44.32,44.32,43.57,44.16,23118500,0.0,0.0
2022-12-21,44.5,44.76,44.25,44.48,15599400,0.0,0.0
2022-12-20,44.24,44.38,43.66,44.21,15086200,0.0,0.0
2022-12-19,44.48,44.76,43.99,44.23,17986300,0.0,0.0
2022-12-16,44.24,44.79,43.94,44.62,66125400,0.0,0.0
2022-12-15,45.69,45.77,44.55,44.93,19372500,0.0,0.0
2022-12-14,46.42,46.72,45.56,46.01,19050400,0.0,0.0
2022-12-13,46.97,47.32,45.94,46.32,22705900,0.0,0.0
2022-12-12,45.54,46.03,45.14,46.01,15425300,0.0,0.0
2022-12-09,45.82,45.89,45.2,45.22,14303200,0.0,0.0
2022-12-08,45.41,45.91,45.37,45.72,16015800,0.0,0.0
2022-12-07,45.17,45.31,44.85,44.96,15171700,0.0,0.0
2022-12-06,46.14,46.14,45.04,45.34,15443800,0.0,0.0
2022-12-05,46.24,46.32,45.89,46.04,13795900,0.0,0.0
2022-12-02,45.94,46.51,45.65,46.38,12325100,0.0,0.0
2022-12-01,46.55,47.09,46.37,46.63,18559500,0.0,0.0
2022-11-30,44.95,46.5,44.76,46.4,29919700,0.0,0.0
2022-11-29,45.03,45.18,44.64,45.06,13779300,0.0,0.0
2022-11-28,45.06,45.23,44.72,44.87,14976600,0.0,0.0
2022-11-25,45.49,45.77,45.12,45.17,8492600,0.0,0.0
2022-11-23,45.17,45.72,45.09,45.33,12065600,0.0,0.0
2022-11-22,44.79,45.19,44.57,45.15,16367800,0.0,0.0
2022-11-21,44.43,45.06,44.38,44.44,17049500,0.0,0.0
2022-11-18,43.78,44.83,43.73,44.6,30843200,0.0,0.0
2022-11-17,43.1,43.72,42.14,43.48,38887800,0.0,0.0
2022-11-16,41.94,41.98,41.34,41.42,24939600,0.0,0.0
2022-11-15,42.03,42.22,41.48,41.9,19318000,0.0,0.0
2022-11-14,41.84,42.4,41.7,41.75,21091300,0.0,0.0
2022-11-11,42.16,42.29,40.99,41.8,25961800,0.0,0.0
2022-11-10,42.65,42.75,41.67,42.61,27190100,0.0,0.0
2022-11-09,41.54,41.73,40.96,40.98,19311700,0.0,0.0
2022-11-08,41.7,42.32,41.23,41.63,17503100,0.0,0.0
2022-11-07,41.84,41.98,41.44,41.57,21383000,0.0,0.0
2022-11-04,41.53,42.07,40.9,41.55,19648700,0.0,0.0
2022-11-03,41.09,41.2,40.49,40.92,17895600,0.0,0.0
2022-11-02,42.43,43.12,41.57,41.59,15308800,0.0,0.0
2022-11-01,42.54,42.73,42.05,42.42,12088700,0.0,0.0
2022-10-31,42.28,42.59,42.05,42.4,17793700,0.0,0.0
2022-10-28,41.7,42.66,41.67,42.59,17978300,0.0,0.0
2022-10-27,41.78,42.08,41.4,41.45,18102500,0.0,0.0
2022-10-26,41.93,42.21,41.32,41.42,20051000,0.0,0.0
2022-10-25,40.44,41.43,40.31,41.4,19165200,0.0,0.0
2022-10-24,40.24,40.81,40.03,40.63,18785300,0.0,0.0
2022-10-21,39.05,40.1,39.02,39.94,25035000,0.0,0.0
2022-10-20,38.78,39.77,38.69,38.92,16830500,0.0,0.0
2022-10-19,38.85,39.42,38.7,39.08,19071700,0.0,0.0
2022-10-18,39.12,39.4,38.5,39.0,18223300,0.0,0.0
2022-10-17,38.3,38.76,38.21,38.54,27845200,0.0,0.0
2022-10-14,38.11,38.22,37.25,37.51,19571000,0.0,0.0
2022-10-13,36.42,38.07,36.02,37.9,26328300,0.0,0.0
2022-10-12,37.05,37.2,36.63,36.65,17279900,0.0,0.0
2022-10-11,37.15,37.43,36.65,36.94,19386400,0.0,0.0
2022-10-10,37.92,38.08,36.95,37.22,16628400,0.0,0.0
2022-10-07,38.49,38.49,37.4,37.58,19055400,0.0,0.0
2022-10-06,38.87,39.28,38.61,38.75,18198800,0.0,0.0
2022-10-05,38.81,39.43,38.63,39.18,14289700,0.0,0.0
2022-10-04,38.78,39.23,38.62,39.03,22889400,0.38,0.0
2022-10-03,37.6,38.4,37.42,38.18,22203600,0.0,0.0
2022-09-30,37.59,37.95,36.95,36.98,27989900,0.0,0.0
2022-09-29,37.95,38.0,37.12,37.51,19496400,0.0,0.0
2022-09-28,37.77,38.44,37.53,38.22,23217700,0.0,0.0
2022-09-27,38.04,38.33,37.2,37.46,15027900,0.0,0.0
2022-09-26,37.59,38.08,37.33,37.52,22694800,0.0,0.0
2022-09-23,38.14,38.14,37.09,37.59,19067700,0.0,0.0
2022-09-22,38.22,38.42,38.04,38.05,16691000,0.0,0.0
2022-09-21,39.13,39.64,38.44,38.45,21415900,0.0,0.0
2022-09-20,39.77,39.78,39.07,39.37,16813900,0.0,0.0
2022-09-19,39.67,40.16,39.54,40.04,13667500,0.0,0.0
2022-09-16,39.86,40.29,39.56,40.04,32696100,0.0,0.0
2022-09-15,40.51,40.56,39.84,40.03,18148600,0.0,0.0
2022-09-14,40.72,40.93,40.28,40.65,27551500,0.0,0.0
2022-09-13,42.27,42.45,40.7,40.78,23028600,0.0,0.0
2022-09-12,42.63,43.21,42.5,42.9,17923000,0.0,0.0
2022-09-09,42.22,42.43,41.98,42.32,15499300,0.0,0.0
2022-09-08,41.39,42.04,41.26,41.95,14231500,0.0,0.0
2022-09-07,41.38,41.76,41.01,41.63,18297400,0.0,0.0
2022-09-06,41.29,41.41,40.66,41.12,14366100,0.0,0.0
2022-09-02,42.26,42.46,40.94,41.23,14720900,0.0,0.0
2022-09-01,41.21,41.92,41.05,41.88,16236400,0.0,0.0
2022-08-31,42.33,42.38,41.23,41.35,23006100,0.0,0.0
2022-08-30,42.3,42.41,41.57,41.83,14279100,0.0,0.0
2022-08-29,42.27,42.53,42.06,42.26,13425700,0.0,0.0
2022-08-26,43.53,43.71,42.42,42.43,20309800,0.0,0.0
2022-08-25,43.69,43.85,43.31,43.71,23039300,0.0,0.0
2022-08-24,43.54,43.84,43.34,43.52,14946500,0.0,0.0
2022-08-23,44.0,44.42,43.82,43.84,13764600,0.0,0.0
2022-08-22,44.82,44.84,43.94,44.11,20534100,0.0,0.0
2022-08-19,45.32,45.73,44.88,45.03,23130400,0.0,0.0
2022-08-18,46.05,46.23,45.41,45.65,39999900,0.0,0.0
2022-08-17,42.87,43.55,42.74,43.14,27975600,0.0,0.0
2022-08-16,43.06,43.47,42.94,43.24,21153700,0.0,0.0
2022-08-15,42.89,43.11,42.56,43.08,15456100,0.0,0.0
2022-08-12,42.62,43.1,42.5,43.1,16967600,0.0,0.0
2022-08-11,42.63,42.93,42.32,42.44,15849000,0.0,0.0
2022-08-10,42.26,42.59,42.01,42.55,18935400,0.0,0.0
2022-08-09,41.75,41.77,41.35,41.53,12826200,0.0,0.0
2022-08-08,42.06,42.09,41.48,41.63,15465600,0.0,0.0
2022-08-05,41.52,41.67,41.18,41.62,19533900,0.0,0.0
2022-08-04,42.44,42.47,41.62,41.96,15249300,0.0,0.0
2022-08-03,41.52,42.37,41.41,42.26,14943800,0.0,0.0
2022-08-02,42.09,42.25,41.52,41.53,15005400,0.0,0.0
2022-08-01,41.66,42.01,41.39,41.87,14153400,0.0,0.0
2022-07-29,41.71,42.06,41.45,41.95,23701700,0.0,0.0
2022-07-28,41.5,42.41,41.34,42.18,17576200,0.0,0.0
2022-07-27,40.86,41.41,40.53,41.27,22349000,0.0,0.0
2022-07-26,41.02,41.18,40.45,40.53,19513000,0.0,0.0
2022-07-25,41.29,41.29,40.78,41.0,12954700,0.0,0.0
2022-07-22,41.4,41.53,40.91,41.11,14854600,0.0,0.0
2022-07-21,40.95,41.32,40.75,41.22,15364600,0.0,0.0
2022-07-20,40.76,40.98,40.37,40.8,15599200,0.0,0.0
2022-07-19,39.59,40.77,39.43,40.71,22861400,0.0,0.0
2022-07-18,40.04,40.05,39.21,39.39,16743800,0.0,0.0
2022-07-15,39.3,39.88,39.3,39.82,19897800,0.0,0.0
2022-07-14,38.64,39.27,38.23,39.14,17336200,0.0,0.0
2022-07-13,38.69,39.8,38.65,39.48,16854200,0.0,0.0
2022-07-12,40.29,40.53,39.44,39.63,17385300,0.0,0.0
2022-07-11,40.07,40.39,39.82,39.99,15245200,0.0,0.0
2022-07-08,39.79,40.32,39.7,40.12,11817000,0.0,0.0
2022-07-07,39.65,40.09,39.56,39.96,22316700,0.0,0.0
2022-07-06,38.94,39.69,38.84,39.47,17250400,0.0,0.0
2022-07-05,38.39,38.81,37.74,38.8,24442600,0.38,0.0
2022-07-01,38.96,39.13,38.09,39.04,24338500,0.0,0.0
2022-06-30,38.83,39.53,38.66,39.07,24947900,0.0,0.0
2022-06-29,39.53,39.64,39.12,39.29,13450800,0.0,0.0
2022-06-28,40.24,40.75,39.39,39.46,20091300,0.0,0.0
2022-06-27,40.59,40.59,39.98,40.11,22755300,0.0,0.0
2022-06-24,39.81,40.52,39.62,40.41,30543800,0.0,0.0
2022-06-23,39.78,39.82,39.15,39.34,33801700,0.0,0.0
2022-06-22,39.83,40.43,39.56,39.93,19942300,0.0,0.0
2022-06-21,40.15,40.58,40.04,40.45,23277900,0.0,0.0
2022-06-17,39.73,40.32,39.62,39.76,59678600,0.0,0.0
2022-06-16,39.23,39.78,39.23,39.7,27049000,0.0,0.0
2022-06-15,39.74,40.71,39.5,40.14,22525100,0.0,0.0
2022-06-14,39.98,40.04,39.01,39.32,22499100,0.0,0.0
2022-06-13,39.46,40.17,39.3,39.62,29050800,0.0,0.0
2022-06-10,40.14,40.31,39.67,39.85,20262400,0.0,0.0
2022-06-09,41.08,41.48,40.54,40.56,18417700,0.0,0.0
2022-06-08,41.65,41.81,41.13,41.16,16263800,0.0,0.0
2022-06-07,41.07,41.83,40.98,41.76,14667200,0.0,0.0
2022-06-06,41.79,42.24,41.36,41.54,12641900,0.0,0.0
2022-06-03,41.74,41.91,41.35,41.47,17947000,0.0,0.0
2022-06-02,41.4,41.97,41.14,41.96,20546800,0.0,0.0
2022-06-01,41.74,41.97,41.03,41.45,20666000,0.0,0.0
2022-05-31,41.48,41.8,41.0,41.28,64821200,0.0,0.0
2022-05-27,41.35,41.82,41.19,41.8,23882100,0.0,0.0
2022-05-26,40.37,41.72,40.37,41.23,28294700,0.0,0.0
2022-05-25,40.09,40.7,39.58,40.32,25504600,0.0,0.0
2022-05-24,39.77,40.37,38.95,40.11,30053900,0.0,0.0
2022-05-23,39.71,40.15,39.35,39.72,27366600,0.0,0.0
2022-05-20,38.36,39.4,38.05,39.35,46148700,0.0,0.0
2022-05-19,39.46,40.26,37.59,38.23,97674600,0.0,0.0
2022-05-18,46.25,46.25,44.18,44.32,40672700,0.0,0.0
2022-05-17,45.53,46.48,45.37,46.37,18780600,0.0,0.0
2022-05-16,45.51,45.51,44.79,44.9,20254500,0.0,0.0
2022-05-13,44.64,45.48,44.47,45.42,18954500,0.0,0.0
2022-05-12,44.56,44.7,43.5,44.25,25951000,0.0,0.0
2022-05-11,44.98,45.49,44.52,44.58,23872100,0.0,0.0
2022-05-10,45.55,46.04,45.04,45.41,21741100,0.0,0.0
2022-05-09,44.9,45.29,44.6,44.87,22421200,0.0,0.0
2022-05-06,45.04,45.67,44.76,45.2,21743900,0.0,0.0
2022-05-05,46.87,46.93,45.05,45.46,24846500,0.0,0.0
2022-05-04,45.85,47.34,45.52,47.27,23942300,0.0,0.0
2022-05-03,45.61,46.15,45.39,45.75,15828200,0.0,0.0
2022-05-02,45.21,45.74,44.84,45.69,22499200,0.0,0.0
2022-04-29,46.29,46.41,44.78,44.88,20281400,0.0,0.0
2022-04-28,45.39,46.53,45.09,46.4,20170700,0.0,0.0
2022-04-27,46.65,46.84,45.13,45.19,33668600,0.0,0.0
2022-04-26,47.54,47.6,46.62,46.64,19238300,0.0,0.0
2022-04-25,47.15,47.63,46.31,47.6,18677000,0.0,0.0
2022-04-22,48.49,48.53,47.0,47.07,17693000,0.0,0.0
2022-04-21,48.88,49.33,48.32,48.37,17147300,0.0,0.0
2022-04-20,47.85,49.18,47.79,48.59,19526200,0.0,0.0
2022-04-19,46.74,47.6,46.66,47.5,15490900,0.0,0.0
2022-04-18,46.63,47.25,46.55,46.84,13990700,0.0,0.0
2022-04-14,47.72,48.0,46.85,46.89,18024800,0.0,0.0
2022-04-13,47.51,47.98,47.11,47.79,17004600,0.0,0.0
2022-04-12,47.38,48.52,47.18,47.49,25254200,0.0,0.0
2022-04-11,49.41,49.44,48.38,48.46,20992100,0.0,0.0
2022-04-08,50.25,50.32,49.49,49.74,18148200,0.0,0.0
2022-04-07,49.88,50.26,49.25,50.06,15739000,0.0,0.0
2022-04-06,50.12,50.18,49.34,49.82,19644100,0.0,0.0
2022-04-05,50.58,50.94,50.1,50.33,16063600,0.38,0.0
2022-04-04,50.48,51.08,50.05,50.85,19629200,0.0,0.0
2022-04-01,51.12,51.14,49.96,50.66,17465100,0.0,0.0
2022-03-31,51.0,51.77,50.71,50.75,27587700,0.0,0.0
2022-03-30,50.74,51.82,50.6,51.01,16125400,0.0,0.0
2022-03-29,50.67,51.25,50.09,50.67,20036500,0.0,0.0
2022-03-28,49.88,50.2,49.53,50.19,17164600,0.0,0.0
2022-03-25,49.7,50.22,49.51,50.03,18090600,0.0,0.0
2022-03-24,49.76,49.78,48.86,49.6,20551500,0.0,0.0
2022-03-23,50.88,51.05,49.56,49.58,19742100,0.0,0.0
2022-03-22,51.3,51.62,51.05,51.12,29287900,0.0,0.0
2022-03-21,51.02,51.47,50.53,50.97,29174600,0.0,0.0
2022-03-18,51.0,51.35,50.55,50.94,51807200,0.0,0.0
2022-03-17,50.5,51.24,50.38,51.12,18830500,0.0,0.0
2022-03-16,50.9,50.97,49.69,50.8,21821800,0.0,0.0
2022-03-15,49.53,50.72,49.53,50.6,18829100,0.0,0.0
2022-03-14,49.81,50.42,49.15,49.42,17977500,0.0,0.0
2022-03-11,50.32,51.16,49.69,49.78,20330300,0.0,0.0
2022-03-10,49.51,50.2,49.12,49.79,18550900,0.0,0.0
2022-03-09,50.64,51.2,50.29,50.9,19150900,0.0,0.0
2022-03-08,50.7,50.84,49.21,49.51,23642400,0.0,0.0
2022-03-07,51.25,51.37,50.53,50.6,21350900,0.0,0.0
2022-03-04,50.67,51.79,50.29,51.43,16729000,0.0,0.0
2022-03-03,51.64,51.88,50.82,51.03,16794600,0.0,0.0
2022-03-02,49.85,51.31,49.79,51.11,18660000,0.0,0.0
2022-03-01,50.54,50.83,49.38,49.71,17799600,0.0,0.0
2022-02-28,50.43,50.97,49.83,50.76,23868700,0.0,0.0
2022-02-25,50.04,51.17,49.59,51.0,18963700,0.0,0.0
2022-02-24,49.21,49.9,48.43,49.81,27739300,0.0,0.0
2022-02-23,51.52,51.87,49.48,49.55,22033700,0.0,0.0
2022-02-22,51.82,52.01,50.73,51.24,25188300,0.0,0.0
2022-02-18,50.48,52.51,50.4,52.07,35626200,0.0,0.0
2022-02-17,50.51,51.93,50.42,50.76,32884700,0.0,0.0
2022-02-16,49.27,49.55,48.59,49.38,20388700,0.0,0.0
2022-02-15,48.89,49.42,48.82,49.39,17678000,0.0,0.0
2022-02-14,48.61,48.83,47.96,48.4,21868400,0.0,0.0
2022-02-11,49.94,50.14,48.94,49.06,20132500,0.0,0.0
2022-02-10,50.28,51.0,49.82,49.94,19730600,0.0,0.0
2022-02-09,50.8,51.31,50.5,51.23,19136700,0.0,0.0
2022-02-08,50.11,50.5,49.79,50.37,15219900,0.0,0.0
2022-02-07,50.36,50.54,49.79,50.21,14450200,0.0,0.0
2022-02-04,49.96,50.62,49.5,50.19,19675900,0.0,0.0
2022-02-03,50.85,51.11,50.11,50.24,19260500,0.0,0.0
2022-02-02,50.27,51.26,50.21,51.12,23316700,0.0,0.0
2022-02-01,50.47,50.51,49.82,50.4,22438500,0.0,0.0
2022-01-31,50.45,50.84,49.94,50.67,29925300,0.0,0.0
2022-01-28,49.6,50.66,48.65,50.61,30976600,0.0,0.0
2022-01-27,50.52,51.45,49.51,49.71,25967400,0.0,0.0
2022-01-26,51.07,51.38,49.93,50.36,28632700,0.0,0.0
2022-01-25,51.05,51.6,50.12,51.07,25156400,0.0,0.0
2022-01-24,51.11,51.88,49.94,51.79,34180100,0.0,0.0
2022-01-21,52.85,53.1,51.52,51.59,25914000,0.0,0.0
2022-01-20,53.69,54.01,52.81,52.86,17726500,0.0,0.0
2022-01-19,52.79,54.15,52.59,53.61,24333900,0.0,0.0
2022-01-18,54.59,54.81,54.15,54.36,26545800,0.0,0.0
2022-01-14,55.95,55.97,55.47,55.85,18831900,0.0,0.0
2022-01-13,56.5,56.57,55.71,55.97,14871600,0.0,0.0
2022-01-12,56.79,57.18,56.36,56.54,13405400,0.0,0.0
2022-01-11,56.07,56.82,55.92,56.77,22804200,0.0,0.0
2022-01-10,55.4,56.34,55.08,56.27,24715300,0.0,0.0
2022-01-07,55.4,55.97,55.22,55.64,20152400,0.0,0.0
2022-01-06,54.61,55.64,54.53,55.45,19616600,0.0,0.0
2022-01-05,55.69,56.1,54.84,54.86,30317900,0.0,0.0
2022-01-04,56.83,57.17,55.62,55.75,29682500,0.37,0.0
2022-01-03,56.91,57.32,56.55,57.15,17184300,0.0,0.0
2021-12-31,57.5,57.75,57.29,57.34,10359100,0.0,0.0
2021-12-30,57.95,58.04,57.43,57.57,9076700,0.0,0.0
2021-12-29,57.59,58.17,57.5,57.87,15069900,0.0,0.0
2021-12-28,57.38,57.76,57.21,57.48,12865000,0.0,0.0
2021-12-27,56.47,57.43,56.35,57.38,14779700,0.0,0.0
2021-12-23,55.91,56.91,55.91,56.35,17771400,0.0,0.0
2021-12-22,55.17,55.74,54.85,55.67,17095500,0.0,0.0
2021-12-21,54.69,55.41,54.29,55.22,20761100,0.0,0.0
2021-12-20,53.99,54.66,53.66,54.62,21342100,0.0,0.0
2021-12-17,54.53,55.01,54.1,54.71,62171000,0.0,0.0
2021-12-16,54.33,54.98,54.17,54.57,24599300,0.0,0.0
2021-12-15,52.41,54.32,52.39,54.23,27953900,0.0,0.0
2021-12-14,52.79,52.96,51.91,52.27,19114200,0.0,0.0
2021-12-13,53.48,53.85,52.97,53.03,18496300,0.0,0.0
2021-12-10,52.4,53.69,52.4,53.61,19901500,0.0,0.0
2021-12-09,51.76,52.33,51.51,52.07,16480200,0.0,0.0
2021-12-08,52.55,52.6,51.24,51.59,23631300,0.0,0.0
2021-12-07,51.67,52.68,51.58,52.55,24254800,0.0,0.0
2021-12-06,51.3,51.73,51.1,51.54,23172800,0.0,0.0
2021-12-03,50.94,51.41,50.37,50.88,26235400,0.0,0.0
2021-12-02,49.9,51.22,49.84,50.81,22384700,0.0,0.0
2021-12-01,50.24,51.01,49.7,49.79,24120500,0.0,0.0
2021-11-30,50.29,50.31,49.0,49.62,45141300,0.0,0.0
2021-11-29,49.89,50.84,49.61,50.45,25724500,0.0,0.0
2021-11-26,49.28,49.94,49.28,49.47,16730300,0.0,0.0
2021-11-24,49.9,50.44,49.9,50.25,19328700,0.0,0.0
2021-11-23,49.41,50.29,49.29,50.04,25653100,0.0,0.0
2021-11-22,48.27,50.24,48.23,49.4,39949300,0.0,0.0
2021-11-19,48.45,48.58,47.76,48.18,30030800,0.0,0.0
2021-11-18,47.71,48.8,46.22,48.53,70834000,0.0,0.0
2021-11-17,51.22,51.7,50.91,51.36,31496300,0.0,0.0
2021-11-16,51.79,52.55,51.51,51.57,21136900,0.0,0.0
2021-11-15,51.51,52.21,51.42,51.82,19041800,0.0,0.0
2021-11-12,51.55,51.71,50.95,51.41,16663600,0.0,0.0
2021-11-11,52.09,52.27,51.29,51.36,17440700,0.0,0.0
2021-11-10,52.39,53.05,52.2,52.27,17876300,0.0,0.0
2021-11-09,51.64,52.14,51.48,51.97,14459800,0.0,0.0
2021-11-08,51.67,52.05,51.2,51.57,15045300,0.0,0.0
2021-11-05,51.92,52.3,51.51,51.64,15637700,0.0,0.0
2021-11-04,52.12,52.2,51.18,51.68,18070400,0.0,0.0
2021-11-03,52.1,52.42,51.68,52.16,13219400,0.0,0.0
2021-11-02,51.0,52.36,50.92,52.14,22097900,0.0,0.0
2021-11-01,50.55,50.9,50.22,50.76,14341400,0.0,0.0
2021-10-29,50.96,51.19,50.54,50.64,13550400,0.0,0.0
2021-10-28,50.88,51.29,50.57,50.89,11209200,0.0,0.0
2021-10-27,50.79,51.32,50.61,50.83,16279000,0.0,0.0
2021-10-26,50.27,50.99,50.13,50.5,15250000,0.0,0.0
2021-10-25,49.86,50.15,49.59,49.89,10218900,0.0,0.0
2021-10-22,50.26,50.54,49.71,49.86,15026600,0.0,0.0
2021-10-21,50.71,50.78,50.24,50.39,12619900,0.0,0.0
2021-10-20,50.49,50.88,50.49,50.85,11613600,0.0,0.0
2021-10-19,50.03,50.47,49.79,50.43,13258400,0.0,0.0
2021-10-18,49.8,50.21,49.38,49.94,10989600,0.0,0.0
2021-10-15,50.57,50.57,49.73,49.99,15202200,0.0,0.0
2021-10-14,49.85,50.53,49.75,50.35,14455900,0.0,0.0
2021-10-13,49.15,49.54,48.93,49.42,13737100,0.0,0.0
2021-10-12,49.76,49.82,48.92,49.11,14241900,0.0,0.0
2021-10-11,49.99,50.11,49.67,49.7,8117600,0.0,0.0
2021-10-08,49.95,50.04,49.54,49.84,9255500,0.0,0.0
2021-10-07,49.3,50.14,49.18,49.78,14725500,0.0,0.0
2021-10-06,49.18,49.2,47.94,48.81,26339200,0.0,0.0
2021-10-05,48.98,49.79,48.98,49.48,14135000,0.0,0.0
2021-10-04,49.31,49.48,48.81,49.07,17084100,0.37,0.0
2021-10-01,49.07,49.8,48.57,49.56,18338000,0.0,0.0
2021-09-30,50.15,50.24,48.9,48.92,18538000,0.0,0.0
2021-09-29,49.99,50.31,49.74,49.86,14051700,0.0,0.0
2021-09-28,50.13,50.32,49.8,49.9,17803200,0.0,0.0
2021-09-27,50.74,50.93,50.37,50.53,13859500,0.0,0.0
2021-09-24,50.73,51.06,50.53,50.99,13156400,0.0,0.0
2021-09-23,50.06,51.14,49.97,50.95,16262500,0.0,0.0
2021-09-22,50.11,50.45,49.76,49.9,17940600,0.0,0.0
2021-09-21,50.29,50.66,49.64,49.66,18700600,0.0,0.0
2021-09-20,50.67,50.69,49.69,50.23,21897000,0.0,0.0
2021-09-17,51.58,51.63,50.75,51.09,40262700,0.0,0.0
2021-09-16,52.41,52.86,51.35,51.53,24029600,0.0,0.0
2021-09-15,51.93,53.57,51.28,51.73,37524600,0.0,0.0
2021-09-14,52.34,52.55,51.82,52.01,12810300,0.0,0.0
2021-09-13,52.27,52.6,51.88,52.22,13553200,0.0,0.0
2021-09-10,52.8,52.98,51.97,52.03,13622100,0.0,0.0
2021-09-09,52.53,52.97,52.35,52.67,14958800,0.0,0.0
2021-09-08,52.62,52.96,52.57,52.74,13124500,0.0,0.0
2021-09-07,53.24,53.36,52.8,52.92,15503600,0.0,0.0
2021-09-03,53.32,53.62,53.28,53.4,9732200,0.0,0.0
2021-09-02,53.34,53.67,53.08,53.5,12855700,0.0,0.0
2021-09-01,53.04,53.15,52.72,53.06,11629700,0.0,0.0
2021-08-31,53.13,53.19,52.65,53.04,19873900,0.0,0.0
2021-08-30,53.01,53.22,52.85,53.14,11798600,0.0,0.0
2021-08-27,53.27,53.34,52.9,53.04,14795200,0.0,0.0
2021-08-26,53.4,53.59,53.02,53.21,13729400,0.0,0.0
2021-08-25,53.51,54.17,53.18,53.34,18069600,0.0,0.0
2021-08-24,52.57,53.41,52.51,53.31,17658300,0.0,0.0
2021-08-23,51.99,52.76,51.89,52.61,16225400,0.0,0.0
2021-08-20,51.45,52.43,51.09,52.33,21876500,0.0,0.0
2021-08-19,49.22,51.67,49.06,51.47,39881600,0.0,0.0
2021-08-18,50.14,50.46,49.46,49.57,17111700,0.0,0.0
2021-08-17,50.21,50.35,50.0,50.34,11987500,0.0,0.0
2021-08-16,50.6,50.72,50.27,50.58,14407400,0.0,0.0
2021-08-13,50.68,50.89,50.56,50.75,10841700,0.0,0.0
2021-08-12,50.2,50.73,50.02,50.68,11209700,0.0,0.0
2021-08-11,50.23,50.34,49.97,50.2,12604500,0.0,0.0
2021-08-10,49.88,50.03,49.66,49.98,10441900,0.0,0.0
2021-08-09,50.17,50.39,49.79,49.85,8707200,0.0,0.0
2021-08-06,49.85,50.28,49.57,49.96,18386100,0.0,0.0
2021-08-05,49.9,50.31,49.88,50.11,10785200,0.0,0.0
2021-08-04,50.66,50.66,49.85,50.05,11662400,0.0,0.0
2021-08-03,49.92,50.71,49.67,50.55,17357400,0.0,0.0
2021-08-02,49.97,50.28,49.66,49.84,12468800,0.0,0.0
2021-07-30,49.5,49.87,49.44,49.76,13438800,0.0,0.0
2021-07-29,49.43,49.75,49.34,49.49,10680200,0.0,0.0
2021-07-28,49.84,49.9,48.9,49.22,18835700,0.0,0.0
2021-07-27,49.77,49.8,49.24,49.68,14738700,0.0,0.0
2021-07-26,49.55,50.02,49.55,49.85,10097400,0.0,0.0
2021-07-23,49.33,49.74,48.99,49.64,13042500,0.0,0.0
2021-07-22,48.45,49.03,48.33,49.02,15729800,0.0,0.0
2021-07-21,48.37,48.44,48.01,48.42,14068600,0.0,0.0
2021-07-20,47.88,48.47,47.8,48.15,17250200,0.0,0.0
2021-07-19,48.24,48.26,47.39,47.69,19925300,0.0,0.0
2021-07-16,48.42,48.9,48.22,48.26,14144900,0.0,0.0
2021-07-15,48.39,48.42,47.85,48.22,14952400,0.0,0.0
2021-07-14,48.08,48.71,47.94,48.61,17113700,0.0,0.0
2021-07-13,47.94,48.15,47.81,47.92,9927400,0.0,0.0
2021-07-12,48.57,48.57,47.75,47.84,14000600,0.0,0.0
2021-07-09,47.96,48.47,47.89,48.3,14673400,0.0,0.0
2021-07-08,47.78,48.28,47.55,47.87,15691800,0.0,0.0
2021-07-07,47.7,47.9,47.34,47.87,14411600,0.0,0.0
2021-07-06,47.83,47.96,47.04,47.62,19394500,0.0,0.0
2021-07-02,47.8,48.19,47.49,48.12,15066000,0.37,0.0
2021-07-01,47.35,47.84,47.3,47.7,15074800,0.0,0.0
2021-06-30,47.26,47.37,46.96,47.3,15826400,0.0,0.0
2021-06-29,47.21,47.47,47.1,47.22,10926100,0.0,0.0
2021-06-28,47.45,47.56,47.23,47.27,14008700,0.0,0.0
2021-06-25,47.1,47.48,46.99,47.36,16682700,0.0,0.0
2021-06-24,47.25,47.35,46.96,47.11,13974300,0.0,0.0
2021-06-23,47.54,47.56,46.94,47.09,14749800,0.0,0.0
2021-06-22,47.57,47.62,47.13,47.54,16451200,0.0,0.0
2021-06-21,46.74,47.67,46.67,47.46,17682200,0.0,0.0
2021-06-18,47.13,47.16,46.3,46.47,35758300,0.0,0.0
2021-06-17,47.67,47.79,47.31,47.42,18288400,0.0,0.0
2021-06-16,48.06,48.12,47.42,47.72,15477900,0.0,0.0
2021-06-15,48.4,48.48,47.96,48.01,12542600,0.0,0.0
2021-06-14,48.54,48.67,47.78,48.35,15131400,0.0,0.0
2021-06-11,49.26,49.4,48.68,48.88,17134000,0.0,0.0
2021-06-10,48.58,49.16,48.44,49.12,22183500,0.0,0.0
2021-06-09,48.36,48.57,48.14,48.21,14860900,0.0,0.0
2021-06-08,48.17,48.54,48.1,48.31,15329700,0.0,0.0
2021-06-07,48.48,48.59,48.01,48.12,14899800,0.0,0.0
2021-06-04,47.7,48.35,47.7,48.26,11676700,0.0,0.0
2021-06-03,47.12,47.8,46.96,47.6,17593100,0.0,0.0
2021-06-02,46.99,47.29,46.77,47.27,14529300,0.0,0.0
2021-06-01,47.27,47.59,46.79,46.96,15741700,0.0,0.0
2021-05-28,47.46,47.5,47.16,47.21,14863500,0.0,0.0
2021-05-27,47.24,47.62,46.93,47.23,56216100,0.0,0.0
2021-05-26,47.62,47.85,47.14,47.22,18671200,0.0,0.0
2021-05-25,47.63,47.82,47.43,47.58,20657200,0.0,0.0
2021-05-24,47.27,47.99,47.12,47.65,21128900,0.0,0.0
2021-05-21,47.1,47.24,46.63,46.79,24468400,0.0,0.0
2021-05-20,44.99,47.28,44.71,47.17,48830800,0.0,0.0
2021-05-19,46.3,47.0,46.29,46.83,29187900,0.0,0.0
2021-05-18,47.12,47.61,47.07,47.24,20177200,0.0,0.0
2021-05-17,47.09,47.44,47.02,47.25,15731000,0.0,0.0
2021-05-14,47.24,47.5,46.95,47.21,14789400,0.0,0.0
2021-05-13,46.51,47.13,46.3,46.85,15864000,0.0,0.0
2021-05-12,46.57,46.79,45.94,46.05,22123300,0.0,0.0
2021-05-11,47.39,47.4,46.51,47.15,20220900,0.0,0.0
2021-05-10,48.17,48.32,47.45,47.45,23845600,0.0,0.0
2021-05-07,46.84,47.91,46.61,47.69,24146000,0.0,0.0
2021-05-06,45.58,47.04,45.47,46.8,27106800,0.0,0.0
2021-05-05,45.51,45.74,45.23,45.63,16205300,0.0,0.0
2021-05-04,45.62,45.72,44.89,45.26,18164800,0.0,0.0
2021-05-03,45.71,45.88,45.35,45.67,13465900,0.0,0.0
2021-04-30,45.71,45.72,44.99,45.44,19930200,0.0,0.0
2021-04-29,45.68,46.05,45.5,45.93,13916600,0.0,0.0
2021-04-28,46.02,46.21,45.45,45.62,14984000,0.0,0.0
2021-04-27,46.04,46.12,45.83,45.85,13601000,0.0,0.0
2021-04-26,46.1,46.21,45.96,46.09,13778200,0.0,0.0
2021-04-23,45.96,46.53,45.68,46.33,14016800,0.0,0.0
2021-04-22,46.24,46.49,45.86,45.96,15564800,0.0,0.0
2021-04-21,46.27,46.47,45.95,46.35,14015500,0.0,0.0
2021-04-20,46.94,47.12,46.05,46.22,21257500,0.0,0.0
2021-04-19,46.88,47.27,46.85,47.17,20245600,0.0,0.0
2021-04-16,46.81,47.46,46.64,47.12,28327900,0.0,0.0
2021-04-15,46.2,46.36,45.85,46.09,17869800,0.0,0.0
2021-04-14,45.97,46.13,45.64,45.85,15376600,0.0,0.0
2021-04-13,46.09,46.3,45.82,46.11,13353200,0.0,0.0
2021-04-12,46.47,46.55,45.94,46.03,16441700,0.0,0.0
2021-04-09,46.26,46.54,46.13,46.49,13135800,0.0,0.0
2021-04-08,46.36,46.41,45.92,46.33,15111300,0.0,0.0
2021-04-07,46.42,46.54,46.04,46.21,15783600,0.0,0.0
2021-04-06,46.39,46.61,46.21,46.44,15126100,0.0,0.0
2021-04-05,46.08,47.23,46.08,46.78,19860900,0.37,0.0
2021-04-01,45.86,46.14,45.5,46.06,17896200,0.0,0.0
2021-03-31,45.93,46.12,45.68,45.82,22212400,0.0,0.0
2021-03-30,46.18,46.34,45.35,45.88,22465100,0.0,0.0
2021-03-29,46.43,46.91,46.33,46.54,25032800,0.0,0.0
2021-03-26,44.84,46.65,44.8,46.59,31997000,0.0,0.0
2021-03-25,44.82,45.55,44.56,44.76,34537700,0.0,0.0
2021-03-24,44.25,44.71,43.97,44.0,26444700,0.0,0.0
2021-03-23,44.33,44.91,44.22,44.32,28328200,0.0,0.0
2021-03-22,43.37,44.64,43.37,44.57,28813900,0.0,0.0
2021-03-19,43.16,43.62,42.82,43.4,65366800,0.0,0.0
2021-03-18,43.0,43.93,43.0,43.24,18416900,0.0,0.0
2021-03-17,43.96,43.96,43.32,43.79,18326900,0.0,0.0
2021-03-16,43.59,44.08,43.59,44.02,17282300,0.0,0.0
2021-03-15,43.33,43.81,43.33,43.79,15523600,0.0,0.0
2021-03-12,43.25,43.41,42.95,43.26,15196500,0.0,0.0
2021-03-11,42.99,43.49,42.74,43.24,21976600,0.0,0.0
2021-03-10,42.95,43.24,42.7,42.79,19841500,0.0,0.0
2021-03-09,42.38,42.86,42.29,42.44,26512700,0.0,0.0
2021-03-08,40.98,42.89,40.94,42.1,34824500,0.0,0.0
2021-03-05,40.28,41.42,40.12,40.98,33197600,0.0,0.0
2021-03-04,40.0,40.29,39.12,39.49,24653500,0.0,0.0
2021-03-03,40.26,40.35,39.88,39.99,16851100,0.0,0.0
2021-03-02,40.7,40.83,40.25,40.34,14833000,0.0,0.0
2021-03-01,40.07,40.96,40.07,40.69,17394100,0.0,0.0
2021-02-26,40.39,40.57,39.66,39.76,22144900,0.0,0.0
2021-02-25,40.4,40.98,40.09,40.34,21916700,0.0,0.0
2021-02-24,40.09,40.59,39.91,40.53,17823600,0.0,0.0
2021-02-23,40.11,40.57,39.97,40.33,19714900,0.0,0.0
2021-02-22,40.13,40.48,39.72,40.26,21435800,0.0,0.0
2021-02-19,41.24,41.3,40.39,40.48,25117700,0.0,0.0
2021-02-18,41.11,41.12,40.49,41.06,16867500,0.0,0.0
2021-02-17,41.05,41.12,40.65,40.98,13296300,0.0,0.0
2021-02-16,41.88,41.88,41.12,41.21,18539000,0.0,0.0
2021-02-12,42.03,42.26,41.57,41.91,15239800,0.0,0.0
2021-02-11,41.96,42.46,41.83,42.16,18589900,0.0,0.0
2021-02-10,40.9,42.01,40.61,41.86,44540900,0.0,0.0
2021-02-09,43.22,43.27,42.9,42.98,24795000,0.0,0.0
2021-02-08,43.03,43.72,43.03,43.37,25215400,0.0,0.0
2021-02-05,42.15,42.84,42.09,42.61,25488600,0.0,0.0
2021-02-04,40.65,41.93,40.56,41.87,22285700,0.0,0.0
2021-02-03,40.54,40.9,40.36,40.56,13173600,0.0,0.0
2021-02-02,40.34,40.71,40.26,40.61,16520900,0.0,0.0
2021-02-01,39.81,40.44,39.58,40.23,16776900,0.0,0.0
2021-01-29,39.74,40.2,39.42,39.5,22608100,0.0,0.0
2021-01-28,40.68,41.0,40.14,40.18,21166000,0.0,0.0
2021-01-27,40.09,41.17,39.95,40.5,29634500,0.0,0.0
2021-01-26,39.78,40.19,39.67,40.11,13087800,0.0,0.0
2021-01-25,39.91,40.03,39.62,39.9,16581300,0.0,0.0
2021-01-22,39.66,39.78,39.19,39.67,14643400,0.0,0.0
2021-01-21,40.05,40.09,39.63,39.97,17488400,0.0,0.0
2021-01-20,40.17,40.32,40.0,40.18,16499400,0.0,0.0
2021-01-19,40.17,40.44,39.67,40.05,28868800,0.0,0.0
2021-01-15,39.84,40.45,39.77,40.26,30271700,0.0,0.0
2021-01-14,39.76,40.41,39.74,40.01,22333500,0.0,0.0
2021-01-13,40.13,40.74,40.04,40.2,19367300,0.0,0.0
2021-01-12,40.14,40.7,39.84,40.58,20145000,0.0,0.0
2021-01-11,40.01,40.72,39.89,40.2,25058200,0.0,0.0
2021-01-08,39.42,40.24,39.21,39.93,20936300,0.0,0.0
2021-01-07,39.17,39.97,39.14,39.84,18218800,0.0,0.0
2021-01-06,39.11,39.76,38.89,39.34,21823100,0.0,0.0
2021-01-05,38.71,39.05,38.44,38.97,17763700,0.0,0.0
2021-01-04,39.27,39.32,38.41,38.95,24392500,0.36,0.0
2020-12-31,39.01,39.42,38.82,39.34,15105500,0.0,0.0
2020-12-30,39.33,39.61,39.06,39.1,11043100,0.0,0.0
2020-12-29,39.53,39.78,39.14,39.24,11829000,0.0,0.0
2020-12-28,39.49,39.85,39.31,39.49,13458400,0.0,0.0
2020-12-24,39.07,39.2,38.88,39.15,5720500,0.0,0.0
2020-12-23,39.25,39.38,38.98,39.01,12032600,0.0,0.0
2020-12-22,39.06,39.62,39.06,39.28,16024000,0.0,0.0
2020-12-21,39.09,39.52,38.74,39.45,19865300,0.0,0.0
2020-12-18,39.47,40.06,39.35,39.94,41027000,0.0,0.0
2020-12-17,39.48,39.49,39.2,39.4,16141600,0.0,0.0
2020-12-16,39.29,39.68,39.14,39.31,16192000,0.0,0.0
2020-12-15,39.02,39.38,38.8,39.31,18159400,0.0,0.0
2020-12-14,38.91,39.48,38.81,38.89,16112300,0.0,0.0
2020-12-11,38.62,38.97,38.43,38.96,14577700,0.0,0.0
2020-12-10,39.15,39.21,38.77,38.96,17741500,0.0,0.0
2020-12-09,39.09,39.41,38.99,39.28,22679800,0.0,0.0
2020-12-08,38.86,39.14,38.62,39.0,13348500,0.0,0.0
2020-12-07,38.93,39.11,38.6,38.98,14086800,0.0,0.0
2020-12-04,38.58,39.13,38.58,39.01,17319800,0.0,0.0
2020-12-03,38.48,38.8,38.33,38.77,27710700,0.0,0.0
2020-12-02,38.14,38.64,38.11,38.58,17422200,0.0,0.0
2020-12-01,37.81,38.74,37.81,38.27,23942500,0.0,0.0
2020-11-30,37.31,37.84,37.28,37.82,34741600,0.0,0.0
2020-11-27,37.67,37.78,37.48,37.53,10769500,0.0,0.0
2020-11-25,37.6,37.62,37.1,37.36,22617700,0.0,0.0
2020-11-24,37.04,37.54,36.83,37.45,22849700,0.0,0.0
2020-11-23,36.07,36.74,36.06,36.6,19651400,0.0,0.0
2020-11-20,36.08,36.38,35.97,36.01,19776300,0.0,0.0
2020-11-19,36.04,36.36,35.84,36.19,22177700,0.0,0.0
2020-11-18,36.83,37.13,36.27,36.32,21327700,0.0,0.0
2020-11-17,36.85,37.23,36.58,36.81,23140900,0.0,0.0
2020-11-16,36.69,37.44,36.35,37.39,34572600,0.0,0.0
2020-11-13,36.22,36.5,35.65,36.39,49106400,0.0,0.0
2020-11-12,34.26,34.62,33.75,33.99,29368300,0.0,0.0
2020-11-11,34.29,34.68,33.79,34.57,27332800,0.0,0.0
2020-11-10,33.59,34.31,33.55,34.03,31514500,0.0,0.0
2020-11-09,35.09,35.36,33.51,33.58,42649500,0.0,0.0
2020-11-06,33.02,33.05,32.59,32.99,19475300,0.0,0.0
2020-11-05,32.54,32.79,32.44,32.72,23149700,0.0,0.0
2020-11-04,32.55,32.79,32.08,32.14,30121900,0.0,0.0
2020-11-03,31.96,32.81,31.91,32.24,27342900,0.0,0.0
2020-11-02,31.81,31.95,31.35,31.56,23483100,0.0,0.0
2020-10-30,31.29,31.58,31.2,31.56,29151200,0.0,0.0
2020-10-29,31.21,31.71,31.01,31.37,35332000,0.0,0.0
2020-10-28,31.92,32.09,31.36,31.39,34561500,0.0,0.0
2020-10-27,32.86,32.96,32.16,32.41,37911500,0.0,0.0
2020-10-26,33.75,33.78,32.65,33.11,29146500,0.0,0.0
2020-10-23,34.22,34.25,33.97,34.12,15556100,0.0,0.0
2020-10-22,34.15,34.25,33.74,34.12,20399000,0.0,0.0
2020-10-21,34.55,34.78,34.26,34.33,17016300,0.0,0.0
2020-10-20,34.67,34.73,34.31,34.46,16564900,0.0,0.0
2020-10-19,35.29,35.49,34.42,34.54,19600500,0.0,0.0
2020-10-16,35.05,35.42,34.76,35.3,21292500,0.0,0.0
2020-10-15,34.69,35.16,34.59,35.13,15451400,0.0,0.0
2020-10-14,35.03,35.53,34.95,35.06,16439100,0.0,0.0
2020-10-13,35.63,35.7,34.91,34.99,23438300,0.0,0.0
2020-10-12,35.1,35.63,34.83,35.48,22757200,0.0,0.0
2020-10-09,35.29,35.36,34.91,35.03,16167500,0.0,0.0
2020-10-08,34.98,35.32,34.86,34.98,19031300,0.0,0.0
2020-10-07,34.26,34.79,34.09,34.63,20593700,0.0,0.0
2020-10-06,33.84,34.59,33.75,33.9,28430800,0.0,0.0
2020-10-05,33.82,34.1,33.65,33.9,26929100,0.0,0.0
2020-10-02,33.45,33.89,33.38,33.64,24493000,0.0,0.0
2020-10-01,34.37,34.55,33.9,34.11,20763500,0.36,0.0
2020-09-30,34.05,34.58,33.99,34.31,27113200,0.0,0.0
2020-09-29,34.03,34.3,33.82,34.02,16353700,0.0,0.0
2020-09-28,34.14,34.22,33.78,34.08,24275700,0.0,0.0
2020-09-25,32.89,33.57,32.77,33.49,22966600,0.0,0.0
2020-09-24,33.1,33.24,32.75,32.97,30910400,0.0,0.0
2020-09-23,34.17,34.31,33.25,33.34,24843200,0.0,0.0
2020-09-22,34.12,34.37,33.86,34.25,17656800,0.0,0.0
2020-09-21,34.24,34.38,33.7,34.0,28495000,0.0,0.0
2020-09-18,35.0,35.12,34.47,34.67,44450800,0.0,0.0
2020-09-17,34.54,35.19,34.41,35.16,22225900,0.0,0.0
2020-09-16,35.47,35.86,35.18,35.2,24310200,0.0,0.0
2020-09-15,35.28,35.57,35.17,35.36,19024100,0.0,0.0
2020-09-14,35.03,35.4,34.88,35.16,19866700,0.0,0.0
2020-09-11,34.64,34.88,34.42,34.73,21853000,0.0,0.0
2020-09-10,34.86,35.4,34.33,34.46,25108800,0.0,0.0
2020-09-09,34.93,35.26,34.59,34.95,23351600,0.0,0.0
2020-09-08,34.88,35.37,34.81,34.84,29101800,0.0,0.0
2020-09-04,35.88,36.08,35.22,35.55,34867400,0.0,0.0
2020-09-03,36.36,36.43,35.42,35.67,39288100,0.0,0.0
2020-09-02,36.62,37.18,36.61,36.95,30045700,0.0,0.0
2020-09-01,36.58,36.64,36.15,36.61,23325100,0.0,0.0
2020-08-31,36.67,36.89,36.53,36.77,21298000,0.0,0.0
2020-08-28,36.7,36.84,36.58,36.76,16573600,0.0,0.0
2020-08-27,36.93,36.99,36.6,36.83,22456800,0.0,0.0
2020-08-26,36.28,36.82,36.1,36.8,21625800,0.0,0.0
2020-08-25,36.78,36.84,36.39,36.55,15417400,0.0,0.0
2020-08-24,36.64,36.99,36.58,36.74,17742900,0.0,0.0
2020-08-21,36.62,36.84,36.42,36.8,17389600,0.0,0.0
2020-08-20,36.47,36.95,36.35,36.85,18443900,0.0,0.0
2020-08-19,36.67,36.89,36.39,36.47,20097400,0.0,0.0
2020-08-18,36.69,36.83,36.42,36.56,23344600,0.0,0.0
2020-08-17,37.06,37.24,36.46,36.66,30511700,0.0,0.0
2020-08-14,37.01,37.35,36.82,37.02,32539500,0.0,0.0
2020-08-13,38.14,38.18,36.91,37.21,91849500,0.0,0.0
2020-08-12,41.18,41.92,41.17,41.89,26823700,0.0,0.0
2020-08-11,41.72,42.2,41.01,41.1,18859600,0.0,0.0
2020-08-10,41.08,41.81,41.08,41.57,14999200,0.0,0.0
2020-08-07,41.22,41.46,40.96,41.31,17054300,0.0,0.0
2020-08-06,41.14,41.66,41.02,41.61,14190900,0.0,0.0
2020-08-05,41.52,41.57,40.98,41.22,13075600,0.0,0.0
2020-08-04,40.95,41.52,40.86,41.52,12839500,0.0,0.0
2020-08-03,41.06,41.25,40.66,41.08,14141100,0.0,0.0
2020-07-31,40.41,41.03,39.94,41.02,17701100,0.0,0.0
2020-07-30,40.18,40.47,39.53,40.45,15385100,0.0,0.0
2020-07-29,40.41,40.83,40.39,40.68,11618200,0.0,0.0
2020-07-28,40.92,41.01,40.25,40.31,13975300,0.0,0.0
2020-07-27,40.64,41.16,40.2,41.1,15576000,0.0,0.0
2020-07-24,41.36,41.49,40.16,40.41,16983600,0.0,0.0
2020-07-23,40.92,41.55,40.66,41.29,23750200,0.0,0.0
2020-07-22,40.95,41.03,40.53,40.85,27218300,0.0,0.0
2020-07-21,41.18,41.22,40.81,40.95,16044700,0.0,0.0
2020-07-20,40.65,41.02,40.29,40.91,15966500,0.0,0.0
2020-07-17,40.1,40.88,39.96,40.72,20389700,0.0,0.0
2020-07-16,39.8,39.92,39.37,39.87,17709400,0.0,0.0
2020-07-15,40.5,40.79,40.06,40.41,15705000,0.0,0.0
2020-07-14,39.62,40.5,39.55,40.29,19303500,0.0,0.0
2020-07-13,40.82,40.93,39.87,40.0,17965500,0.0,0.0
2020-07-10,40.7,40.87,40.27,40.64,13775700,0.0,0.0
2020-07-09,40.59,41.11,40.26,40.68,26027700,0.0,0.0
2020-07-08,39.71,40.13,39.47,39.9,15020800,0.0,0.0
2020-07-07,40.17,40.32,39.68,39.74,17102800,0.0,0.0
2020-07-06,40.13,40.49,39.95,40.43,16152900,0.0,0.0
2020-07-02,40.13,40.26,39.61,39.74,19632000,0.36,0.0
2020-07-01,40.22,40.37,39.75,39.8,17129500,0.0,0.0
2020-06-30,39.88,40.63,39.84,40.31,21888800,0.0,0.0
2020-06-29,40.05,40.14,39.47,39.88,23875400,0.0,0.0
2020-06-26,38.99,40.19,38.57,40.02,106928300,0.0,0.0
2020-06-25,38.69,39.16,38.2,39.08,19114900,0.0,0.0
2020-06-24,39.14,39.29,38.36,38.67,22840100,0.0,0.0
2020-06-23,39.68,39.88,39.16,39.29,23222400,0.0,0.0
2020-06-22,38.98,39.29,38.72,39.03,18398600,0.0,0.0
2020-06-19,39.98,40.19,38.93,39.16,36103200,0.0,0.0
2020-06-18,39.57,39.8,39.19,39.61,22423500,0.0,0.0
2020-06-17,40.4,40.46,39.67,39.9,20399100,0.0,0.0
2020-06-16,40.97,41.04,39.67,40.17,28074600,0.0,0.0
2020-06-15,38.13,39.54,37.96,39.19,21300100,0.0,0.0
2020-06-12,38.85,39.63,38.12,38.95,26125600,0.0,0.0
2020-06-11,40.61,40.62,37.71,37.74,35582000,0.0,0.0
2020-06-10,41.19,41.33,40.72,40.98,18462400,0.0,0.0
2020-06-09,41.5,41.69,41.04,41.52,18597300,0.0,0.0
2020-06-08,41.01,41.62,40.72,41.59,17820900,0.0,0.0
2020-06-05,40.85,41.73,40.79,41.33,22591100,0.0,0.0
2020-06-04,40.42,40.83,40.21,40.5,14100700,0.0,0.0
2020-06-03,40.6,40.79,40.22,40.56,17492000,0.0,0.0
2020-06-02,40.1,40.53,39.65,40.52,17285900,0.0,0.0
2020-06-01,40.75,40.87,39.95,40.01,18712400,0.0,0.0
2020-05-29,39.79,41.33,39.24,41.33,43553600,0.0,0.0
2020-05-28,39.67,40.15,39.21,39.41,20013000,0.0,0.0
2020-05-27,38.92,39.73,38.72,39.72,22157200,0.0,0.0
2020-05-26,39.56,39.58,38.61,38.75,21776900,0.0,0.0
2020-05-22,38.6,38.84,38.13,38.8,12592800,0.0,0.0
2020-05-21,39.28,39.46,38.51,38.58,18674900,0.0,0.0
2020-05-20,38.93,39.6,38.91,39.27,20184500,0.0,0.0
2020-05-19,38.74,38.87,38.38,38.55,24345400,0.0,0.0
2020-05-18,39.07,39.15,38.31,38.94,26966500,0.0,0.0
2020-05-15,37.1,38.35,37.03,38.26,30573000,0.0,0.0
2020-05-14,37.53,38.52,37.38,37.89,50417700,0.0,0.0
2020-05-13,37.51,37.65,35.7,36.25,36986700,0.0,0.0
2020-05-12,37.97,38.28,37.32,37.35,25817100,0.0,0.0
2020-05-11,36.97,37.72,36.82,37.44,26182700,0.0,0.0
2020-05-08,36.31,37.18,36.04,37.15,21959100,0.0,0.0
2020-05-07,35.94,36.1,35.62,35.75,20173600,0.0,0.0
2020-05-06,35.91,36.03,35.4,35.56,16040300,0.0,0.0
2020-05-05,35.96,36.23,35.77,35.83,15060200,0.0,0.0
2020-05-04,35.39,35.79,34.99,35.73,15997700,0.0,0.0
2020-05-01,36.05,36.13,35.23,35.36,22095300,0.0,0.0
2020-04-30,37.31,37.31,36.44,36.62,26679900,0.0,0.0
2020-04-29,37.46,37.57,37.1,37.45,17430100,0.0,0.0
2020-04-28,37.59,37.7,36.65,36.72,16427700,0.0,0.0
2020-04-27,36.9,37.35,36.8,37.21,17937900,0.0,0.0
2020-04-24,36.16,36.87,35.99,36.74,14639200,0.0,0.0
2020-04-23,36.2,36.77,35.89,35.97,16100200,0.0,0.0
2020-04-22,35.66,36.37,35.53,36.09,18330700,0.0,0.0
2020-04-21,36.15,36.29,34.92,35.04,31661000,0.0,0.0
2020-04-20,36.23,37.41,36.11,36.76,23438800,0.0,0.0
2020-04-17,36.51,36.85,36.07,36.71,30701500,0.0,0.0
2020-04-16,36.09,36.11,35.15,35.86,26178000,0.0,0.0
2020-04-15,36.47,36.61,35.63,35.88,18428800,0.0,0.0
2020-04-14,36.22,37.0,35.89,36.97,22882400,0.0,0.0
2020-04-13,35.47,35.83,35.02,35.62,19592000,0.0,0.0
2020-04-09,36.37,36.47,35.3,35.6,27643900,0.0,0.0
2020-04-08,35.58,36.47,35.32,36.07,22683500,0.0,0.0
2020-04-07,36.87,36.93,35.08,35.12,30366100,0.0,0.0
2020-04-06,34.96,36.02,34.38,35.8,31641400,0.0,0.0
2020-04-03,34.41,34.82,33.3,33.75,21235200,0.0,0.0
2020-04-02,32.7,34.52,32.38,34.39,28180500,0.36,0.0
2020-04-01,32.67,33.27,32.42,32.81,26790700,0.0,0.0
2020-03-31,34.35,34.6,33.48,33.65,26014200,0.0,0.0
2020-03-30,33.77,34.66,33.35,34.52,27120300,0.0,0.0
2020-03-27,33.57,34.37,32.88,33.23,31278600,0.0,0.0
2020-03-26,32.5,35.03,31.99,34.74,38473300,0.0,0.0
2020-03-25,33.09,34.2,32.1,32.25,42873900,0.0,0.0
2020-03-24,31.17,33.11,30.42,33.04,48235600,0.0,0.0
2020-03-23,30.4,30.66,28.88,29.62,39823400,0.0,0.0
2020-03-20,32.76,32.93,30.3,30.47,48582500,0.0,0.0
2020-03-19,31.72,33.66,30.95,32.28,58319700,0.0,0.0
2020-03-18,28.9,32.28,28.51,31.78,56904300,0.0,0.0
2020-03-17,29.7,31.03,28.76,30.39,41572400,0.0,0.0
2020-03-16,28.45,31.66,27.73,28.86,44211300,0.0,0.0
2020-03-13,30.12,32.26,28.53,32.22,53859600,0.0,0.0
2020-03-12,29.53,30.66,28.25,28.42,51855300,0.0,0.0
2020-03-11,33.4,33.52,31.13,31.72,63594300,0.0,0.0
2020-03-10,33.6,34.37,32.42,34.31,50536500,0.0,0.0
2020-03-09,31.59,33.87,31.07,32.5,61535300,0.0,0.0
2020-03-06,32.53,34.2,32.36,33.97,48605600,0.0,0.0
2020-03-05,34.39,34.68,33.63,33.87,30255900,0.0,0.0
2020-03-04,34.86,35.48,34.07,35.43,30022100,0.0,0.0
2020-03-03,35.32,35.87,33.99,34.28,49294700,0.0,0.0
2020-03-02,34.37,35.26,33.32,35.24,48864300,0.0,0.0
2020-02-28,33.13,34.71,32.83,34.18,80188000,0.0,0.0
2020-02-27,35.34,36.04,34.25,34.28,51442900,0.0,0.0
2020-02-26,36.78,37.14,35.9,36.09,38513200,0.0,0.0
2020-02-25,37.71,37.85,36.01,36.59,48024700,0.0,0.0
2020-02-24,38.52,39.1,37.67,37.67,35295900,0.0,0.0
,Open,High,Low,Close,Volume,Dividends,Stock Splits
