,Open,High,Low,Close,Volume,Dividends,Stock Splits
2020-02-24,31.46,31.81,31.18,31.24,2471400,0.0,0.0
2020-02-25,31.39,31.58,30.24,30.36,3031200,0.0,0.0
2020-02-26,30.6,31.1,30.22,30.24,2672400,0.0,0.0
2020-02-27,29.52,30.29,28.98,28.98,2933400,0.0,0.0
2020-02-28,28.33,29.27,28.13,28.96,4446600,0.0,0.0
2020-03-02,29.04,29.89,28.2,29.82,4108800,0.0,0.0
2020-03-03,29.83,30.84,28.77,29.15,2466600,0.0,0.0
2020-03-04,29.53,30.03,29.08,29.98,1922400,0.0,0.0
2020-03-05,29.23,29.52,28.65,28.78,2880600,0.0,0.0
2020-03-06,28.03,28.93,27.89,28.77,2667000,0.0,0.0
2020-03-09,26.92,28.05,25.22,27.0,3463200,0.0,0.0
2020-03-10,27.82,28.13,26.22,27.8,3745800,0.0,0.0
2020-03-11,27.12,27.55,25.47,25.56,4161000,0.0,0.0
2020-03-12,23.78,23.79,21.78,21.85,4550400,0.0,0.0
2020-03-13,23.0,23.29,20.19,21.6,6027000,0.0,0.0
2020-03-16,18.83,19.53,17.96,18.55,4598400,0.0,0.0
2020-03-17,18.83,19.18,16.51,18.45,4985400,0.0,0.0
2020-03-18,17.21,17.49,13.11,15.19,5517000,0.0,0.0
2020-03-19,15.21,17.58,13.7,17.29,5856600,0.0,0.0
2020-03-20,17.29,18.7,16.91,17.31,5621400,0.0,0.0
2020-03-23,17.43,19.31,16.66,18.94,5557800,0.0,0.0
2020-03-24,20.28,22.32,19.98,22.23,4591800,0.0,0.0
2020-03-25,22.38,22.92,21.25,21.59,5472600,0.0,0.0
2020-03-26,21.97,23.45,21.29,23.42,3493800,0.0,0.0
2020-03-27,22.72,22.74,21.56,22.18,2764200,0.0,0.0
2020-03-30,21.6,23.41,21.6,23.18,2195400,0.0,0.0
2020-03-31,22.92,23.43,22.12,22.33,2499600,0.0,0.0
2020-04-01,21.36,21.47,20.3,20.62,2845800,0.0,0.0
2020-04-02,20.66,21.52,20.31,21.11,2123400,0.0,0.0
2020-04-03,20.89,21.0,19.73,20.35,2179800,0.0,0.0
2020-04-06,21.69,23.12,21.36,23.05,3002400,0.0,0.0
2020-04-07,24.22,25.02,23.33,23.52,2720400,0.0,0.0
2020-04-08,23.84,24.48,23.54,24.18,1794000,0.0,0.0
2020-04-09,24.9,25.27,24.1,24.81,2538000,0.0,0.0
2020-04-13,24.47,24.59,23.45,23.89,1960200,0.0,0.0
2020-04-14,24.69,24.97,24.11,24.24,1260600,0.0,0.0
2020-04-15,23.4,23.8,22.93,23.15,2709600,0.0,0.0
2020-04-16,23.14,23.49,22.68,23.2,1548600,0.0,0.0
2020-04-17,24.09,24.86,23.87,24.27,2193000,0.0,0.0
2020-04-20,23.77,24.41,23.29,23.44,1593600,0.0,0.0
2020-04-21,22.76,23.05,21.95,21.99,2233800,0.0,0.0
2020-04-22,22.84,22.86,22.11,22.12,2710200,0.0,0.0
2020-04-23,22.08,22.85,21.77,22.12,2124600,0.0,0.0
2020-04-24,22.19,23.17,21.91,22.9,2445600,0.0,0.0
2020-04-27,23.24,24.55,22.74,24.39,3025200,0.0,0.0
2020-04-28,25.27,26.21,24.58,24.65,1729200,0.0,0.0
2020-04-29,25.8,26.51,25.0,25.93,1780800,0.0,0.0
2020-04-30,25.41,25.52,24.66,24.79,2014200,0.0,0.0
2020-05-01,24.65,24.83,23.69,23.88,1801800,0.0,0.0
2020-05-04,23.38,24.14,23.1,23.37,3001800,0.0,0.0
2020-05-05,23.89,24.7,23.65,23.93,2443200,0.0,0.0
2020-05-06,23.98,24.21,23.28,23.77,2439000,0.0,0.0
2020-05-07,24.16,24.78,24.03,24.09,1501200,0.0,0.0
2020-05-08,24.65,25.06,24.18,24.86,1321800,0.0,0.0
2020-05-11,24.55,24.66,23.83,24.55,2636400,0.0,0.0
2020-05-12,24.57,24.64,23.05,23.08,2020800,0.0,0.0
2020-05-13,22.83,23.02,21.79,22.57,2697000,0.0,0.0
2020-05-14,22.02,23.28,21.48,23.25,2266800,0.0,0.0
2020-05-15,23.07,23.62,22.58,23.47,2040600,0.0,0.0
2020-05-18,24.67,26.14,24.67,25.49,3540600,0.0,0.0
2020-05-19,25.38,26.1,25.09,25.75,2685000,0.0,0.0
2020-05-20,26.1,27.37,26.1,27.08,3528000,0.0,0.0
2020-05-21,27.03,28.06,26.51,28.0,4320000,0.0,0.0
2020-05-22,29.8,31.6,28.33,29.87,6521400,0.0,0.0
2020-05-26,31.2,31.42,29.9,30.0,3921600,0.0,0.0
2020-05-27,30.66,32.66,30.47,32.54,4317600,0.0,0.0
2020-05-28,32.83,32.83,30.92,31.06,3209400,0.0,0.0
2020-05-29,30.77,31.09,30.21,30.42,3145200,0.0,0.0
2020-06-01,30.53,32.84,30.53,32.63,4923000,0.0,0.0
2020-06-02,32.8,34.01,32.58,33.99,4696200,0.0,0.0
2020-06-03,34.72,35.67,34.24,35.43,4502400,0.0,0.0
2020-06-04,35.37,35.5,33.33,34.0,4264800,0.0,0.0
2020-06-05,35.57,36.36,34.02,34.17,4382400,0.0,0.0
2020-06-08,34.24,34.4,33.22,33.4,2855400,0.0,0.0
2020-06-09,32.92,33.27,32.42,32.57,2713800,0.0,0.0
2020-06-10,32.67,33.7,32.28,33.02,2704200,0.0,0.0
2020-06-11,31.66,32.4,31.11,31.83,3018000,0.0,0.0
2020-06-12,33.04,33.09,31.61,32.68,2440800,0.0,0.0
2020-06-15,31.73,32.28,31.13,32.18,2248200,0.0,0.0
2020-06-16,33.49,33.49,31.65,32.81,2070600,0.0,0.0
2020-06-17,33.03,33.32,32.27,33.06,2887200,0.0,0.0
2020-06-18,32.99,34.22,32.63,33.4,3881400,0.0,0.0
2020-06-19,33.83,34.34,32.37,32.66,3540000,0.0,0.0
2020-06-22,32.66,33.53,32.34,33.45,1778400,0.0,0.0
2020-06-23,33.95,34.02,33.05,33.68,1917000,0.0,0.0
2020-06-24,33.58,34.16,32.2,32.41,2988600,0.0,0.0
2020-06-25,32.11,32.81,31.9,32.17,1796400,0.0,0.0
2020-06-26,31.89,32.09,30.77,31.01,2649600,0.0,0.0
2020-06-29,31.31,32.77,31.05,32.44,2221800,0.0,0.0
2020-06-30,32.26,32.98,32.16,32.73,1714800,0.0,0.0
2020-07-01,32.86,33.24,32.1,32.39,2030400,0.0,0.0
2020-07-02,33.11,33.5,32.19,32.36,1338000,0.0,0.0
2020-07-06,33.16,33.18,32.14,32.48,1849800,0.0,0.0
2020-07-07,32.08,32.35,31.43,31.51,1813200,0.0,0.0
2020-07-08,31.61,32.24,31.54,32.22,1479600,0.0,0.0
2020-07-09,32.57,32.76,30.7,31.67,2688600,0.0,0.0
2020-07-10,31.88,32.7,31.61,32.67,1560600,0.0,0.0
2020-07-13,33.0,33.35,32.0,32.29,1740000,0.0,0.0
2020-07-14,32.11,33.11,31.46,33.07,1954200,0.0,0.0
2020-07-15,34.03,34.64,33.22,33.65,2594400,0.0,0.0
2020-07-16,33.66,33.91,33.36,33.77,1966800,0.0,0.0
2020-07-17,33.78,33.99,33.11,33.55,1433400,0.0,0.0
2020-07-20,33.34,33.57,32.38,32.71,1611600,0.0,0.0
2020-07-21,33.06,33.82,32.89,33.54,1896600,0.0,0.0
2020-07-22,34.16,34.81,33.82,34.4,2767200,0.0,0.0
2020-07-23,34.09,35.06,34.06,34.4,2458200,0.0,0.0
2020-07-24,34.45,34.85,34.1,34.29,1729800,0.0,0.0
2020-07-27,34.35,35.58,34.32,35.18,2818200,0.0,0.0
2020-07-28,35.0,35.63,34.8,35.1,2104800,0.0,0.0
2020-07-29,35.36,36.72,35.24,36.47,2434200,0.0,0.0
2020-07-30,35.88,36.63,35.46,35.69,2728200,0.0,0.0
2020-07-31,33.03,35.84,32.7,34.87,3558600,0.0,0.0
2020-08-03,35.13,35.13,34.07,34.43,2371800,0.0,0.0
2020-08-04,34.21,34.51,33.8,34.24,3538800,0.0,0.0
2020-08-05,34.49,35.72,34.26,35.24,1688400,0.0,0.0
2020-08-06,35.08,35.08,34.0,34.41,1630800,0.0,0.0
2020-08-07,34.33,35.1,34.0,35.09,1303200,0.0,0.0
2020-08-10,35.33,36.86,35.24,36.41,2639400,0.0,0.0
2020-08-11,36.79,37.61,36.68,37.22,2445000,0.0,0.0
2020-08-12,37.47,37.55,36.79,36.81,2333400,0.0,0.0
2020-08-13,36.54,36.66,35.97,36.31,1176000,0.0,0.0
2020-08-14,36.11,36.46,35.89,35.95,1428000,0.0,0.0
2020-08-17,36.23,36.23,35.06,35.36,2463600,0.0,0.0
2020-08-18,35.45,35.56,34.81,35.13,2167200,0.0,0.0
2020-08-19,35.18,35.32,34.55,34.61,1488600,0.0,0.0
2020-08-20,34.28,35.2,33.97,34.62,1345200,0.0,0.0
2020-08-21,34.67,35.0,34.28,34.89,903000,0.0,0.0
2020-08-24,34.97,35.36,34.55,34.88,1720800,0.0,0.0
2020-08-25,35.03,35.22,34.34,34.95,2579400,0.0,0.0
2020-08-26,34.95,35.36,34.83,35.26,1444800,0.0,0.0
2020-08-27,35.54,35.84,35.04,35.13,1097400,0.0,0.0
2020-08-28,35.51,35.51,34.57,35.06,1075800,0.0,0.0
2020-08-31,35.08,35.08,33.9,33.97,1863600,0.0,0.0
2020-09-01,33.99,35.01,33.71,34.99,1641000,0.0,0.0
2020-09-02,35.41,35.41,34.27,34.6,1506600,0.0,0.0
2020-09-03,34.58,34.58,32.79,33.04,1805400,0.0,0.0
2020-09-04,33.38,33.55,32.3,32.84,1853400,0.0,0.0
2020-09-08,32.36,33.97,32.09,33.31,2058600,0.0,0.0
2020-09-09,33.63,34.0,33.17,33.82,1596600,0.0,0.0
2020-09-10,34.07,34.29,32.95,33.04,1902000,0.0,0.0
2020-09-11,33.54,33.99,33.09,33.86,2305200,0.0,0.0
2020-09-14,34.18,34.82,34.07,34.69,1419600,0.0,0.0
2020-09-15,34.89,35.77,34.75,35.73,2415000,0.0,0.0
2020-09-16,36.13,37.13,35.9,36.56,2772600,0.0,0.0
2020-09-17,35.89,36.41,35.35,35.55,2244000,0.0,0.0
2020-09-18,35.91,35.91,34.25,34.81,2788800,0.0,0.0
2020-09-21,34.1,34.53,33.69,34.5,1750200,0.0,0.0
2020-09-22,34.69,35.66,34.48,35.61,1732800,0.0,0.0
2020-09-23,35.78,37.2,35.61,35.75,3654600,0.0,0.0
2020-09-24,35.71,36.63,34.98,36.27,1575600,0.0,0.0
2020-09-25,36.0,36.34,35.51,35.86,1524000,0.0,0.0
2020-09-28,36.2,36.96,36.2,36.54,1416000,0.0,0.0
2020-09-29,36.38,36.6,35.7,36.31,1439400,0.0,0.0
2020-09-30,36.43,36.93,36.25,36.66,1993200,0.0,0.0
2020-10-01,37.1,39.66,36.99,39.26,4817400,0.0,0.0
2020-10-02,38.29,39.74,38.29,39.56,1845000,0.0,0.0
2020-10-05,39.69,39.93,38.8,39.75,1423800,0.0,0.0
2020-10-06,40.01,40.05,38.97,39.16,2073600,0.0,0.0
2020-10-07,39.84,40.4,39.64,40.05,1836600,0.0,0.0
2020-10-08,40.55,41.17,40.11,40.87,1803600,0.0,0.0
2020-10-09,41.29,41.91,40.88,41.86,1950600,0.0,0.0
2020-10-12,42.74,42.97,41.99,42.22,2071200,0.0,0.0
2020-10-13,41.74,42.35,41.33,42.27,2440200,0.0,0.0
2020-10-14,42.35,42.92,42.32,42.68,2020200,0.0,0.0
2020-10-15,42.33,43.8,41.89,43.68,1764000,0.0,0.0
2020-10-16,43.64,44.44,43.31,43.72,3505200,0.0,0.0
2020-10-19,43.96,44.51,41.16,42.16,4461600,0.0,0.0
2020-10-20,42.3,42.71,41.56,41.58,2035200,0.0,0.0
2020-10-21,41.91,42.08,40.9,41.27,1803600,0.0,0.0
2020-10-22,41.87,41.87,40.66,41.28,2015400,0.0,0.0
2020-10-23,41.32,42.74,40.71,42.53,2694000,0.0,0.0
2020-10-26,42.5,43.66,42.18,43.63,2091000,0.0,0.0
2020-10-27,43.65,43.98,42.95,43.67,2695200,0.0,0.0
2020-10-28,42.66,43.06,41.14,41.7,2177400,0.0,0.0
2020-10-29,41.56,43.15,41.44,42.96,2767800,0.0,0.0
2020-10-30,43.64,43.69,41.13,42.22,3873600,0.0,0.0
2020-11-02,42.25,42.77,41.83,42.48,2281200,0.0,0.0
2020-11-03,43.13,43.13,41.44,41.93,2445000,0.0,0.0
2020-11-04,41.79,43.54,41.69,43.5,1973400,0.0,0.0
2020-11-05,43.81,46.79,43.75,46.42,3746400,0.0,0.0
2020-11-06,46.7,46.7,44.9,45.04,2911800,0.0,0.0
2020-11-09,47.09,47.54,42.33,42.45,3937800,0.0,0.0
2020-11-10,42.61,42.92,40.14,41.92,4056600,0.0,0.0
2020-11-11,42.19,43.48,41.72,42.27,1939800,0.0,0.0
2020-11-12,42.23,42.57,40.65,41.37,2802000,0.0,0.0
2020-11-13,41.86,42.45,41.38,41.84,2140800,0.0,0.0
2020-11-16,42.16,42.23,40.4,41.64,3703200,0.0,0.0
2020-11-17,41.75,42.75,41.27,42.38,1713600,0.0,0.0
2020-11-18,42.4,43.03,41.83,41.98,1671600,0.0,0.0
2020-11-19,42.04,42.2,40.94,41.45,1884600,0.0,0.0
2020-11-20,41.27,41.45,40.2,41.2,2157600,0.0,0.0
2020-11-23,41.61,43.13,41.29,42.9,2275800,0.0,0.0
2020-11-24,43.39,43.96,42.83,43.24,1652400,0.0,0.0
2020-11-25,43.38,44.56,42.76,44.08,1558200,0.0,0.0
2020-11-27,43.98,44.34,42.91,43.36,853800,0.0,0.0
2020-11-30,43.24,43.38,42.14,42.43,2161800,0.0,0.0
2020-12-01,43.08,44.29,42.7,44.07,3225600,0.0,0.0
2020-12-02,44.03,44.89,43.48,44.86,2140800,0.0,0.0
2020-12-03,45.16,46.84,44.97,46.67,3295200,0.0,0.0
2020-12-04,46.67,48.18,46.14,48.1,2970000,0.0,0.0
2020-12-07,47.65,48.26,46.94,48.16,2101200,0.0,0.0
2020-12-08,48.65,49.85,47.84,49.19,2510400,0.0,0.0
2020-12-09,49.48,50.32,48.98,49.54,1973400,0.0,0.0
2020-12-10,49.32,50.29,48.11,48.6,1825200,0.0,0.0
2020-12-11,48.08,48.96,47.9,48.65,1679400,0.0,0.0
2020-12-14,48.96,49.98,48.95,49.15,2375400,0.0,0.0
2020-12-15,49.3,50.72,49.21,50.71,1648800,0.0,0.0
2020-12-16,51.29,51.3,49.31,50.03,1831800,0.0,0.0
2020-12-17,50.32,50.5,49.49,50.15,1616400,0.0,0.0
2020-12-18,50.4,50.4,48.6,49.11,3077400,0.0,0.0
2020-12-21,48.34,50.04,48.04,50.0,1829400,0.0,0.0
2020-12-22,49.75,50.21,48.59,48.99,1635000,0.0,0.0
2020-12-23,49.4,49.5,48.63,49.25,1572000,0.0,0.0
2020-12-24,49.47,49.49,48.64,48.79,438600,0.0,0.0
2020-12-28,49.0,49.18,48.33,48.48,1318200,0.0,0.0
2020-12-29,48.58,48.82,47.0,47.9,1451400,0.0,0.0
2020-12-30,47.85,48.19,47.55,47.66,1227600,0.0,0.0
2020-12-31,47.8,48.24,47.27,47.79,1310400,0.0,0.0
2021-01-04,48.28,48.36,46.56,47.24,2990400,0.0,0.0
2021-01-05,47.18,49.17,47.18,48.99,1633800,0.0,0.0
2021-01-06,49.21,52.37,49.21,52.06,2913000,0.0,0.0
2021-01-07,52.2,52.97,51.67,52.81,1621200,0.0,0.0
2021-01-08,53.04,53.38,51.84,52.4,2640600,0.0,0.0
2021-01-11,51.94,55.09,51.78,54.48,2092800,0.0,0.0
2021-01-12,55.0,56.01,54.25,55.43,2110800,0.0,0.0
2021-01-13,55.9,56.05,53.45,54.05,2216400,0.0,0.0
2021-01-14,54.41,55.18,53.79,53.97,2348400,0.0,0.0
2021-01-15,53.43,54.61,52.58,54.33,1731600,0.0,0.0
2021-01-19,54.85,54.85,53.01,53.84,2311800,0.0,0.0
2021-01-20,54.48,55.35,53.75,55.15,2325600,0.0,0.0
2021-01-21,55.82,55.82,53.81,53.83,1856400,0.0,0.0
2021-01-22,53.48,54.02,52.72,53.31,1503000,0.0,0.0
2021-01-25,53.2,54.25,51.73,52.39,1920600,0.0,0.0
2021-01-26,52.88,52.98,50.35,50.7,1824000,0.0,0.0
2021-01-27,49.67,49.83,46.11,46.43,4952400,0.0,0.0
2021-01-28,47.4,48.82,46.6,48.44,4090800,0.0,0.0
2021-01-29,48.24,49.4,47.63,48.66,1986600,0.0,0.0
2021-02-01,49.02,49.99,48.64,49.88,1525200,0.0,0.0
2021-02-02,51.0,52.74,50.76,52.0,2009400,0.0,0.0
2021-02-03,52.45,52.75,51.18,51.59,1303800,0.0,0.0
2021-02-04,51.98,54.09,51.9,52.81,2373000,0.0,0.0
2021-02-05,53.5,55.27,51.66,52.78,3031200,0.0,0.0
2021-02-08,52.95,53.67,52.36,53.36,2089200,0.0,0.0
2021-02-09,53.29,54.41,53.29,54.25,1762800,0.0,0.0
2021-02-10,54.82,54.89,53.19,53.46,1975200,0.0,0.0
2021-02-11,54.14,54.14,52.59,53.24,1801200,0.0,0.0
2021-02-12,52.95,53.9,52.74,53.88,1315800,0.0,0.0
2021-02-16,54.42,54.49,53.06,53.96,2278200,0.0,0.0
2021-02-17,53.5,54.32,52.88,53.94,1656000,0.0,0.0
2021-02-18,53.62,54.21,53.03,53.87,1461600,0.0,0.0
2021-02-19,53.73,55.25,53.57,55.19,2356800,0.0,0.0
2021-02-22,54.91,56.76,54.38,54.67,1855800,0.0,0.0
2021-02-23,53.91,54.31,51.89,54.05,2560200,0.0,0.0
2021-02-24,54.15,55.8,54.12,55.24,1815000,0.0,0.0
2021-02-25,55.54,55.57,52.86,53.17,1677600,0.0,0.0
2021-02-26,53.93,55.27,53.76,54.35,2821800,0.0,0.0
2021-03-01,55.16,56.33,54.94,55.25,2161200,0.0,0.0
2021-03-02,55.33,55.79,54.16,54.28,1350000,0.0,0.0
2021-03-03,54.43,55.25,53.34,53.49,1884600,0.0,0.0
2021-03-04,53.06,53.84,50.76,51.73,2014800,0.0,0.0
2021-03-05,52.55,52.84,50.54,52.73,2197800,0.0,0.0
2021-03-08,52.97,54.9,52.68,52.82,2180400,0.0,0.0
2021-03-09,53.78,54.46,53.09,53.77,2072400,0.0,0.0
2021-03-10,54.4,54.69,52.43,52.65,1710600,0.0,0.0
2021-03-11,53.3,54.61,52.34,54.52,2152800,0.0,0.0
2021-03-12,54.33,55.38,54.01,54.7,1233000,0.0,0.0
2021-03-15,54.75,57.3,54.75,57.22,1359600,0.0,0.0
2021-03-16,57.5,57.5,55.78,56.45,1035600,0.0,0.0
2021-03-17,56.34,57.35,55.47,57.35,1294200,0.0,0.0
2021-03-18,57.06,57.25,54.81,55.15,1237800,0.0,0.0
2021-03-19,55.7,57.06,54.58,56.45,3454800,0.0,0.0
2021-03-22,57.02,57.04,54.89,55.46,2359800,0.0,0.0
2021-03-23,55.21,56.05,52.38,53.1,2236800,0.0,0.0
2021-03-24,53.54,53.97,51.84,51.95,1969800,0.0,0.0
2021-03-25,51.18,53.9,50.84,53.62,1195800,0.0,0.0
2021-03-26,53.89,55.65,53.63,55.63,1249800,0.0,0.0
2021-03-29,55.6,55.96,53.1,53.38,1770600,0.0,0.0
2021-03-30,53.46,54.6,53.25,54.27,1248000,0.0,0.0
2021-03-31,54.93,55.5,54.5,55.06,981600,0.0,0.0
2021-04-01,55.76,55.98,54.68,55.08,1677600,0.0,0.0
2021-04-05,55.62,55.62,54.16,55.16,1584000,0.0,0.0
2021-04-06,55.57,57.88,55.47,56.49,1811400,0.0,0.0
2021-04-07,56.54,56.96,55.89,56.55,1123200,0.0,0.0
2021-04-08,57.09,57.09,55.73,56.09,961200,0.0,0.0
2021-04-09,56.05,57.22,56.04,57.06,784200,0.0,0.0
2021-04-12,56.86,58.03,56.47,57.65,1473000,0.0,0.0
2021-04-13,57.55,57.66,55.78,55.96,949200,0.0,0.0
2021-04-14,55.77,56.73,55.29,56.02,928200,0.0,0.0
2021-04-15,56.54,56.66,55.42,56.58,945600,0.0,0.0
2021-04-16,57.13,57.5,56.52,56.84,901200,0.0,0.0
2021-04-19,56.52,56.58,55.51,56.2,1185000,0.0,0.0
2021-04-20,55.8,55.96,53.79,54.64,1159200,0.0,0.0
2021-04-21,54.63,55.86,54.26,55.49,1021200,0.0,0.0
2021-04-22,55.5,56.71,55.35,55.77,970200,0.0,0.0
2021-04-23,56.33,57.77,55.91,57.29,1395000,0.0,0.0
2021-04-26,57.58,58.25,56.12,56.49,1497600,0.0,0.0
2021-04-27,56.95,58.27,56.79,57.78,1435200,0.0,0.0
2021-04-28,57.72,58.62,57.26,58.26,1392600,0.0,0.0
2021-04-29,58.72,58.95,58.09,58.55,1211400,0.0,0.0
2021-04-30,58.13,58.81,56.22,56.36,1370400,0.0,0.0
2021-05-03,56.65,58.06,56.53,57.76,1300200,0.0,0.0
2021-05-04,57.4,58.36,56.63,58.3,1133400,0.0,0.0
2021-05-05,58.86,58.95,57.1,57.45,1015800,0.0,0.0
2021-05-06,57.68,57.68,55.95,56.73,1363200,0.0,0.0
2021-05-07,56.94,57.54,56.58,56.88,962400,0.0,0.0
2021-05-10,56.57,56.75,54.35,55.0,2217000,0.0,0.0
2021-05-11,54.32,54.87,53.34,53.94,2098800,0.0,0.0
2021-05-12,53.43,54.53,52.18,52.33,1429800,0.0,0.0
2021-05-13,52.86,54.99,52.86,53.88,1418400,0.0,0.0
2021-05-14,54.3,55.97,53.72,55.95,1426200,0.0,0.0
2021-05-17,55.9,56.96,55.41,56.87,1417200,0.0,0.0
2021-05-18,56.78,57.04,55.38,55.41,1624200,0.0,0.0
2021-05-19,54.34,54.42,53.05,53.86,1683600,0.0,0.0
2021-05-20,53.83,53.86,51.0,51.86,3589800,0.0,0.0
2021-05-21,55.45,57.53,54.0,55.95,6767400,0.0,0.0
2021-05-24,56.71,57.81,56.39,56.44,2238600,0.0,0.0
2021-05-25,56.59,56.98,55.55,55.92,1633200,0.0,0.0
2021-05-26,56.24,57.63,55.9,57.03,1426800,0.0,0.0
2021-05-27,57.2,58.09,56.51,56.51,2214600,0.0,0.0
2021-05-28,56.4,56.7,55.02,55.9,1566000,0.0,0.0
2021-06-01,56.45,56.99,56.0,56.97,1444800,0.0,0.0
2021-06-02,57.19,57.19,53.87,55.15,2917200,0.0,0.0
2021-06-03,54.62,55.43,53.5,54.8,1743600,0.0,0.0
2021-06-04,55.17,55.36,53.59,53.99,2226600,0.0,0.0
2021-06-07,53.85,54.93,53.61,54.13,1599000,0.0,0.0
2021-06-08,54.38,54.52,53.51,54.25,1407600,0.0,0.0
2021-06-09,54.34,54.47,53.78,53.96,1975200,0.0,0.0
2021-06-10,54.06,54.83,53.68,54.16,1765800,0.0,0.0
2021-06-11,54.48,55.85,54.48,55.74,1230600,0.0,0.0
2021-06-14,55.82,56.38,55.45,55.76,1351200,0.0,0.0
2021-06-15,55.79,56.02,54.86,55.65,1871400,0.0,0.0
2021-06-16,55.42,55.56,54.16,54.5,2085000,0.0,0.0
2021-06-17,54.24,54.83,53.57,54.26,2674200,0.0,0.0
2021-06-18,53.59,55.74,53.59,54.22,3768000,0.0,0.0
2021-06-21,54.45,56.4,54.35,56.11,1780800,0.0,0.0
2021-06-22,55.9,58.03,55.34,58.02,1881000,0.0,0.0
2021-06-23,58.43,58.94,57.84,58.7,1899000,0.0,0.0
2021-06-24,59.2,59.5,57.86,59.31,2037000,0.0,0.0
2021-06-25,60.27,64.1,60.0,63.44,24804000,0.0,0.0
2021-06-28,63.73,63.92,62.9,63.72,3484800,0.0,0.0
2021-06-29,64.01,64.59,63.33,63.79,2842800,0.0,0.0
2021-06-30,63.68,64.28,63.08,64.01,2826000,0.0,0.0
2021-07-01,64.43,66.03,64.32,64.97,2737800,0.0,0.0
2021-07-02,64.89,65.47,64.23,65.43,2026800,0.0,0.0
2021-07-06,65.83,66.03,63.75,64.55,2701200,0.0,0.0
2021-07-07,64.33,65.61,63.99,65.09,1791000,0.0,0.0
2021-07-08,63.68,64.78,62.81,63.95,1839000,0.0,0.0
2021-07-09,64.61,65.24,63.95,65.0,1185600,0.0,0.0
2021-07-12,65.0,65.94,64.43,65.65,1970400,0.0,0.0
2021-07-13,64.93,65.51,64.59,64.83,1331400,0.0,0.0
2021-07-14,65.21,65.5,64.28,64.32,1504800,0.0,0.0
2021-07-15,64.11,64.31,62.87,63.47,2706600,0.0,0.0
2021-07-16,63.89,64.14,62.3,62.46,1136400,0.0,0.0
2021-07-19,61.39,63.8,61.39,62.47,1480200,0.0,0.0
2021-07-20,62.95,64.82,62.38,64.3,1369200,0.0,0.0
2021-07-21,64.58,65.44,64.2,64.5,1177800,0.0,0.0
2021-07-22,65.66,66.12,64.62,66.11,1638600,0.0,0.0
2021-07-23,66.66,68.51,66.53,67.65,2295600,0.0,0.0
2021-07-26,67.57,69.09,67.28,68.48,1857600,0.0,0.0
2021-07-27,68.38,68.38,65.51,66.36,1906800,0.0,0.0
2021-07-28,66.36,67.71,65.04,67.4,2050800,0.0,0.0
2021-07-29,67.86,68.36,67.41,67.78,1964400,0.0,0.0
2021-07-30,66.74,69.23,66.12,68.47,2291400,0.0,0.0
2021-08-02,69.1,71.22,68.82,70.74,3798600,0.0,0.0
2021-08-03,70.8,72.19,70.09,71.73,2145000,0.0,0.0
2021-08-04,71.52,73.17,71.1,72.76,2185200,0.0,0.0
2021-08-05,72.42,74.08,72.0,72.5,2548800,0.0,0.0
2021-08-06,73.18,73.73,72.24,72.44,1059000,0.0,0.0
2021-08-09,72.04,72.52,71.48,72.16,1573800,0.0,0.0
2021-08-10,72.46,73.5,71.76,71.84,1384800,0.0,0.0
2021-08-11,71.7,72.76,71.54,72.34,1030800,0.0,0.0
2021-08-12,72.68,73.12,71.67,71.69,1653600,0.0,0.0
2021-08-13,71.76,72.5,71.37,72.4,1570800,0.0,0.0
2021-08-16,72.15,72.48,71.36,72.38,1963800,0.0,0.0
2021-08-17,72.05,73.28,69.35,70.34,3173400,0.0,0.0
2021-08-18,70.04,71.82,70.04,71.35,2074200,0.0,0.0
2021-08-19,70.26,71.65,70.18,71.27,1663200,0.0,0.0
2021-08-20,71.66,72.48,71.33,72.42,1296600,0.0,0.0
2021-08-23,72.51,73.04,72.09,72.25,785400,0.0,0.0
2021-08-24,72.66,73.33,72.5,72.53,1300200,0.0,0.0
2021-08-25,73.05,73.16,71.88,71.97,1124400,0.0,0.0
2021-08-26,71.57,71.57,70.21,70.51,1342200,0.0,0.0
2021-08-27,70.73,71.46,70.26,70.55,1723800,0.0,0.0
2021-08-30,70.66,71.18,69.73,70.27,2103000,0.0,0.0
2021-08-31,70.08,70.49,69.23,69.74,1593000,0.0,0.0
2021-09-01,70.23,70.49,69.12,69.38,1645200,0.0,0.0
2021-09-02,69.4,69.68,67.33,67.77,2466600,0.0,0.0
2021-09-03,67.31,68.4,66.6,68.34,1666200,0.0,0.0
2021-09-07,68.34,69.4,67.27,68.05,2284800,0.0,0.0
2021-09-08,68.1,68.1,66.37,66.87,1594200,0.0,0.0
2021-09-09,67.36,69.32,67.2,67.79,1707600,0.0,0.0
2021-09-10,68.18,69.83,67.82,69.31,1563600,0.0,0.0
2021-09-13,69.25,69.92,68.37,69.8,3220200,0.0,0.0
2021-09-14,70.05,73.09,69.44,72.77,4686000,0.0,0.0
2021-09-15,72.86,73.0,70.15,72.7,3039000,0.0,0.0
2021-09-16,72.63,74.62,72.48,73.32,3357000,0.0,0.0
2021-09-17,73.83,75.24,71.86,72.49,4711800,0.0,0.0
2021-09-20,70.98,71.66,69.69,70.98,1797000,0.0,0.0
2021-09-21,71.6,71.88,70.09,70.41,1390800,0.0,0.0
2021-09-22,70.53,72.04,70.53,70.81,1670400,0.0,0.0
2021-09-23,71.54,72.54,71.0,71.16,1473000,0.0,0.0
2021-09-24,69.15,69.55,64.25,64.79,6414600,0.0,0.0
2021-09-27,64.16,65.15,63.31,63.74,3552000,0.0,0.0
2021-09-28,63.02,63.65,61.77,62.57,2449800,0.0,0.0
2021-09-29,62.85,63.13,61.08,62.05,2698200,0.0,0.0
2021-09-30,62.22,63.03,59.83,60.03,4902000,0.0,0.0
2021-10-01,60.12,62.04,58.66,60.91,3584400,0.0,0.0
2021-10-04,60.64,61.51,60.29,61.11,2563800,0.0,0.0
2021-10-05,60.94,62.13,60.31,60.82,2636400,0.0,0.0
2021-10-06,60.15,61.08,59.79,60.64,2464200,0.0,0.0
2021-10-07,61.34,63.31,61.23,62.68,2605800,0.0,0.0
2021-10-08,62.53,62.67,59.87,59.97,1859400,0.0,0.0
2021-10-11,59.7,60.02,55.06,55.11,8017800,0.0,0.0
2021-10-12,55.74,56.84,54.77,56.48,3630600,0.0,0.0
2021-10-13,56.96,58.37,56.72,57.89,3366000,0.0,0.0
2021-10-14,58.74,59.81,58.33,58.63,4472400,0.0,0.0
2021-10-15,58.89,60.4,58.64,59.71,2984400,0.0,0.0
2021-10-18,59.2,61.52,57.86,61.26,3837000,0.0,0.0
2021-10-19,61.27,61.3,60.1,60.39,1524000,0.0,0.0
2021-10-20,61.24,61.67,59.81,59.87,2006400,0.0,0.0
2021-10-21,62.33,63.53,61.75,63.28,3006600,0.0,0.0
2021-10-22,63.11,64.25,62.99,63.17,1999800,0.0,0.0
2021-10-25,63.47,65.13,63.2,64.29,2380200,0.0,0.0
2021-10-26,64.62,65.81,62.18,62.95,3019200,0.0,0.0
2021-10-27,62.57,63.76,61.25,62.72,2613600,0.0,0.0
2021-10-28,62.6,64.71,61.47,63.39,4348200,0.0,0.0
2021-10-29,64.87,68.33,62.03,65.88,7227600,0.0,0.0
2021-11-01,65.91,68.58,65.89,68.54,4005000,0.0,0.0
2021-11-02,68.12,68.38,65.62,65.92,3621000,0.0,0.0
2021-11-03,66.4,69.0,66.03,68.03,3406800,0.0,0.0
2021-11-04,67.89,69.68,67.51,69.34,3015600,0.0,0.0
2021-11-05,69.75,70.8,69.5,70.56,2502600,0.0,0.0
2021-11-08,70.32,71.0,68.35,69.61,2662200,0.0,0.0
2021-11-09,69.56,70.96,69.56,70.86,1673400,0.0,0.0
2021-11-10,70.12,71.07,69.54,70.44,1945200,0.0,0.0
2021-11-11,71.16,71.85,70.3,70.55,2548800,0.0,0.0
2021-11-12,70.94,72.42,70.75,71.22,1693200,0.0,0.0
2021-11-15,71.83,72.05,69.54,69.61,1883400,0.0,0.0
2021-11-16,69.42,73.27,69.42,71.44,2766600,0.0,0.0
2021-11-17,71.51,72.9,70.79,72.8,1594800,0.0,0.0
2021-11-18,73.52,74.09,72.62,73.05,1495200,0.0,0.0
2021-11-19,73.25,74.01,72.13,72.41,1540200,0.0,0.0
2021-11-22,72.73,74.67,71.4,71.84,2907000,0.0,0.0
2021-11-23,71.0,72.44,69.66,70.98,1681800,0.0,0.0
2021-11-24,69.33,71.45,69.16,71.0,2319000,0.0,0.0
2021-11-26,68.9,70.7,68.03,69.08,1235400,0.0,0.0
2021-11-29,69.93,70.1,68.07,69.19,1455000,0.0,0.0
2021-11-30,69.26,69.51,66.01,67.56,3087600,0.0,0.0
2021-12-01,68.37,70.75,66.13,66.26,2387400,0.0,0.0
2021-12-02,66.19,67.68,64.87,67.33,2706600,0.0,0.0
2021-12-03,66.94,67.94,64.26,65.01,2261400,0.0,0.0
2021-12-06,65.61,65.85,64.11,64.27,1953000,0.0,0.0
2021-12-07,65.81,68.48,65.37,67.5,2300400,0.0,0.0
2021-12-08,67.42,68.02,66.48,67.61,1193400,0.0,0.0
2021-12-09,67.08,68.2,65.52,65.81,1197000,0.0,0.0
2021-12-10,65.84,65.96,64.31,64.97,1179600,0.0,0.0
2021-12-13,64.98,64.98,61.84,63.05,2321400,0.0,0.0
2021-12-14,62.13,62.42,60.36,62.04,2774400,0.0,0.0
2021-12-15,62.56,63.16,60.69,63.1,2311200,0.0,0.0
2021-12-16,63.13,63.55,59.06,59.39,2565600,0.0,0.0
2021-12-17,58.4,60.0,58.3,59.34,2698800,0.0,0.0
2021-12-20,58.15,58.15,55.6,56.5,2355600,0.0,0.0
2021-12-21,58.03,58.88,57.71,58.48,2623800,0.0,0.0
2021-12-22,58.46,59.41,57.77,57.98,1944600,0.0,0.0
2021-12-23,58.63,59.83,57.54,59.42,3178200,0.0,0.0
2021-12-27,59.74,60.25,59.16,59.76,1416600,0.0,0.0
2021-12-28,60.45,61.08,59.8,59.83,898800,0.0,0.0
2021-12-29,60.0,61.77,60.0,60.97,1089600,0.0,0.0
2021-12-30,60.76,62.18,60.76,61.31,1300800,0.0,0.0
2021-12-31,61.25,62.14,60.67,61.05,919200,0.0,0.0
2022-01-03,61.2,62.15,60.87,61.32,1482600,0.0,0.0
2022-01-04,61.08,62.23,59.63,59.7,1546200,0.0,0.0
2022-01-05,58.85,60.06,56.94,57.03,2265000,0.0,0.0
2022-01-06,56.65,58.43,55.63,58.13,1670400,0.0,0.0
2022-01-07,57.81,59.13,56.17,56.34,1435200,0.0,0.0
2022-01-10,54.86,55.29,52.72,55.28,3389400,0.0,0.0
2022-01-11,55.84,56.8,54.0,56.56,2348400,0.0,0.0
2022-01-12,57.15,58.34,56.24,56.86,1693200,0.0,0.0
2022-01-13,57.16,57.63,55.5,55.68,1046400,0.0,0.0
2022-01-14,54.62,54.79,52.6,53.97,2082000,0.0,0.0
2022-01-18,53.63,54.44,53.37,53.79,1868400,0.0,0.0
2022-01-19,54.21,54.9,52.84,52.91,2312400,0.0,0.0
2022-01-20,53.39,54.1,51.76,52.02,1536000,0.0,0.0
2022-01-21,51.7,53.0,50.71,51.94,1918800,0.0,0.0
2022-01-24,50.84,53.55,49.31,53.49,2517600,0.0,0.0
2022-01-25,52.06,52.25,50.79,51.18,1990800,0.0,0.0
2022-01-26,52.81,53.31,49.25,49.81,2466600,0.0,0.0
2022-01-27,50.21,51.25,49.42,49.8,1392000,0.0,0.0
2022-01-28,49.98,50.84,48.2,50.83,2626800,0.0,0.0
2022-01-31,51.05,53.37,50.86,53.37,2086800,0.0,0.0
2022-02-01,53.72,55.23,52.75,54.87,2656200,0.0,0.0
2022-02-02,55.43,55.65,53.99,55.07,2866800,0.0,0.0
2022-02-03,53.78,55.38,53.57,53.69,2708400,0.0,0.0
2022-02-04,50.83,52.95,49.0,50.62,6375000,0.0,0.0
2022-02-07,50.51,51.04,49.0,49.36,3410400,0.0,0.0
2022-02-08,49.0,50.37,48.37,50.02,3760200,0.0,0.0
2022-02-09,51.21,52.3,50.74,51.56,2598000,0.0,0.0
2022-02-10,49.66,53.16,49.66,51.02,2108400,0.0,0.0
2022-02-11,51.09,51.62,50.13,50.68,3682200,0.0,0.0
2022-02-14,50.34,51.56,49.78,50.17,3299400,0.0,0.0
2022-02-15,50.81,52.44,50.81,52.33,2331600,0.0,0.0
2022-02-16,52.21,54.95,51.38,54.09,4421400,0.0,0.0
2022-02-17,53.52,54.02,49.89,49.96,1952400,0.0,0.0
2022-02-18,49.72,50.47,49.04,49.37,1717200,0.0,0.0
2022-02-22,48.48,50.1,47.23,47.6,2273400,0.0,0.0
2022-02-23,48.13,48.13,46.55,46.63,2733600,0.0,0.0
2022-02-24,44.51,47.73,44.51,47.45,3557400,0.0,0.0
2022-02-25,47.5,48.25,46.75,47.92,2406600,0.0,0.0
2022-02-28,47.4,48.18,46.82,48.1,2188800,0.0,0.0
2022-03-01,47.64,48.15,44.78,45.23,2774400,0.0,0.0
2022-03-02,45.59,47.33,45.25,46.92,2994000,0.0,0.0
2022-03-03,47.47,47.53,44.52,44.72,2045400,0.0,0.0
2022-03-04,44.56,44.56,40.71,40.92,4740000,0.0,0.0
2022-03-07,40.76,40.84,38.64,39.13,5796000,0.0,0.0
2022-03-08,39.21,41.0,38.98,40.27,3373200,0.0,0.0
2022-03-09,42.07,43.33,41.61,41.92,2207400,0.0,0.0
2022-03-10,40.79,43.58,40.79,43.23,4803600,0.0,0.0
2022-03-11,43.49,43.96,42.56,42.9,3397800,0.0,0.0
2022-03-14,42.7,43.52,41.49,41.79,2212800,0.0,0.0
2022-03-15,41.89,43.54,41.76,43.32,2148600,0.0,0.0
2022-03-16,43.97,45.93,43.75,45.92,3187200,0.0,0.0
2022-03-17,45.47,46.16,45.33,46.07,2439000,0.0,0.0
2022-03-18,46.18,48.59,45.91,48.52,5832000,0.0,0.0
2022-03-21,48.11,48.27,45.86,46.38,2047800,0.0,0.0
2022-03-22,46.84,47.67,46.2,46.7,2953800,0.0,0.0
2022-03-23,46.33,46.83,44.79,44.9,4338000,0.0,0.0
2022-03-24,45.25,45.5,44.31,45.0,3662400,0.0,0.0
2022-03-25,45.1,45.38,44.25,44.78,2218200,0.0,0.0
2022-03-28,44.95,45.94,44.19,45.93,1664400,0.0,0.0
2022-03-29,46.88,48.72,46.88,48.16,2454600,0.0,0.0
2022-03-30,47.77,47.77,46.52,46.89,1978200,0.0,0.0
2022-03-31,46.83,47.06,45.61,45.62,2103000,0.0,0.0
2022-04-01,45.95,46.54,45.66,46.11,1771200,0.0,0.0
2022-04-04,46.25,47.99,46.13,47.79,2440200,0.0,0.0
2022-04-05,47.48,47.54,45.47,46.02,2652600,0.0,0.0
2022-04-06,45.09,45.22,43.55,44.7,2157600,0.0,0.0
2022-04-07,44.31,45.15,43.74,44.65,1986000,0.0,0.0
2022-04-08,44.56,45.14,43.83,43.95,1994400,0.0,0.0
2022-04-11,42.78,44.53,42.78,43.39,1615200,0.0,0.0
2022-04-12,44.07,45.32,43.66,44.22,2265000,0.0,0.0
2022-04-13,44.06,45.65,44.06,45.3,1902600,0.0,0.0
2022-04-14,45.66,45.98,44.78,45.2,2002800,0.0,0.0
2022-04-18,45.0,45.37,44.13,45.16,1692600,0.0,0.0
2022-04-19,45.44,48.49,45.44,48.39,2102400,0.0,0.0
2022-04-20,49.08,49.82,48.23,48.27,2553000,0.0,0.0
2022-04-21,49.53,49.9,47.58,48.19,3950400,0.0,0.0
2022-04-22,47.7,47.75,45.59,45.65,2377800,0.0,0.0
2022-04-25,44.98,46.42,44.41,46.41,2910000,0.0,0.0
2022-04-26,45.64,46.4,43.61,43.69,1815600,0.0,0.0
2022-04-27,43.73,45.56,43.63,44.16,1602000,0.0,0.0
2022-04-28,44.61,45.89,43.8,45.55,1450800,0.0,0.0
2022-04-29,45.19,46.34,44.22,44.29,1277400,0.0,0.0
2022-05-02,43.93,45.64,43.68,45.51,1904400,0.0,0.0
2022-05-03,45.23,45.79,44.18,45.24,1392600,0.0,0.0
2022-05-04,45.14,46.62,43.91,46.51,1289400,0.0,0.0
2022-05-05,45.49,45.88,42.48,43.16,1878600,0.0,0.0
2022-05-06,42.55,42.55,39.98,41.1,2442000,0.0,0.0
2022-05-09,40.29,41.76,39.27,39.5,2788800,0.0,0.0
2022-05-10,40.48,40.9,38.3,39.41,2299800,0.0,0.0
2022-05-11,40.52,40.9,38.1,38.18,2744400,0.0,0.0
2022-05-12,37.6,40.23,37.6,39.45,1870200,0.0,0.0
2022-05-13,40.45,41.65,40.25,41.08,2566200,0.0,0.0
2022-05-16,40.74,41.11,39.5,39.83,3289800,0.0,0.0
2022-05-17,41.05,41.37,39.41,40.7,2778600,0.0,0.0
2022-05-18,39.16,39.22,37.16,37.88,4318200,0.0,0.0
2022-05-19,37.39,38.04,35.48,37.79,6525000,0.0,0.0
2022-05-20,44.15,45.37,41.08,42.54,12616200,0.0,0.0
2022-05-23,42.83,42.83,40.01,41.35,4033800,0.0,0.0
2022-05-24,40.7,40.83,38.84,40.15,3090000,0.0,0.0
2022-05-25,39.34,41.95,39.32,41.26,3102600,0.0,0.0
2022-05-26,42.04,44.31,41.79,43.69,2911200,0.0,0.0
2022-05-27,43.83,45.31,43.83,45.3,2431200,0.0,0.0
2022-05-31,44.84,45.26,44.1,44.75,2470200,0.0,0.0
2022-06-01,45.0,45.31,43.36,43.5,2128800,0.0,0.0
2022-06-02,43.57,45.61,43.57,45.44,1402200,0.0,0.0
2022-06-03,44.6,45.2,44.09,45.09,1764600,0.0,0.0
2022-06-06,45.66,45.97,44.82,45.81,1560600,0.0,0.0
2022-06-07,44.95,46.0,44.58,45.41,2553600,0.0,0.0
2022-06-08,45.4,46.36,44.76,46.02,1729800,0.0,0.0
2022-06-09,45.86,46.22,45.33,45.88,1876800,0.0,0.0
2022-06-10,45.13,45.73,44.49,44.99,1536600,0.0,0.0
2022-06-13,43.33,43.84,41.57,41.81,2585400,0.0,0.0
2022-06-14,41.91,42.41,41.49,41.95,1465200,0.0,0.0
2022-06-15,42.67,43.54,41.81,42.97,1585200,0.0,0.0
2022-06-16,41.51,41.6,39.77,40.27,2355000,0.0,0.0
2022-06-17,41.06,42.15,40.63,41.71,1746000,0.0,0.0
2022-06-21,43.05,43.55,42.66,43.04,2158800,0.0,0.0
2022-06-22,42.29,43.23,41.93,42.5,2466000,0.0,0.0
2022-06-23,43.01,43.7,42.45,43.47,2307000,0.0,0.0
2022-06-24,44.35,45.89,43.99,45.55,5149200,0.0,0.0
2022-06-27,45.5,45.56,42.88,44.72,3108000,0.0,0.0
2022-06-28,45.02,45.83,43.67,43.91,1971000,0.0,0.0
2022-06-29,43.73,43.95,42.67,43.37,1769400,0.0,0.0
2022-06-30,42.56,43.49,41.33,42.55,1567200,0.0,0.0
2022-07-01,42.49,42.63,40.2,40.77,3109800,0.0,0.0
2022-07-05,39.99,44.08,39.73,43.78,2836200,0.0,0.0
2022-07-06,43.88,44.34,42.81,43.35,1730400,0.0,0.0
2022-07-07,43.93,45.53,43.34,45.36,1914600,0.0,0.0
2022-07-08,45.0,45.63,44.22,44.93,1791000,0.0,0.0
2022-07-11,44.53,44.56,43.41,43.6,1638000,0.0,0.0
2022-07-12,43.84,45.41,43.59,43.96,2373600,0.0,0.0
2022-07-13,43.13,45.52,42.76,45.15,2197200,0.0,0.0
2022-07-14,44.4,44.94,42.85,44.22,2762400,0.0,0.0
2022-07-15,44.91,45.84,44.62,45.12,2544000,0.0,0.0
2022-07-18,45.44,46.96,45.21,45.98,4096200,0.0,0.0
2022-07-19,46.44,48.84,46.18,48.26,3506400,0.0,0.0
2022-07-20,48.5,49.55,48.31,49.45,2447400,0.0,0.0
2022-07-21,49.86,50.44,48.74,49.77,2547600,0.0,0.0
2022-07-22,49.81,50.2,48.44,48.98,1967400,0.0,0.0
2022-07-25,49.34,49.42,48.02,48.52,2293800,0.0,0.0
2022-07-26,47.31,47.65,45.91,45.99,2326800,0.0,0.0
2022-07-27,46.56,47.13,45.41,46.89,3021000,0.0,0.0
2022-07-28,47.35,47.9,45.84,47.9,4326000,0.0,0.0
2022-07-29,51.51,52.86,50.17,52.2,6613200,0.0,0.0
2022-08-01,50.96,52.99,50.0,52.33,3951600,0.0,0.0
2022-08-02,52.22,52.24,51.0,51.25,1957200,0.0,0.0
2022-08-03,52.01,53.06,51.81,52.69,1927200,0.0,0.0
2022-08-04,52.24,52.59,51.52,52.22,1455600,0.0,0.0
2022-08-05,51.2,53.09,51.2,52.88,2167200,0.0,0.0
2022-08-08,53.43,54.68,52.95,53.36,2209200,0.0,0.0
2022-08-09,53.05,53.32,51.27,52.05,1883400,0.0,0.0
2022-08-10,53.8,54.67,53.44,54.53,2803800,0.0,0.0
2022-08-11,55.32,56.16,54.77,54.84,2158200,0.0,0.0
2022-08-12,54.89,55.58,54.41,55.56,1367400,0.0,0.0
2022-08-15,55.43,56.78,55.4,56.43,1787400,0.0,0.0
2022-08-16,56.47,57.66,56.17,56.94,1507200,0.0,0.0
2022-08-17,55.93,56.86,55.54,56.11,1112400,0.0,0.0
2022-08-18,55.78,56.29,54.73,56.18,1459200,0.0,0.0
2022-08-19,55.79,56.02,54.35,54.55,1585800,0.0,0.0
2022-08-22,53.68,54.99,53.47,54.72,1450800,0.0,0.0
2022-08-23,55.13,56.09,54.35,54.4,1228200,0.0,0.0
2022-08-24,54.21,55.13,53.73,54.04,1279200,0.0,0.0
2022-08-25,53.85,55.53,53.85,55.49,1288200,0.0,0.0
2022-08-26,55.44,55.68,54.05,54.74,1734600,0.0,0.0
2022-08-29,53.77,55.16,53.67,54.65,1563600,0.0,0.0
2022-08-30,55.14,55.66,53.61,54.09,1785000,0.0,0.0
2022-08-31,54.32,54.43,53.11,53.59,1061400,0.0,0.0
2022-09-01,52.91,53.46,51.92,53.31,1624200,0.0,0.0
2022-09-02,53.93,54.14,52.54,52.88,1192200,0.0,0.0
2022-09-06,53.29,54.31,52.22,54.1,1827000,0.0,0.0
2022-09-07,54.03,56.73,54.03,56.56,1812000,0.0,0.0
2022-09-08,55.68,58.55,55.39,58.14,2376600,0.0,0.0
2022-09-09,58.27,58.71,57.64,58.11,1407000,0.0,0.0
2022-09-12,58.25,59.81,58.25,59.61,2268600,0.0,0.0
2022-09-13,57.24,57.35,55.28,55.61,2435400,0.0,0.0
2022-09-14,55.75,56.08,54.89,55.72,1801200,0.0,0.0
2022-09-15,57.13,58.71,56.48,56.54,2626200,0.0,0.0
2022-09-16,55.72,56.24,54.93,56.2,3952200,0.0,0.0
2022-09-19,55.85,57.31,55.85,57.15,1552200,0.0,0.0
2022-09-20,56.15,56.84,55.32,56.15,1680600,0.0,0.0
2022-09-21,56.41,57.04,54.9,54.95,1464000,0.0,0.0
2022-09-22,54.66,55.07,52.77,53.64,1935600,0.0,0.0
2022-09-23,52.8,53.39,52.24,53.33,1978800,0.0,0.0
2022-09-26,53.45,54.34,52.05,52.34,2367000,0.0,0.0
2022-09-27,53.23,54.06,52.66,53.16,1698000,0.0,0.0
2022-09-28,53.47,55.32,53.27,55.02,1862400,0.0,0.0
2022-09-29,54.27,54.42,53.12,53.84,1988400,0.0,0.0
2022-09-30,50.92,52.95,49.76,52.1,4674600,0.0,0.0
2022-10-03,52.54,54.37,52.11,53.83,2230200,0.0,0.0
2022-10-04,55.24,56.52,55.1,55.67,2187600,0.0,0.0
2022-10-05,55.11,57.16,54.99,56.83,1875600,0.0,0.0
2022-10-06,56.51,57.73,56.37,56.73,1888800,0.0,0.0
2022-10-07,55.61,55.87,54.87,55.81,1144200,0.0,0.0
2022-10-10,56.11,56.17,53.35,55.2,2320800,0.0,0.0
2022-10-11,54.88,57.03,54.5,56.25,1759800,0.0,0.0
2022-10-12,56.18,57.29,55.43,56.4,1711800,0.0,0.0
2022-10-13,55.09,57.99,54.17,57.19,2234400,0.0,0.0
2022-10-14,57.62,58.62,56.13,56.84,2029800,0.0,0.0
2022-10-17,57.83,58.98,57.46,58.88,3093000,0.0,0.0
2022-10-18,60.61,60.9,59.29,60.17,2767800,0.0,0.0
2022-10-19,59.75,60.14,58.77,59.09,2038200,0.0,0.0
2022-10-20,59.78,60.97,57.58,57.96,2836800,0.0,0.0
2022-10-21,57.68,60.61,57.5,60.54,3130200,0.0,0.0
2022-10-24,60.44,60.64,58.65,60.27,2698200,0.0,0.0
2022-10-25,60.83,62.18,60.66,61.53,4065000,0.0,0.0
2022-10-26,60.81,61.41,60.12,60.23,3901800,0.0,0.0
2022-10-27,60.52,61.31,58.16,59.98,4287000,0.0,0.0
2022-10-28,57.79,58.87,56.17,57.55,5255400,0.0,0.0
2022-10-31,58.12,60.21,57.91,58.32,3229800,0.0,0.0
2022-11-01,59.16,61.25,58.78,60.49,3116400,0.0,0.0
2022-11-02,60.1,60.64,57.66,57.76,3133200,0.0,0.0
2022-11-03,57.88,60.15,56.74,59.36,2968200,0.0,0.0
2022-11-04,60.87,60.99,57.57,58.93,2946000,0.0,0.0
2022-11-07,59.76,59.76,56.54,57.02,2947200,0.0,0.0
2022-11-08,57.09,57.76,55.18,55.55,3056400,0.0,0.0
2022-11-09,54.88,56.27,54.82,54.95,2700600,0.0,0.0
2022-11-10,57.2,59.25,57.16,58.45,3003600,0.0,0.0
2022-11-11,58.69,58.99,56.27,57.51,3532800,0.0,0.0
2022-11-14,55.95,57.12,54.34,54.37,3831600,0.0,0.0
2022-11-15,55.88,57.92,54.81,57.87,3588000,0.0,0.0
2022-11-16,56.75,57.96,55.7,57.83,3315000,0.0,0.0
2022-11-17,56.73,59.28,56.2,58.82,3534600,0.0,0.0
2022-11-18,60.42,62.72,60.0,62.56,5220600,0.0,0.0
2022-11-21,62.2,62.9,60.22,60.72,2452200,0.0,0.0
2022-11-22,61.23,61.99,60.4,61.68,1734600,0.0,0.0
2022-11-23,61.8,63.73,61.6,63.13,2318400,0.0,0.0
2022-11-25,62.95,63.64,62.66,63.52,645600,0.0,0.0
2022-11-28,63.39,64.9,63.38,63.91,2039400,0.0,0.0
2022-11-29,64.26,64.89,63.88,64.78,1507800,0.0,0.0
2022-11-30,65.4,66.58,64.59,66.48,2572800,0.0,0.0
2022-12-01,66.22,67.05,64.35,65.06,2314800,0.0,0.0
2022-12-02,64.3,65.8,64.3,64.88,2278800,0.0,0.0
2022-12-05,64.38,65.09,62.57,62.84,2489400,0.0,0.0
2022-12-06,63.01,63.01,61.67,62.72,2423400,0.0,0.0
2022-12-07,62.17,63.11,61.63,62.97,1270200,0.0,0.0
2022-12-08,63.38,64.06,63.02,63.46,1212000,0.0,0.0
2022-12-09,62.65,63.57,61.39,62.18,2179200,0.0,0.0
2022-12-12,62.49,63.59,61.75,63.2,2215800,0.0,0.0
2022-12-13,64.67,64.67,62.5,63.36,2605200,0.0,0.0
2022-12-14,63.4,65.45,63.33,65.0,2551800,0.0,0.0
2022-12-15,63.84,63.84,62.61,62.93,1424400,0.0,0.0
2022-12-16,62.22,62.74,60.99,61.58,2606400,0.0,0.0
2022-12-19,61.6,61.81,60.71,61.13,3218400,0.0,0.0
2022-12-20,60.7,61.28,60.27,60.5,1983600,0.0,0.0
2022-12-21,62.02,63.83,62.02,63.7,1671600,0.0,0.0
2022-12-22,63.54,65.32,63.17,64.77,1923600,0.0,0.0
2022-12-23,64.84,65.25,64.07,65.14,1165800,0.0,0.0
2022-12-27,65.11,66.84,64.85,66.13,1998000,0.0,0.0
2022-12-28,66.0,66.47,64.25,65.19,1502400,0.0,0.0
2022-12-29,65.92,66.7,65.51,66.66,1337400,0.0,0.0
2022-12-30,65.73,66.63,65.23,66.52,1117200,0.0,0.0
2023-01-03,67.43,67.44,64.52,64.87,2572200,0.0,0.0
2023-01-04,64.92,66.18,64.51,64.98,2728800,0.0,0.0
2023-01-05,64.71,66.29,63.75,65.84,1839600,0.0,0.0
2023-01-06,66.63,67.12,65.86,66.26,1847400,0.0,0.0
2023-01-09,65.68,68.82,65.36,67.64,2747400,0.0,0.0
2023-01-10,67.94,68.89,67.04,67.66,2160000,0.0,0.0
2023-01-11,67.69,68.55,67.69,68.41,2331600,0.0,0.0
2023-01-12,68.66,69.84,68.1,69.45,1935000,0.0,0.0
2023-01-13,68.86,70.44,68.85,70.15,2152800,0.0,0.0
2023-01-17,69.72,70.63,69.66,70.0,1518000,0.0,0.0
2023-01-18,70.05,71.16,70.0,70.05,1867200,0.0,0.0
2023-01-19,69.85,70.34,69.28,69.48,2081400,0.0,0.0
2023-01-20,69.66,70.06,69.04,69.66,1591800,0.0,0.0
2023-01-23,70.39,71.35,69.98,70.37,1728000,0.0,0.0
2023-01-24,69.83,70.86,69.43,70.45,1503000,0.0,0.0
2023-01-25,69.88,70.3,68.51,70.09,2085000,0.0,0.0
2023-01-26,71.04,71.33,69.37,70.16,2244000,0.0,0.0
2023-01-27,69.92,71.37,69.92,71.08,3088200,0.0,0.0
2023-01-30,70.72,71.78,69.98,70.05,2249400,0.0,0.0
2023-01-31,70.38,71.24,69.53,71.24,2854800,0.0,0.0
2023-02-01,70.68,71.77,69.75,71.39,2394600,0.0,0.0
2023-02-02,71.72,72.21,69.52,70.22,4194600,0.0,0.0
2023-02-03,69.21,70.81,68.17,69.05,4294800,0.0,0.0
2023-02-06,68.1,69.95,68.1,69.37,2423400,0.0,0.0
2023-02-07,69.12,69.77,68.27,69.6,2100600,0.0,0.0
2023-02-08,68.79,69.31,68.02,69.12,2268600,0.0,0.0
2023-02-09,70.0,70.67,69.55,70.13,3785400,0.0,0.0
2023-02-10,69.53,70.87,68.57,69.08,3155400,0.0,0.0
2023-02-13,69.71,70.55,69.09,70.19,2479200,0.0,0.0
2023-02-14,69.69,71.68,69.67,70.55,1944600,0.0,0.0
2023-02-15,70.04,70.38,69.2,69.24,2522400,0.0,0.0
2023-02-16,68.48,69.59,67.58,67.83,2876400,0.0,0.0
2023-02-17,67.87,68.48,67.29,67.56,2640600,0.0,0.0
2023-02-21,66.83,68.32,66.44,66.58,2788800,0.0,0.0
2023-02-22,66.57,67.22,66.19,67.1,1933200,0.0,0.0
2023-02-23,67.39,67.99,67.04,67.33,2006400,0.0,0.0
2023-02-24,66.89,67.19,66.26,66.69,1576800,0.0,0.0
2023-02-27,67.37,68.16,67.21,67.73,2395800,0.0,0.0
2023-02-28,67.76,70.08,67.76,69.39,2593800,0.0,0.0
2023-03-01,69.43,70.92,68.75,69.26,1626000,0.0,0.0
2023-03-02,69.06,70.26,68.65,70.13,1540200,0.0,0.0
2023-03-03,70.55,71.45,70.12,71.4,1603800,0.0,0.0
2023-03-06,71.41,72.61,71.28,72.25,2322000,0.0,0.0
2023-03-07,72.35,73.96,71.86,71.9,2572800,0.0,0.0
2023-03-08,71.79,72.28,70.99,71.74,1668600,0.0,0.0
2023-03-09,71.79,72.28,70.2,70.6,1471800,0.0,0.0
2023-03-10,70.72,70.72,67.55,68.72,2388000,0.0,0.0
2023-03-13,67.48,68.95,66.87,68.28,2973600,0.0,0.0
2023-03-14,69.29,70.87,69.07,70.0,1736400,0.0,0.0
2023-03-15,68.3,68.88,65.98,67.73,2333400,0.0,0.0
2023-03-16,67.2,69.76,67.2,69.45,1539000,0.0,0.0
2023-03-17,69.06,69.57,67.58,68.7,2777400,0.0,0.0
2023-03-20,69.07,69.98,68.76,69.25,1421400,0.0,0.0
2023-03-21,70.52,73.59,70.52,73.31,2984400,0.0,0.0
2023-03-22,72.74,74.48,72.16,72.21,2944800,0.0,0.0
2023-03-23,72.99,74.3,72.58,73.7,2271600,0.0,0.0
2023-03-24,73.24,74.09,72.5,73.79,1579200,0.0,0.0
2023-03-27,74.23,75.01,73.51,74.69,2013600,0.0,0.0
2023-03-28,75.2,76.27,74.68,75.27,2569800,0.0,0.0
2023-03-29,75.86,75.86,74.64,75.28,1764600,0.0,0.0
2023-03-30,75.47,76.15,74.4,74.66,2655000,0.0,0.0
2023-03-31,74.94,75.73,74.41,74.92,2928000,0.0,0.0
2023-04-03,75.01,75.68,74.41,75.58,2344200,0.0,0.0
2023-04-04,75.95,76.66,74.7,75.87,2019600,0.0,0.0
2023-04-05,75.23,75.37,74.22,74.86,1252200,0.0,0.0
2023-04-06,74.2,74.66,73.21,74.39,2249400,0.0,0.0
2023-04-10,74.11,76.56,74.08,76.34,1926600,0.0,0.0
2023-04-11,76.64,76.81,75.98,76.2,1239600,0.0,0.0
2023-04-12,76.32,77.15,76.16,76.29,1518600,0.0,0.0
2023-04-13,77.06,77.4,76.19,77.18,1351200,0.0,0.0
2023-04-14,77.58,78.58,77.31,77.83,1212600,0.0,0.0
2023-04-17,78.76,79.17,77.36,77.98,1809000,0.0,0.0
2023-04-18,78.2,80.02,77.94,79.57,2440200,0.0,0.0
2023-04-19,79.45,80.15,79.38,80.11,2146800,0.0,0.0
2023-04-20,79.84,80.84,79.84,79.93,1505400,0.0,0.0
2023-04-21,80.03,81.38,79.57,81.11,1926600,0.0,0.0
2023-04-24,81.14,82.07,80.49,81.64,1645800,0.0,0.0
2023-04-25,81.45,81.65,79.16,79.37,2352000,0.0,0.0
2023-04-26,79.19,80.17,79.19,79.75,1568400,0.0,0.0
2023-04-27,79.16,79.69,76.8,79.22,3478800,0.0,0.0
2023-04-28,78.35,80.0,78.19,79.88,2050200,0.0,0.0
2023-05-01,80.23,81.7,79.93,80.99,1612200,0.0,0.0
2023-05-02,80.6,81.0,79.02,80.81,1303200,0.0,0.0
2023-05-03,80.52,81.76,80.02,80.81,2181600,0.0,0.0
2023-05-04,80.15,80.66,79.22,79.79,1605000,0.0,0.0
2023-05-05,80.67,81.51,80.01,80.87,1227600,0.0,0.0
2023-05-08,81.0,82.83,80.48,82.44,1751400,0.0,0.0
2023-05-09,81.75,83.01,81.62,82.81,1880400,0.0,0.0
2023-05-10,83.91,83.91,81.2,82.62,1420200,0.0,0.0
2023-05-11,82.59,82.93,81.57,81.73,1661400,0.0,0.0
2023-05-12,81.76,82.66,80.93,81.76,2323200,0.0,0.0
2023-05-15,81.81,82.38,81.26,81.91,2211000,0.0,0.0
2023-05-16,80.72,81.44,77.88,78.88,3347400,0.0,0.0
2023-05-17,78.73,79.1,77.4,78.39,2989800,0.0,0.0
2023-05-18,78.29,79.99,77.81,78.75,1699800,0.0,0.0
2023-05-19,76.66,76.78,73.62,75.79,5455200,0.0,0.0
2023-05-22,76.5,76.73,75.22,76.03,2657400,0.0,0.0
2023-05-23,75.23,75.23,73.94,74.79,2904600,0.0,0.0
2023-05-24,74.88,74.98,72.85,73.38,3610800,0.0,0.0
2023-05-25,74.14,76.06,73.52,75.0,5267400,0.0,0.0
2023-05-26,72.5,78.7,70.72,77.52,8069400,0.0,0.0
2023-05-30,78.51,81.74,78.36,81.51,5094600,0.0,0.0
2023-05-31,80.83,80.98,77.69,79.16,17745600,0.0,0.0
2023-06-01,78.66,79.4,77.37,77.5,3328200,0.0,0.0
2023-06-02,78.74,80.31,78.74,79.46,2592600,0.0,0.0
2023-06-05,79.55,81.6,79.55,80.95,2170800,0.0,0.0
2023-06-06,80.9,82.96,80.9,81.92,2275200,0.0,0.0
2023-06-07,81.84,84.08,81.84,83.02,3435600,0.0,0.0
2023-06-08,82.64,83.41,80.91,81.83,3022800,0.0,0.0
2023-06-09,82.1,82.8,80.96,81.38,2351400,0.0,0.0
2023-06-12,81.81,83.84,81.27,83.48,2504400,0.0,0.0
2023-06-13,83.91,84.16,81.55,81.78,3221400,0.0,0.0
2023-06-14,82.0,85.33,81.18,84.45,2379000,0.0,0.0
2023-06-15,83.97,85.75,83.73,85.33,2041200,0.0,0.0
2023-06-16,86.2,86.2,84.63,85.45,2942400,0.0,0.0
2023-06-20,84.83,85.45,83.66,84.72,2136600,0.0,0.0
2023-06-21,84.79,86.41,84.79,85.02,1547400,0.0,0.0
2023-06-22,84.84,85.61,83.62,83.92,1937400,0.0,0.0
2023-06-23,83.09,85.09,82.85,84.35,2782800,0.0,0.0
2023-06-26,84.78,85.74,84.19,84.9,1639200,0.0,0.0
2023-06-27,85.43,86.53,84.73,85.33,1873800,0.0,0.0
2023-06-28,85.39,87.09,85.39,86.68,1930200,0.0,0.0
2023-06-29,86.83,87.0,85.46,85.66,1819200,0.0,0.0
2023-06-30,86.84,88.29,86.33,87.94,2974200,0.0,0.0
2023-07-03,88.19,89.72,88.08,88.57,1299000,0.0,0.0
2023-07-05,88.76,89.44,87.83,89.09,2097600,0.0,0.0
2023-07-06,88.32,88.67,87.16,88.32,2001600,0.0,0.0
2023-07-07,88.16,89.17,87.57,87.86,1523400,0.0,0.0
2023-07-10,88.13,90.71,88.13,90.14,2128800,0.0,0.0
2023-07-11,90.09,92.01,90.09,91.9,2112000,0.0,0.0
2023-07-12,92.65,93.82,91.42,92.22,1976400,0.0,0.0
2023-07-13,92.34,93.18,89.8,89.89,2407800,0.0,0.0
2023-07-14,90.49,91.06,89.93,90.58,1653600,0.0,0.0
2023-07-17,90.48,91.94,90.35,91.24,1577400,0.0,0.0
2023-07-18,91.09,92.18,90.27,91.11,1986600,0.0,0.0
2023-07-19,90.76,91.42,90.51,90.62,1499400,0.0,0.0
2023-07-20,90.46,90.88,88.87,89.23,1454400,0.0,0.0
2023-07-21,90.76,90.76,88.97,89.59,2256000,0.0,0.0
2023-07-24,90.45,91.87,89.34,91.57,3175800,0.0,0.0
2023-07-25,91.83,92.91,91.43,92.55,2742000,0.0,0.0
2023-07-26,92.01,93.04,91.61,93.0,1861800,0.0,0.0
2023-07-27,92.71,93.16,89.07,89.5,3953400,0.0,0.0
2023-07-28,86.33,90.44,85.23,89.01,5791800,0.0,0.0
2023-07-31,89.88,90.62,89.58,90.61,2559600,0.0,0.0
2023-08-01,90.04,91.36,90.04,90.39,1939200,0.0,0.0
2023-08-02,90.07,91.23,89.86,90.15,1956000,0.0,0.0
2023-08-03,90.58,92.72,90.21,92.55,1999200,0.0,0.0
2023-08-04,93.45,93.66,91.76,92.07,2311200,0.0,0.0
2023-08-07,92.66,94.7,92.66,94.25,1961400,0.0,0.0
2023-08-08,93.85,94.74,93.72,94.18,2076000,0.0,0.0
2023-08-09,94.23,94.46,92.0,92.5,1452600,0.0,0.0
2023-08-10,92.5,94.22,92.25,93.24,1825800,0.0,0.0
2023-08-11,93.17,93.72,91.73,92.03,1435800,0.0,0.0
2023-08-14,92.25,93.14,91.75,93.04,1189200,0.0,0.0
2023-08-15,92.1,93.05,92.1,92.45,1393800,0.0,0.0
2023-08-16,92.69,93.58,92.51,92.77,1174200,0.0,0.0
2023-08-17,93.18,93.18,91.26,91.34,1750800,0.0,0.0
2023-08-18,90.66,93.06,90.31,92.88,2059200,0.0,0.0
2023-08-21,93.57,93.65,92.0,93.4,1400400,0.0,0.0
2023-08-22,91.58,93.11,91.5,92.56,1560000,0.0,0.0
2023-08-23,89.5,91.89,89.5,91.7,1878000,0.0,0.0
2023-08-24,91.71,91.75,86.91,86.96,3081000,0.0,0.0
2023-08-25,87.33,88.37,86.25,86.91,1857600,0.0,0.0
2023-08-28,86.91,87.49,85.03,86.04,2490000,0.0,0.0
2023-08-29,85.97,88.1,85.89,87.97,2532000,0.0,0.0
2023-08-30,87.9,87.9,86.05,86.47,2440200,0.0,0.0
2023-08-31,86.68,88.77,86.68,88.18,4614000,0.0,0.0
2023-09-01,89.03,89.81,88.33,88.79,1947600,0.0,0.0
2023-09-05,88.47,88.77,86.32,87.35,1972200,0.0,0.0
2023-09-06,87.14,87.94,87.08,87.63,1693800,0.0,0.0
2023-09-07,87.05,87.29,85.39,87.28,3052200,0.0,0.0
2023-09-08,87.05,88.28,86.93,87.87,1753200,0.0,0.0
2023-09-11,88.5,89.61,87.65,89.54,2076000,0.0,0.0
2023-09-12,89.31,91.03,89.31,90.12,2276400,0.0,0.0
2023-09-13,89.91,89.91,88.17,88.98,1863000,0.0,0.0
2023-09-14,89.58,90.19,88.17,89.48,1444800,0.0,0.0
2023-09-15,89.12,89.68,85.78,87.14,5206800,0.0,0.0
2023-09-18,87.0,87.79,86.61,87.7,1690200,0.0,0.0
2023-09-19,87.54,88.75,86.68,88.58,1518600,0.0,0.0
2023-09-20,88.44,89.04,87.26,87.27,1140000,0.0,0.0
2023-09-21,86.52,86.85,83.98,84.19,2277600,0.0,0.0
2023-09-22,84.65,85.89,84.65,85.09,1423200,0.0,0.0
2023-09-25,84.67,85.72,84.4,85.26,1549800,0.0,0.0
2023-09-26,84.85,85.59,83.33,83.71,2152200,0.0,0.0
2023-09-27,84.15,84.3,82.79,83.59,1901400,0.0,0.0
2023-09-28,83.83,84.81,83.29,84.61,2080200,0.0,0.0
2023-09-29,86.66,87.14,85.4,85.68,2020200,0.0,0.0
2023-10-02,85.56,87.18,85.56,86.25,1817400,0.0,0.0
2023-10-03,85.18,85.91,84.35,84.68,1851000,0.0,0.0
2023-10-04,84.97,85.6,83.52,85.14,1421400,0.0,0.0
2023-10-05,85.02,85.03,82.64,82.75,2175000,0.0,0.0
2023-10-06,82.45,83.49,81.27,82.51,2309400,0.0,0.0
2023-10-09,81.88,83.49,81.62,83.25,1510200,0.0,0.0
2023-10-10,83.39,85.61,83.38,84.75,1691400,0.0,0.0
2023-10-11,84.76,86.19,83.66,84.84,1822800,0.0,0.0
2023-10-12,85.15,85.29,82.56,82.89,1783200,0.0,0.0
2023-10-13,82.95,83.21,81.62,82.07,1876800,0.0,0.0
2023-10-16,83.01,84.53,83.01,83.54,2479800,0.0,0.0
2023-10-17,83.04,86.88,83.04,86.48,2736600,0.0,0.0
2023-10-18,86.19,87.14,85.2,85.32,1827000,0.0,0.0
2023-10-19,85.68,86.09,84.47,84.81,2051400,0.0,0.0
2023-10-20,85.07,85.14,82.65,82.93,2026200,0.0,0.0
2023-10-23,82.62,83.32,81.19,82.4,2466600,0.0,0.0
2023-10-24,83.31,83.51,82.16,82.68,1948800,0.0,0.0
2023-10-25,82.11,83.76,81.33,82.06,2166000,0.0,0.0
2023-10-26,81.94,82.59,80.66,80.76,3465600,0.0,0.0
2023-10-27,90.86,97.5,90.51,96.06,11014200,0.0,0.0
2023-10-30,96.69,99.01,96.19,97.42,4617600,0.0,0.0
2023-10-31,97.83,99.75,97.75,99.51,3412200,0.0,0.0
2023-11-01,99.82,99.82,96.9,98.99,3770400,0.0,0.0
2023-11-02,99.17,100.41,98.87,100.16,2251200,0.0,0.0
2023-11-03,100.16,101.0,98.44,99.51,3000000,0.0,0.0
2023-11-06,100.11,102.32,99.69,102.14,2382000,0.0,0.0
2023-11-07,102.5,105.2,102.29,104.85,2739000,0.0,0.0
2023-11-08,104.82,105.66,104.04,104.53,2490600,0.0,0.0
2023-11-09,105.08,105.57,104.23,104.92,1982400,0.0,0.0
2023-11-10,104.72,105.6,104.15,105.45,1579800,0.0,0.0
2023-11-13,104.93,105.34,104.0,104.73,1590000,0.0,0.0
2023-11-14,105.15,105.87,104.46,105.02,2145600,0.0,0.0
2023-11-15,105.02,106.33,104.95,105.38,1800600,0.0,0.0
2023-11-16,104.08,104.08,100.71,102.57,2812800,0.0,0.0
2023-11-17,103.41,104.26,102.8,103.41,1522800,0.0,0.0
2023-11-20,103.36,105.66,103.36,104.91,1585200,0.0,0.0
2023-11-21,104.93,105.75,104.5,105.69,1845000,0.0,0.0
2023-11-22,106.33,107.02,105.08,105.41,1164000,0.0,0.0
2023-11-24,105.1,106.45,105.1,106.17,457200,0.0,0.0
2023-11-27,105.83,109.87,105.83,109.43,2812200,0.0,0.0
2023-11-28,109.77,109.77,108.11,108.61,1476000,0.0,0.0
2023-11-29,109.98,110.37,108.59,109.16,2097000,0.0,0.0
2023-11-30,109.58,110.77,108.99,110.66,3073200,0.0,0.0
2023-12-01,110.75,114.25,110.75,114.17,2542800,0.0,0.0
2023-12-04,114.06,116.47,113.17,115.63,2554800,0.0,0.0
2023-12-05,115.0,115.91,114.43,115.06,2342400,0.0,0.0
2023-12-06,114.94,115.66,114.07,114.62,1664400,0.0,0.0
2023-12-07,114.45,116.33,114.41,115.73,1521000,0.0,0.0
2023-12-08,114.6,116.61,113.71,115.89,1677600,0.0,0.0
2023-12-11,116.19,118.01,116.01,116.3,1917600,0.0,0.0
2023-12-12,116.54,118.18,115.38,117.62,2211600,0.0,0.0
2023-12-13,118.89,120.16,117.69,119.87,2847600,0.0,0.0
2023-12-14,119.01,119.36,115.39,116.3,3369000,0.0,0.0
2023-12-15,116.0,117.49,114.66,117.13,4026600,0.0,0.0
2023-12-18,116.94,118.47,116.5,117.78,2148000,0.0,0.0
2023-12-19,119.16,120.56,118.74,119.15,1545600,0.0,0.0
2023-12-20,118.39,118.99,116.77,116.79,1723200,0.0,0.0
2023-12-21,117.49,118.23,116.81,117.35,1603800,0.0,0.0
2023-12-22,114.73,116.73,113.83,115.61,2115000,0.0,0.0
2023-12-26,115.39,115.85,114.59,114.66,1504800,0.0,0.0
2023-12-27,114.41,114.67,113.86,114.62,1877400,0.0,0.0
2023-12-28,113.25,114.06,112.2,112.58,1729200,0.0,0.0
2023-12-29,112.42,113.11,111.11,111.4,1248600,0.0,0.0
2024-01-02,110.8,112.84,110.71,112.33,2563800,0.0,0.0
2024-01-03,112.43,113.76,111.22,113.05,2221200,0.0,0.0
2024-01-04,112.15,113.21,111.73,112.03,1613400,0.0,0.0
2024-01-05,112.41,113.0,108.64,108.71,2256600,0.0,0.0
2024-01-08,110.01,114.18,109.99,114.12,2255400,0.0,0.0
2024-01-09,114.3,117.12,114.1,116.15,1631400,0.0,0.0
2024-01-10,116.41,116.66,114.67,115.98,1233000,0.0,0.0
2024-01-11,116.35,117.61,115.64,117.28,1500600,0.0,0.0
2024-01-12,117.41,118.05,116.17,117.77,973200,0.0,0.0
2024-01-16,117.57,120.53,117.01,120.29,2101200,0.0,0.0
2024-01-17,119.79,120.94,118.84,120.74,1294200,0.0,0.0
2024-01-18,121.47,123.05,120.23,122.78,1911000,0.0,0.0
2024-01-19,124.04,124.91,122.84,124.87,1674000,0.0,0.0
2024-01-22,125.46,128.06,123.85,127.94,2305200,0.0,0.0
2024-01-23,127.42,127.86,124.53,125.69,1699200,0.0,0.0
2024-01-24,126.34,126.64,123.33,125.1,1503600,0.0,0.0
2024-01-25,125.86,127.4,125.19,126.83,1623000,0.0,0.0
2024-01-26,127.83,128.06,127.11,127.96,1183800,0.0,0.0
2024-01-29,127.84,129.24,126.82,129.12,1335600,0.0,0.0
2024-01-30,129.12,129.34,127.56,128.92,1750800,0.0,0.0
2024-01-31,128.14,128.52,125.14,125.62,2481000,0.0,0.0
2024-02-01,126.62,129.71,126.24,128.8,3381600,0.0,0.0
2024-02-02,139.28,150.61,138.15,147.0,6721200,0.0,0.0
2024-02-05,145.24,146.5,141.7,141.9,2724000,0.0,0.0
2024-02-06,141.9,142.1,135.85,137.55,3022800,0.0,0.0
2024-02-07,137.56,139.04,136.5,138.88,3124200,0.0,0.0
2024-02-08,139.42,141.65,138.49,138.73,1594800,0.0,0.0
2024-02-09,139.25,141.65,139.25,140.86,1545000,0.0,0.0
2024-02-12,140.03,142.39,139.89,140.77,2421600,0.0,0.0
2024-02-13,137.54,140.74,137.39,139.44,1447200,0.0,0.0
2024-02-14,140.66,142.22,139.16,141.35,1563000,0.0,0.0
2024-02-15,143.33,146.17,142.03,145.12,1647600,0.0,0.0
2024-02-16,145.05,146.44,143.67,143.83,1554600,0.0,0.0
2024-02-20,143.16,144.76,142.44,143.44,1810200,0.0,0.0
2024-02-21,143.44,144.45,142.19,143.61,1485000,0.0,0.0
2024-02-22,145.33,147.99,144.53,147.34,2095800,0.0,0.0
2024-02-23,147.62,149.53,145.97,146.74,1381800,0.0,0.0
2024-02-26,147.47,148.33,144.71,144.91,2007000,0.0,0.0
2024-02-27,144.86,145.96,142.69,145.23,1640400,0.0,0.0
2024-02-28,144.02,147.27,143.74,147.07,1542600,0.0,0.0
2024-02-29,147.35,149.34,146.5,149.26,2884800,0.0,0.0
2024-03-01,149.14,151.97,148.69,150.54,1859400,0.0,0.0
2024-03-04,154.86,156.63,153.16,154.42,4750200,0.0,0.0
2024-03-05,153.33,155.31,150.4,151.14,2029800,0.0,0.0
2024-03-06,152.0,153.36,150.36,151.99,1597200,0.0,0.0
2024-03-07,151.99,153.03,150.36,152.14,1589400,0.0,0.0
2024-03-08,152.27,156.14,150.52,152.03,1804200,0.0,0.0
2024-03-11,151.5,151.59,147.82,150.27,1743600,0.0,0.0
2024-03-12,150.18,152.84,149.5,152.5,1438800,0.0,0.0
2024-03-13,152.59,156.13,152.21,154.61,2235000,0.0,0.0
2024-03-14,157.5,158.58,154.55,155.5,3502800,0.0,0.0
2024-03-15,155.23,156.21,151.19,151.63,36642600,0.0,0.0
2024-03-18,152.66,153.79,150.59,151.47,2265000,0.0,0.0
2024-03-19,151.82,152.31,149.16,151.47,2213400,0.0,0.0
2024-03-20,151.33,152.7,150.02,152.52,2045400,0.0,0.0
2024-03-21,152.94,159.36,152.38,158.82,2634600,0.0,0.0
2024-03-22,157.71,157.71,153.59,153.74,2775600,0.0,0.0
2024-03-25,155.0,155.92,153.86,155.43,2248800,0.0,0.0
2024-03-26,155.33,157.15,154.21,156.24,2662200,0.0,0.0
2024-03-27,156.99,157.06,153.81,156.31,2185200,0.0,0.0
2024-03-28,156.31,158.14,156.1,156.87,1471200,0.0,0.0
2024-04-01,157.94,158.99,154.82,155.08,1616400,0.0,0.0
2024-04-02,153.3,154.15,147.3,150.55,2209800,0.0,0.0
2024-04-03,150.57,152.2,149.92,150.11,1812600,0.0,0.0
2024-04-04,151.16,152.26,145.53,146.3,3359400,0.0,0.0
2024-04-05,147.76,148.55,145.62,146.64,1742400,0.0,0.0
2024-04-08,147.52,149.44,145.96,148.13,1744200,0.0,0.0
2024-04-09,148.5,149.17,141.27,144.63,2600400,0.0,0.0
2024-04-10,136.11,137.35,131.98,135.02,5336400,0.0,0.0
2024-04-11,135.15,137.27,133.75,136.65,2610600,0.0,0.0
2024-04-12,135.28,136.84,134.3,135.72,1951200,0.0,0.0
2024-04-15,138.33,138.44,135.82,135.89,2886000,0.0,0.0
2024-04-16,135.58,136.4,134.55,135.64,1986000,0.0,0.0
2024-04-17,136.78,137.94,136.07,136.53,2278800,0.0,0.0
2024-04-18,137.5,138.58,135.06,135.55,1851000,0.0,0.0
2024-04-19,135.83,136.2,132.24,133.39,2866800,0.0,0.0
2024-04-22,134.49,136.28,134.02,135.03,1629600,0.0,0.0
2024-04-23,136.05,138.63,135.65,138.23,1636200,0.0,0.0
2024-04-24,139.8,142.9,138.66,141.95,2211000,0.0,0.0
2024-04-25,135.19,137.5,131.39,134.41,2914200,0.0,0.0
2024-04-26,135.7,139.89,135.17,138.91,1612800,0.0,0.0
2024-04-29,139.58,141.01,138.6,138.73,1042200,0.0,0.0
2024-04-30,137.92,139.07,135.93,136.41,1746600,0.0,0.0
2024-05-01,136.36,139.99,134.17,136.58,1736400,0.0,0.0
2024-05-02,137.98,139.24,136.82,138.77,1171200,0.0,0.0
2024-05-03,139.83,140.86,138.12,140.38,1342800,0.0,0.0
2024-05-06,141.66,144.55,140.99,143.64,1777800,0.0,0.0
2024-05-07,144.23,146.83,143.64,143.72,1561200,0.0,0.0
2024-05-08,142.9,143.61,141.96,142.24,1684800,0.0,0.0
2024-05-09,142.36,146.11,142.36,145.75,1595400,0.0,0.0
2024-05-10,145.75,146.08,142.36,143.66,1333800,0.0,0.0
2024-05-13,144.06,144.06,140.24,141.77,1818000,0.0,0.0
2024-05-14,143.55,147.78,142.8,147.07,2128800,0.0,0.0
2024-05-15,148.0,152.77,147.82,150.61,2364600,0.0,0.0
2024-05-16,150.86,151.79,147.1,147.6,1722600,0.0,0.0
2024-05-17,148.32,149.8,147.68,148.09,1917600,0.0,0.0
2024-05-20,148.1,152.33,148.1,150.47,1875000,0.0,0.0
2024-05-21,149.93,151.78,149.56,149.95,1938000,0.0,0.0
2024-05-22,150.38,150.8,148.22,148.82,1899600,0.0,0.0
2024-05-23,150.2,151.44,148.91,150.77,3924600,0.0,0.0
2024-05-24,169.15,172.83,165.75,172.14,5697600,0.0,0.0
2024-05-28,173.33,179.97,173.0,179.85,4068600,0.0,0.0
2024-05-29,179.5,180.61,177.48,177.48,2175600,0.0,0.0
2024-05-30,177.0,182.58,177.0,180.42,2507400,0.0,0.0
2024-05-31,180.13,182.43,176.95,182.32,3439200,0.0,0.0
2024-06-03,182.3,184.48,179.23,181.09,1587000,0.0,0.0
2024-06-04,180.19,182.03,177.37,177.8,1351200,0.0,0.0
2024-06-05,177.62,182.65,177.16,182.21,1372800,0.0,0.0
2024-06-06,182.93,183.62,177.26,177.57,1527600,0.0,0.0
2024-06-07,177.1,177.1,172.24,174.05,1488000,0.0,0.0
2024-06-10,172.68,176.14,171.91,175.82,1686600,0.0,0.0
2024-06-11,175.29,175.57,172.72,173.72,1449600,0.0,0.0
2024-06-12,174.43,174.56,171.66,173.25,2136600,0.0,0.0
2024-06-13,172.26,172.62,169.28,171.69,1990800,0.0,0.0
2024-06-14,171.13,172.03,169.5,170.62,1208400,0.0,0.0
2024-06-17,170.37,172.84,168.66,169.58,2242200,0.0,0.0
2024-06-18,168.6,171.06,167.51,168.06,2521800,0.0,0.0
2024-06-20,168.01,168.74,163.33,164.9,2290200,0.0,0.0
2024-06-21,164.69,164.69,160.91,163.35,3744600,0.0,0.0
2024-06-24,163.33,165.23,162.13,163.01,1615800,0.0,0.0
2024-06-25,164.69,164.72,161.53,162.55,1434000,0.0,0.0
2024-06-26,162.91,165.38,162.5,163.54,1767000,0.0,0.0
2024-06-27,162.42,167.17,162.42,166.65,1971600,0.0,0.0
2024-06-28,163.0,167.38,160.92,161.32,3535800,0.0,0.0
2024-07-01,162.61,163.27,153.2,157.71,2159400,0.0,0.0
2024-07-02,157.26,158.81,154.17,156.77,1805400,0.0,0.0
2024-07-03,157.06,158.83,154.91,155.94,996000,0.0,0.0
2024-07-05,156.05,156.66,154.58,156.55,1073400,0.0,0.0
2024-07-08,157.41,159.0,155.85,158.78,1821600,0.0,0.0
2024-07-09,158.28,159.19,156.38,156.5,1356600,0.0,0.0
2024-07-10,154.16,154.58,141.97,148.89,3773400,0.0,0.0
2024-07-11,149.14,149.22,146.11,148.1,2966400,0.0,0.0
2024-07-12,149.85,151.66,147.97,149.67,2373000,0.0,0.0
2024-07-15,149.66,152.06,149.36,149.92,2434200,0.0,0.0
2024-07-16,151.66,152.15,148.89,152.14,2289600,0.0,0.0
2024-07-17,151.27,155.54,148.25,148.27,2183400,0.0,0.0
2024-07-18,149.75,152.8,146.83,147.8,2086200,0.0,0.0
2024-07-19,147.85,148.72,144.98,145.2,1538400,0.0,0.0
2024-07-22,146.66,148.31,145.46,147.31,1890600,0.0,0.0
2024-07-23,147.83,151.12,147.04,147.07,2299200,0.0,0.0
2024-07-24,146.38,147.16,140.91,141.0,2683800,0.0,0.0
2024-07-25,141.66,142.59,136.75,140.25,5346000,0.0,0.0
2024-07-26,159.96,163.33,148.83,149.11,7816200,0.0,0.0
2024-07-29,149.58,155.37,148.57,153.53,3219600,0.0,0.0
2024-07-30,153.73,155.0,151.17,151.87,1952400,0.0,0.0
2024-07-31,153.86,155.5,152.78,153.77,1846200,0.0,0.0
2024-08-01,153.79,155.47,149.16,151.03,1522200,0.0,0.0
2024-08-02,147.15,147.15,142.39,144.22,1846200,0.0,0.0
2024-08-05,137.43,143.83,134.48,141.74,2247000,0.0,0.0
2024-08-06,143.87,147.05,142.12,144.86,1873800,0.0,0.0
2024-08-07,146.99,147.33,140.24,140.54,2365200,0.0,0.0
2024-08-08,142.36,147.62,141.07,147.32,2382000,0.0,0.0
2024-08-09,146.8,148.72,145.76,148.37,1294200,0.0,0.0
2024-08-12,148.33,153.15,148.33,153.05,2084400,0.0,0.0
2024-08-13,153.33,157.45,153.33,157.38,1936200,0.0,0.0
2024-08-14,156.61,158.33,152.95,153.22,1563600,0.0,0.0
2024-08-15,158.96,161.08,156.17,157.92,1918200,0.0,0.0
2024-08-16,157.9,160.52,157.1,158.42,1732200,0.0,0.0
2024-08-19,158.58,160.99,158.58,160.53,984000,0.0,0.0
2024-08-20,160.87,161.66,157.33,158.11,1178400,0.0,0.0
2024-08-21,159.61,160.69,158.1,159.58,1790400,0.0,0.0
2024-08-22,159.97,160.66,158.58,159.14,1050600,0.0,0.0
2024-08-23,159.19,163.41,159.19,162.42,1303200,0.0,0.0
2024-08-26,161.97,162.23,156.96,157.5,1437000,0.0,0.0
2024-08-27,156.78,159.25,155.72,158.8,1071600,0.0,0.0
2024-08-28,159.62,160.66,157.09,158.26,1650000,0.0,0.0
2024-08-29,158.11,159.48,156.73,156.9,1112400,0.0,0.0
2024-08-30,157.68,159.91,155.96,159.88,1722600,0.0,0.0
2024-09-03,159.36,159.84,148.99,149.83,2817000,0.0,0.0
2024-09-04,148.62,149.85,146.91,149.22,1781400,0.0,0.0
2024-09-05,148.29,148.52,145.21,146.56,1507800,0.0,0.0
2024-09-06,146.75,147.5,142.69,143.32,2334000,0.0,0.0
2024-09-09,144.5,149.52,144.5,149.01,2385600,0.0,0.0
2024-09-10,147.0,148.73,145.19,148.45,1704600,0.0,0.0
2024-09-11,147.44,151.94,146.76,151.54,2273400,0.0,0.0
2024-09-12,151.94,155.1,151.53,153.18,998400,0.0,0.0
2024-09-13,154.11,157.58,153.67,155.84,1381800,0.0,0.0
2024-09-16,157.16,157.16,153.07,156.27,1551600,0.0,0.0
2024-09-17,156.33,159.25,152.63,155.1,1036000,0.0,6.0
2024-09-18,160.44,162.05,156.75,157.22,1365100,0.0,0.0
2024-09-19,159.66,160.78,152.03,152.11,2198800,0.0,0.0
2024-09-20,147.97,151.27,146.21,150.72,4517000,0.0,0.0
2024-09-23,151.19,155.02,149.13,154.21,1990100,0.0,0.0
2024-09-24,154.86,157.49,153.44,154.39,1309800,0.0,0.0
2024-09-25,154.57,156.21,153.13,154.5,1362000,0.0,0.0
2024-09-26,157.41,158.69,153.35,157.25,1244900,0.0,0.0
2024-09-27,158.91,160.0,156.83,159.41,1218400,0.0,0.0
2024-09-30,158.77,161.38,157.74,159.44,2148600,0.0,0.0
2024-10-01,159.41,160.05,154.83,155.61,1354800,0.0,0.0
2024-10-02,152.41,158.83,150.6,157.66,1905800,0.0,0.0
2024-10-03,157.11,159.13,156.0,156.78,1574300,0.0,0.0
2024-10-04,159.38,167.22,159.14,166.8,2327300,0.0,0.0
2024-10-07,164.5,165.24,154.63,158.83,2765800,0.0,0.0
2024-10-08,160.55,163.66,160.36,161.94,1891100,0.0,0.0
2024-10-09,161.25,162.69,160.22,160.44,1566600,0.0,0.0
2024-10-10,158.99,160.16,157.07,158.25,1162400,0.0,0.0
2024-10-11,157.91,161.8,157.63,161.25,1114600,0.0,0.0
2024-10-14,161.99,162.69,159.5,160.72,1316100,0.0,0.0
2024-10-15,160.47,163.8,160.47,161.85,1966900,0.0,0.0
2024-10-16,164.21,164.69,159.64,161.16,1505300,0.0,0.0
2024-10-17,161.97,162.17,157.64,160.3,1625100,0.0,0.0
2024-10-18,161.3,161.91,159.11,161.85,1865000,0.0,0.0
2024-10-21,161.39,161.85,156.28,160.0,1908200,0.0,0.0
2024-10-22,155.0,157.83,153.75,154.05,2479900,0.0,0.0
2024-10-23,153.19,154.47,150.35,150.96,1725200,0.0,0.0
2024-10-24,152.78,153.22,150.94,152.03,3673500,0.0,0.0
2024-10-25,169.94,172.57,164.0,168.11,8426600,0.0,0.0
2024-10-28,168.64,170.74,166.36,169.28,2920500,0.0,0.0
2024-10-29,167.0,170.16,163.16,169.55,2434800,0.0,0.0
2024-10-30,169.61,170.39,167.58,169.52,1711200,0.0,0.0
2024-10-31,168.64,168.64,160.85,160.88,2374500,0.0,0.0
2024-11-01,162.8,162.8,158.0,158.11,2025900,0.0,0.0
2024-11-04,158.08,164.35,158.03,162.25,1950100,0.0,0.0
2024-11-05,161.92,163.82,161.39,163.66,1381000,0.0,0.0
2024-11-06,167.36,168.0,161.88,164.77,2044300,0.0,0.0
2024-11-07,166.5,173.41,166.5,171.33,1774200,0.0,0.0
2024-11-08,171.0,176.71,170.25,175.61,2036200,0.0,0.0
2024-11-11,178.0,179.0,175.24,177.08,1809200,0.0,0.0
2024-11-12,177.05,177.75,174.91,177.63,1590500,0.0,0.0
2024-11-13,178.44,182.25,178.0,178.33,1383200,0.0,0.0
2024-11-14,178.5,179.22,174.96,176.86,1229200,0.0,0.0
2024-11-15,175.83,176.86,174.05,175.66,1141400,0.0,0.0
2024-11-18,176.16,178.0,174.03,176.44,1685800,0.0,0.0
2024-11-19,174.77,176.69,172.36,176.28,1860800,0.0,0.0
2024-11-20,176.58,178.0,174.27,176.36,1095500,0.0,0.0
2024-11-21,176.63,181.97,175.11,181.91,2664000,0.0,0.0
2024-11-22,185.77,193.33,185.77,192.14,3056900,0.0,0.0
2024-11-25,194.03,198.08,193.0,196.49,3911700,0.0,0.0
2024-11-26,196.63,196.77,192.91,194.41,1503000,0.0,0.0
2024-11-27,193.52,195.77,190.85,191.77,1203100,0.0,0.0
2024-11-29,193.71,196.88,193.07,195.96,813900,0.0,0.0
2024-12-02,196.92,203.77,196.61,201.89,1999900,0.0,0.0
2024-12-03,202.36,205.35,202.08,202.86,2066100,0.0,0.0
2024-12-04,203.25,207.28,202.5,204.14,1817900,0.0,0.0
2024-12-05,201.69,204.0,200.82,200.91,2345800,0.0,0.0
2024-12-06,203.11,203.11,198.66,199.55,1766700,0.0,0.0
2024-12-09,199.94,202.72,195.46,201.55,1689700,0.0,0.0
2024-12-10,201.52,205.11,199.19,202.11,1110700,0.0,0.0
2024-12-11,203.75,208.44,203.0,204.94,1654100,0.0,0.0
2024-12-12,203.85,206.72,203.13,203.67,1001700,0.0,0.0
2024-12-13,205.0,207.44,203.53,206.63,1642800,0.0,0.0
2024-12-16,207.44,213.02,206.5,211.11,1788600,0.0,0.0
2024-12-17,211.0,212.77,207.89,210.36,1709700,0.0,0.0
2024-12-18,209.32,211.41,201.0,201.47,1581800,0.0,0.0
2024-12-19,203.35,208.1,202.22,205.27,1937300,0.0,0.0
2024-12-20,203.88,214.69,202.49,210.97,3805100,0.0,0.0
2024-12-23,208.66,210.52,206.3,207.64,1874500,0.0,0.0
2024-12-24,208.05,208.94,206.89,208.0,523900,0.0,0.0
2024-12-26,208.0,210.5,207.75,209.42,1071200,0.0,0.0
2024-12-27,207.86,209.69,205.83,207.11,848200,0.0,0.0
2024-12-30,203.16,207.75,201.77,205.75,1068200,0.0,0.0
2024-12-31,206.58,207.0,203.03,203.08,1317300,0.0,0.0
2025-01-02,205.13,206.61,202.33,204.53,1556500,0.0,0.0
2025-01-03,206.17,209.25,206.03,207.25,1711500,0.0,0.0
2025-01-06,210.94,212.49,207.11,208.47,2993700,0.0,0.0
2025-01-07,210.5,211.88,203.55,205.1,1501600,0.0,0.0
2025-01-08,205.69,209.07,203.88,207.52,1630900,0.0,0.0
2025-01-10,207.0,210.44,205.94,207.5,1526100,0.0,0.0
2025-01-13,203.82,204.83,195.17,204.58,1980200,0.0,0.0
2025-01-14,206.75,209.41,204.08,206.13,1239100,0.0,0.0
2025-01-15,209.5,209.85,203.13,203.72,1170100,0.0,0.0
2025-01-16,205.75,209.75,204.97,208.22,1490600,0.0,0.0
2025-01-17,210.22,212.85,208.41,209.91,1313200,0.0,0.0
2025-01-21,214.07,218.38,210.82,214.11,1841400,0.0,0.0
2025-01-22,214.24,215.55,212.5,214.91,1478600,0.0,0.0
2025-01-23,213.0,218.91,210.6,218.57,1828000,0.0,0.0
2025-01-24,218.55,218.77,214.41,217.16,1452800,0.0,0.0
2025-01-27,211.75,214.82,208.55,211.89,1708500,0.0,0.0
2025-01-28,213.08,216.16,211.78,215.91,1896300,0.0,0.0
2025-01-29,218.3,222.05,216.35,218.89,1739900,0.0,0.0
2025-01-30,221.22,223.97,219.53,223.11,4428300,0.0,0.0
2025-01-31,196.1,198.64,177.3,177.36,15072300,0.0,0.0
2025-02-03,174.5,177.58,169.77,170.63,6340400,0.0,0.0
2025-02-04,173.21,174.38,169.02,169.49,5849800,0.0,0.0
2025-02-05,169.39,174.47,169.19,172.52,4758100,0.0,0.0
2025-02-06,175.0,177.63,172.02,172.19,4093200,0.0,0.0
2025-02-07,172.69,174.38,167.6,168.24,3344200,0.0,0.0
2025-02-10,168.72,169.58,160.25,161.64,5318600,0.0,0.0
2025-02-11,160.5,160.58,157.22,157.63,3483400,0.0,0.0
2025-02-12,155.8,157.33,153.5,154.02,3802200,0.0,0.0
2025-02-13,156.94,159.25,154.58,158.11,3164700,0.0,0.0
2025-02-14,157.1,158.0,154.19,155.07,2263200,0.0,0.0
2025-02-18,155.19,156.6,153.91,155.83,2855400,0.0,0.0
2025-02-19,154.52,155.82,151.5,152.55,2577300,0.0,0.0
2025-02-20,151.11,151.58,146.47,150.02,3945500,0.0,0.0
2025-02-21,150.5,151.33,144.88,146.57,2405700,0.0,0.0
