2025-02-24,63.09,63.97,62.59,63.84,3112904,0.0,0.0
2025-02-21,61.49,63.29,61.31,62.81,3902900,0.0,0.0
2025-02-20,61.88,61.9,61.11,61.61,3247000,0.0,0.0
2025-02-19,61.66,61.93,61.47,61.63,2000100,0.0,0.0
2025-02-18,61.33,62.04,61.02,61.66,2466200,0.0,0.0
2025-02-14,61.31,62.08,61.11,61.33,2146200,0.0,0.0
2025-02-13,60.59,61.45,60.5,61.09,2070900,0.0,0.0
2025-02-12,59.61,60.72,59.43,60.63,1733800,0.0,0.0
2025-02-11,59.72,60.36,59.2,60.31,1523700,0.0,0.0
2025-02-10,59.63,59.97,59.06,59.86,1098800,0.0,0.0
2025-02-07,59.5,59.68,59.11,59.47,1107600,0.0,0.0
2025-02-06,59.9,60.02,59.22,59.54,1115100,0.0,0.0
2025-02-05,59.68,60.11,59.36,59.72,1359600,0.0,0.0
2025-02-04,58.83,59.52,58.36,59.24,1073700,0.0,0.0
2025-02-03,58.52,59.38,58.09,59.27,1862700,0.0,0.0
2025-01-31,58.9,59.25,58.63,58.88,1742000,0.5,0.0
2025-01-30,58.61,59.09,58.33,58.83,1047300,0.0,0.0
2025-01-29,58.3,58.85,58.05,58.08,971100,0.0,0.0
2025-01-28,59.34,59.4,58.11,58.36,1277700,0.0,0.0
2025-01-27,58.87,59.51,57.81,59.48,2493800,0.0,0.0
2025-01-24,58.12,58.57,57.95,58.26,1345000,0.0,0.0
2025-01-23,58.51,58.7,58.04,58.18,1429700,0.0,0.0
2025-01-22,60.14,60.32,58.54,58.58,1293600,0.0,0.0
2025-01-21,60.71,61.4,60.25,60.47,1552600,0.0,0.0
2025-01-17,59.7,60.21,59.44,60.03,1697700,0.0,0.0
2025-01-16,58.1,59.59,57.8,59.55,1233800,0.0,0.0
2025-01-15,57.8,58.36,57.64,57.97,1419000,0.0,0.0
2025-01-14,56.34,57.36,56.32,57.29,1565100,0.0,0.0
2025-01-13,56.29,56.68,55.81,56.49,1388200,0.0,0.0
2025-01-10,57.33,57.43,56.15,56.17,1381000,0.0,0.0
2025-01-08,56.79,57.75,56.38,57.7,1174100,0.0,0.0
2025-01-07,56.69,57.44,56.57,56.86,1260800,0.0,0.0
2025-01-06,57.52,57.73,56.64,56.82,2018700,0.0,0.0
2025-01-03,58.2,58.21,57.73,57.84,1440700,0.0,0.0
2025-01-02,58.8,59.21,57.95,58.01,1009000,0.0,0.0
2024-12-31,59.02,59.18,58.32,58.63,864700,0.0,0.0
2024-12-30,59.02,59.02,58.33,58.82,1267300,0.0,0.0
2024-12-27,58.77,59.57,58.13,59.03,728900,0.0,0.0
2024-12-26,58.87,59.31,58.79,59.14,844500,0.0,0.0
2024-12-24,58.71,59.12,58.5,59.11,397300,0.0,0.0
2024-12-23,58.22,58.82,57.83,58.75,1239200,0.0,0.0
2024-12-20,57.98,58.59,57.87,58.44,2617700,0.0,0.0
2024-12-19,57.39,58.57,57.39,57.76,1730300,0.0,0.0
2024-12-18,59.11,59.19,57.61,57.65,2036900,0.0,0.0
2024-12-17,59.01,59.41,58.74,59.06,1509000,0.0,0.0
2024-12-16,59.89,60.22,59.33,59.36,1382300,0.0,0.0
2024-12-13,59.99,60.41,59.79,59.93,855900,0.0,0.0
2024-12-12,59.87,60.18,59.39,59.95,1264800,0.0,0.0
2024-12-11,60.28,60.3,59.72,59.89,1251200,0.0,0.0
2024-12-10,60.13,60.52,59.19,60.18,1052200,0.0,0.0
2024-12-09,60.33,60.63,60.11,60.38,1387100,0.0,0.0
2024-12-06,61.04,61.15,60.28,60.53,1773100,0.0,0.0
2024-12-05,61.05,61.58,60.71,61.01,1232800,0.0,0.0
2024-12-04,61.42,61.58,61.04,61.25,1488400,0.0,0.0
2024-12-03,62.12,62.28,61.28,61.3,1165700,0.0,0.0
2024-12-02,62.66,62.83,61.37,61.74,1368400,0.0,0.0
2024-11-29,62.78,63.02,62.57,62.66,838000,0.0,0.0
2024-11-27,63.17,63.5,62.82,63.04,1383200,0.0,0.0
2024-11-26,63.36,63.37,62.54,62.79,1715200,0.0,0.0
2024-11-25,63.29,63.64,62.6,63.08,2362800,0.0,0.0
2024-11-22,63.02,63.08,62.59,62.77,1461800,0.0,0.0
2024-11-21,61.69,62.72,61.48,62.66,1367400,0.0,0.0
2024-11-20,61.69,62.05,61.14,61.69,1352500,0.0,0.0
2024-11-19,60.96,61.78,60.6,61.71,1423200,0.0,0.0
2024-11-18,60.27,61.4,60.17,61.28,2047900,0.0,0.0
2024-11-15,58.94,60.51,58.89,60.45,2284800,0.0,0.0
2024-11-14,59.64,59.72,58.93,58.99,2019800,0.0,0.0
2024-11-13,59.56,59.71,58.85,59.62,1751100,0.0,0.0
2024-11-12,59.4,60.01,59.26,59.41,2733300,0.0,0.0
2024-11-11,57.28,59.5,57.28,59.4,3295000,0.0,0.0
2024-11-08,55.94,57.48,55.71,57.25,2340500,0.0,0.0
2024-11-07,56.56,56.85,55.6,55.75,2424900,0.0,0.0
2024-11-06,56.99,57.06,55.77,56.51,2482600,0.0,0.0
2024-11-05,56.85,57.67,56.73,57.62,1496400,0.0,0.0
2024-11-04,57.06,57.64,56.51,57.01,2404100,0.0,0.0
2024-11-01,58.33,59.16,56.86,57.24,3222700,0.0,0.0
2024-10-31,58.43,59.94,58.43,59.48,3108100,0.48,0.0
2024-10-30,58.82,59.06,58.15,58.29,1825100,0.0,0.0
2024-10-29,59.54,59.68,58.68,58.71,1847100,0.0,0.0
2024-10-28,59.96,60.32,59.92,60.12,1175300,0.0,0.0
2024-10-25,61.1,61.11,59.67,59.73,976400,0.0,0.0
2024-10-24,60.89,61.11,60.58,60.88,1049800,0.0,0.0
2024-10-23,60.07,60.91,59.91,60.89,1082100,0.0,0.0
2024-10-22,59.94,60.3,59.72,60.02,1272600,0.0,0.0
2024-10-21,61.19,61.2,60.3,60.34,973100,0.0,0.0
2024-10-18,60.8,61.31,60.56,61.13,1212400,0.0,0.0
2024-10-17,61.3,61.45,60.87,60.95,1585400,0.0,0.0
2024-10-16,60.14,61.38,60.1,61.25,1760600,0.0,0.0
2024-10-15,59.87,60.62,59.72,60.06,1615500,0.0,0.0
2024-10-14,58.82,59.47,58.65,59.37,977600,0.0,0.0
2024-10-11,58.0,58.75,58.0,58.68,1120800,0.0,0.0
2024-10-10,58.68,58.99,57.95,58.0,1103900,0.0,0.0
2024-10-09,58.62,59.02,58.3,58.57,1131000,0.0,0.0
2024-10-08,58.46,58.94,58.34,58.6,1664100,0.0,0.0
2024-10-07,58.8,58.92,58.21,58.35,1440400,0.0,0.0
2024-10-04,59.26,59.36,58.74,59.19,935700,0.0,0.0
2024-10-03,59.63,59.92,59.39,59.56,898400,0.0,0.0
2024-10-02,59.48,60.0,59.39,59.58,1456100,0.0,0.0
2024-10-01,59.46,60.07,59.15,60.0,1609500,0.0,0.0
2024-09-30,59.73,60.02,59.24,59.68,1537800,0.0,0.0
2024-09-27,59.16,59.85,58.93,59.73,1074700,0.0,0.0
2024-09-26,58.91,59.5,58.74,58.9,1046000,0.0,0.0
2024-09-25,59.37,59.37,58.73,58.95,1179700,0.0,0.0
2024-09-24,58.83,59.75,58.52,59.05,924700,0.0,0.0
2024-09-23,59.03,59.4,58.85,59.34,1103800,0.0,0.0
2024-09-20,58.79,59.06,58.5,58.73,3115300,0.0,0.0
2024-09-19,58.98,59.11,58.35,58.75,1462800,0.0,0.0
2024-09-18,59.11,59.54,58.95,59.33,1331500,0.0,0.0
2024-09-17,59.34,59.66,59.15,59.31,1054600,0.0,0.0
2024-09-16,58.9,59.5,58.74,59.5,1439200,0.0,0.0
2024-09-13,58.16,58.67,57.82,58.66,797700,0.0,0.0
2024-09-12,58.06,58.31,57.54,57.93,952000,0.0,0.0
2024-09-11,58.1,58.23,57.54,58.02,1067500,0.0,0.0
2024-09-10,58.26,58.52,58.04,58.36,1107500,0.0,0.0
2024-09-09,57.79,58.27,57.58,58.26,901600,0.0,0.0
2024-09-06,58.05,58.08,57.54,57.6,996100,0.0,0.0
2024-09-05,58.8,58.8,57.8,57.99,1126100,0.0,0.0
2024-09-04,57.97,58.49,57.73,58.15,1149600,0.0,0.0
2024-09-03,57.43,58.23,57.27,57.81,1276300,0.0,0.0
2024-08-30,57.07,57.44,56.83,57.3,1096700,0.0,0.0
2024-08-29,56.77,57.01,56.29,56.98,741600,0.0,0.0
2024-08-28,56.72,57.18,56.66,56.84,972100,0.0,0.0
2024-08-27,57.21,57.28,56.59,56.63,664000,0.0,0.0
2024-08-26,57.27,57.52,57.07,57.25,683600,0.0,0.0
2024-08-23,56.96,57.28,56.78,57.06,630200,0.0,0.0
2024-08-22,56.95,57.08,56.55,56.91,950200,0.0,0.0
2024-08-21,56.68,56.96,56.54,56.84,691200,0.0,0.0
2024-08-20,56.71,56.93,56.41,56.58,761100,0.0,0.0
2024-08-19,56.54,56.88,56.5,56.71,776300,0.0,0.0
2024-08-16,56.01,56.68,55.82,56.41,1436000,0.0,0.0
2024-08-15,55.24,56.0,55.18,55.99,1694500,0.0,0.0
2024-08-14,55.19,56.08,55.05,55.54,1604100,0.0,0.0
2024-08-13,55.64,55.65,54.95,55.32,1368100,0.0,0.0
2024-08-12,55.05,55.32,54.63,55.03,865600,0.0,0.0
2024-08-09,54.84,55.21,54.25,55.14,1243000,0.0,0.0
2024-08-08,54.63,55.36,54.54,54.97,964500,0.0,0.0
2024-08-07,55.1,55.78,54.79,55.0,1302400,0.0,0.0
2024-08-06,54.38,55.46,54.38,54.81,1653500,0.0,0.0
2024-08-05,57.06,57.27,54.27,54.31,1744900,0.0,0.0
2024-08-02,57.5,57.71,55.18,56.16,2275200,0.0,0.0
2024-08-01,54.98,55.79,54.88,55.67,2082900,0.0,0.0
2024-07-31,55.0,55.06,54.06,54.73,2770700,0.48,0.0
2024-07-30,54.28,54.8,54.2,54.72,1675100,0.0,0.0
2024-07-29,54.72,54.77,54.13,54.48,1256800,0.0,0.0
2024-07-26,54.68,54.79,54.27,54.61,1263400,0.0,0.0
2024-07-25,54.64,55.37,54.03,54.44,1556100,0.0,0.0
2024-07-24,53.52,54.44,53.45,54.26,1128900,0.0,0.0
2024-07-23,53.62,53.74,53.24,53.28,1089600,0.0,0.0
2024-07-22,53.58,53.97,53.44,53.62,1185300,0.0,0.0
2024-07-19,53.75,53.89,53.19,53.46,1790600,0.0,0.0
2024-07-18,53.96,54.89,53.57,53.63,1735100,0.0,0.0
2024-07-17,53.59,54.55,53.53,54.16,2078300,0.0,0.0
2024-07-16,52.5,53.34,52.23,53.29,1528700,0.0,0.0
2024-07-15,51.96,52.25,51.79,52.2,1015700,0.0,0.0
2024-07-12,52.15,52.83,52.04,52.52,1090400,0.0,0.0
2024-07-11,50.83,52.23,50.81,51.97,1907100,0.0,0.0
2024-07-10,50.68,50.81,50.15,50.7,1541900,0.0,0.0
2024-07-09,50.19,50.58,49.98,50.37,1235300,0.0,0.0
2024-07-08,50.3,50.35,49.95,50.1,1491200,0.0,0.0
2024-07-05,49.63,50.45,49.49,50.3,1928500,0.0,0.0
2024-07-03,49.76,50.16,49.54,49.54,568400,0.0,0.0
2024-07-02,49.7,50.19,49.64,49.82,1351600,0.0,0.0
2024-07-01,49.8,50.29,49.26,49.47,1301900,0.0,0.0
2024-06-28,49.97,49.97,49.44,49.62,2152600,0.0,0.0
2024-06-27,49.2,49.85,49.08,49.8,1031300,0.0,0.0
2024-06-26,49.1,49.27,48.76,49.19,1407400,0.0,0.0
2024-06-25,49.81,49.81,49.06,49.27,1511500,0.0,0.0
2024-06-24,49.71,50.19,49.63,49.85,1750100,0.0,0.0
2024-06-21,49.81,50.18,49.64,49.67,3960600,0.0,0.0
2024-06-20,48.42,49.78,48.33,49.71,2880200,0.0,0.0
2024-06-18,48.42,48.81,48.25,48.38,1234800,0.0,0.0
2024-06-17,48.34,48.91,48.16,48.42,1316100,0.0,0.0
2024-06-14,48.4,48.66,48.2,48.59,949300,0.0,0.0
2024-06-13,48.51,48.82,48.01,48.59,1129300,0.0,0.0
2024-06-12,49.54,49.55,48.4,48.6,1143600,0.0,0.0
2024-06-11,48.51,48.99,48.21,48.93,1059900,0.0,0.0
2024-06-10,48.83,49.05,48.61,48.89,1236300,0.0,0.0
2024-06-07,48.76,49.1,48.72,48.87,1078300,0.0,0.0
2024-06-06,49.62,50.14,49.21,49.28,1399000,0.0,0.0
2024-06-05,50.37,50.42,49.67,49.83,1212500,0.0,0.0
2024-06-04,49.76,50.73,49.59,50.48,1749000,0.0,0.0
2024-06-03,50.01,50.4,49.71,49.82,1608400,0.0,0.0
2024-05-31,49.07,50.24,48.97,50.2,1916100,0.0,0.0
2024-05-30,48.31,48.93,48.17,48.9,1338700,0.0,0.0
2024-05-29,48.22,48.24,47.82,48.12,1257600,0.0,0.0
2024-05-28,48.89,49.26,48.53,48.62,1405800,0.0,0.0
2024-05-24,48.91,49.04,48.48,48.7,927700,0.0,0.0
2024-05-23,49.59,49.65,48.73,48.76,1240900,0.0,0.0
2024-05-22,50.52,50.68,49.85,49.89,1070100,0.0,0.0
2024-05-21,50.48,51.0,50.4,50.81,1238800,0.0,0.0
2024-05-20,50.68,50.73,50.36,50.48,986500,0.0,0.0
2024-05-17,50.63,50.76,50.37,50.67,1040100,0.0,0.0
2024-05-16,50.74,50.99,50.51,50.67,1320400,0.0,0.0
2024-05-15,50.59,50.81,50.33,50.69,1682100,0.0,0.0
2024-05-14,50.34,50.44,49.83,50.07,1395300,0.0,0.0
2024-05-13,50.32,50.66,49.98,50.05,1063800,0.0,0.0
2024-05-10,50.41,50.5,49.95,50.04,1503900,0.0,0.0
2024-05-09,49.87,50.45,49.72,50.4,1070600,0.0,0.0
2024-05-08,49.66,50.1,49.47,49.93,1507700,0.0,0.0
2024-05-07,49.52,49.94,49.25,49.85,1736900,0.0,0.0
2024-05-06,49.68,49.75,49.0,49.23,1281900,0.0,0.0
2024-05-03,49.57,50.47,48.7,49.57,2143700,0.0,0.0
2024-05-02,49.42,49.57,49.0,49.57,1983000,0.0,0.0
2024-05-01,48.31,49.62,48.22,49.1,1953400,0.0,0.0
2024-04-30,48.31,48.84,47.9,48.55,2294700,0.0,0.0
2024-04-29,48.07,48.54,48.04,48.52,1661600,0.48,0.0
2024-04-26,48.52,48.56,47.76,47.88,1661200,0.0,0.0
2024-04-25,48.53,48.79,47.98,48.5,1312200,0.0,0.0
2024-04-24,47.64,48.77,47.49,48.63,1336200,0.0,0.0
2024-04-23,48.06,48.58,47.97,48.25,1644200,0.0,0.0
2024-04-22,47.87,48.43,47.54,48.17,1457400,0.0,0.0
2024-04-19,47.27,48.2,47.26,48.1,1382500,0.0,0.0
2024-04-18,46.91,47.26,46.58,47.15,1131900,0.0,0.0
2024-04-17,46.13,46.85,45.98,46.75,1673700,0.0,0.0
2024-04-16,46.3,46.44,45.6,45.76,1773800,0.0,0.0
2024-04-15,46.47,46.84,46.18,46.34,1913300,0.0,0.0
2024-04-12,46.85,47.02,46.11,46.34,1581100,0.0,0.0
2024-04-11,47.1,47.26,46.25,46.81,2020100,0.0,0.0
2024-04-10,47.38,47.48,46.55,47.0,2048700,0.0,0.0
2024-04-09,47.97,48.27,47.83,48.26,990400,0.0,0.0
2024-04-08,47.1,47.89,46.98,47.74,1329000,0.0,0.0
2024-04-05,47.28,47.28,46.74,47.16,1820800,0.0,0.0
2024-04-04,48.07,48.14,46.96,47.43,1840200,0.0,0.0
2024-04-03,48.18,48.31,47.7,47.74,1317800,0.0,0.0
2024-04-02,47.97,48.6,47.97,48.25,1259200,0.0,0.0
2024-04-01,48.86,48.86,47.9,47.97,1194200,0.0,0.0
2024-03-28,48.08,48.74,48.0,48.66,2540600,0.0,0.0
2024-03-27,46.71,48.07,46.7,48.05,2252500,0.0,0.0
2024-03-26,46.99,47.05,46.36,46.59,1579700,0.0,0.0
2024-03-25,47.04,47.25,46.72,46.95,975500,0.0,0.0
2024-03-22,47.47,47.5,46.94,46.99,1431500,0.0,0.0
2024-03-21,47.23,47.54,47.05,47.21,2294000,0.0,0.0
2024-03-20,47.14,47.59,46.86,47.12,1666900,0.0,0.0
2024-03-19,46.86,47.44,46.85,47.26,1708700,0.0,0.0
2024-03-18,46.55,47.32,46.54,46.93,1802200,0.0,0.0
2024-03-15,46.32,46.97,46.32,46.72,4205800,0.0,0.0
2024-03-14,47.09,47.3,46.11,46.41,1809500,0.0,0.0
2024-03-13,47.14,47.64,47.12,47.24,1561600,0.0,0.0
2024-03-12,47.7,47.79,46.78,47.09,1895400,0.0,0.0
2024-03-11,47.75,48.25,47.66,47.88,1774700,0.0,0.0
2024-03-08,47.6,47.89,47.11,47.64,1831200,0.0,0.0
2024-03-07,47.72,47.84,47.36,47.37,2119800,0.0,0.0
2024-03-06,47.25,47.58,47.07,47.29,2048400,0.0,0.0
2024-03-05,47.14,47.74,46.6,46.84,2103600,0.0,0.0
2024-03-04,45.86,46.91,45.8,46.86,1656200,0.0,0.0
2024-03-01,45.88,46.08,45.18,46.08,1809200,0.0,0.0
2024-02-29,46.17,46.46,45.84,46.1,2482200,0.0,0.0
2024-02-28,45.98,46.14,45.72,45.92,1469400,0.0,0.0
2024-02-27,45.92,46.2,45.7,46.17,1513500,0.0,0.0
2024-02-26,46.76,46.76,45.55,45.79,1774600,0.0,0.0
2024-02-23,46.81,47.33,46.73,47.02,2025400,0.0,0.0
2024-02-22,47.12,47.12,46.58,46.95,1540800,0.0,0.0
2024-02-21,46.98,47.41,46.69,47.4,1848100,0.0,0.0
2024-02-20,46.58,47.06,46.42,46.58,2444600,0.0,0.0
2024-02-16,46.53,46.96,46.15,46.68,2618000,0.0,0.0
2024-02-15,46.15,46.74,46.15,46.73,2297900,0.0,0.0
2024-02-14,45.75,46.11,45.59,45.99,1915000,0.0,0.0
2024-02-13,46.79,46.93,45.5,45.93,2988700,0.0,0.0
2024-02-12,46.38,46.9,46.15,46.79,1416200,0.0,0.0
2024-02-09,45.75,46.34,45.7,46.28,1507900,0.0,0.0
2024-02-08,45.89,45.96,45.36,45.84,1473100,0.0,0.0
2024-02-07,46.34,46.34,45.81,46.13,1152000,0.0,0.0
2024-02-06,45.94,46.36,45.74,46.11,1491100,0.0,0.0
2024-02-05,46.61,46.71,45.95,45.97,1531400,0.0,0.0
2024-02-02,47.61,47.61,46.67,47.12,1872700,0.0,0.0
2024-02-01,46.79,48.15,46.44,48.12,2546900,0.0,0.0
2024-01-31,47.56,47.63,46.54,46.98,10189600,0.0,0.0
2024-01-30,46.94,47.43,46.45,47.19,1954100,0.48,0.0
2024-01-29,46.74,47.16,46.5,47.03,1868700,0.0,0.0
2024-01-26,46.69,47.04,46.58,46.7,2404600,0.0,0.0
2024-01-25,46.66,46.78,46.16,46.61,2697000,0.0,0.0
2024-01-24,46.84,47.16,45.9,46.02,2116400,0.0,0.0
2024-01-23,46.37,46.67,46.03,46.63,2156500,0.0,0.0
2024-01-22,46.68,46.99,46.18,46.33,1531300,0.0,0.0
2024-01-19,47.01,47.1,46.54,46.72,1619300,0.0,0.0
2024-01-18,47.12,47.13,46.5,46.89,1785400,0.0,0.0
2024-01-17,47.71,48.24,47.06,47.36,1890500,0.0,0.0
2024-01-16,48.11,48.54,47.87,48.07,2374100,0.0,0.0
2024-01-12,48.15,48.4,47.85,48.17,2205900,0.0,0.0
2024-01-11,49.11,49.33,47.76,47.89,2524200,0.0,0.0
2024-01-10,49.92,49.97,49.49,49.63,1270700,0.0,0.0
2024-01-09,49.87,50.03,49.6,49.93,1404900,0.0,0.0
2024-01-08,49.72,50.06,49.46,50.03,1280100,0.0,0.0
2024-01-05,49.63,50.03,49.34,49.74,1174800,0.0,0.0
2024-01-04,49.43,49.99,49.28,49.66,1591700,0.0,0.0
2024-01-03,49.67,49.77,49.25,49.49,1590800,0.0,0.0
2024-01-02,48.47,49.65,48.47,49.6,2106800,0.0,0.0
2023-12-29,48.94,49.1,48.65,49.05,1346800,0.0,0.0
2023-12-28,48.5,49.19,48.41,49.07,1175600,0.0,0.0
2023-12-27,48.63,48.81,48.42,48.61,1244700,0.0,0.0
2023-12-26,48.45,49.03,48.45,48.69,799900,0.0,0.0
2023-12-22,48.76,49.27,48.5,48.7,1468500,0.0,0.0
2023-12-21,48.16,48.55,47.73,48.35,1383000,0.0,0.0
2023-12-20,48.98,49.18,48.0,48.04,1476200,0.0,0.0
2023-12-19,48.89,49.04,48.39,48.99,2605800,0.0,0.0
2023-12-18,48.71,49.02,48.35,48.63,2112900,0.0,0.0
2023-12-15,49.55,49.71,48.06,48.4,4049100,0.0,0.0
2023-12-14,51.24,51.48,49.83,49.9,2401900,0.0,0.0
2023-12-13,49.19,51.05,48.89,51.03,1583500,0.0,0.0
2023-12-12,49.41,49.41,48.85,49.13,1326000,0.0,0.0
2023-12-11,49.08,49.63,48.82,49.25,1661800,0.0,0.0
2023-12-08,49.43,49.57,48.88,49.12,1831600,0.0,0.0
2023-12-07,49.8,50.03,49.45,49.54,1694800,0.0,0.0
2023-12-06,49.17,49.82,49.08,49.81,1797700,0.0,0.0
2023-12-05,49.25,49.25,48.76,49.0,2166200,0.0,0.0
2023-12-04,48.92,49.46,48.73,49.14,1448200,0.0,0.0
2023-12-01,48.49,49.28,48.07,49.23,2267900,0.0,0.0
2023-11-30,47.91,48.43,47.53,48.35,2341400,0.0,0.0
2023-11-29,48.04,48.38,47.56,47.75,1478800,0.0,0.0
2023-11-28,47.75,48.55,47.57,47.92,1857100,0.0,0.0
2023-11-27,47.55,47.89,47.09,47.76,2042700,0.0,0.0
2023-11-24,47.44,47.57,47.13,47.56,692800,0.0,0.0
2023-11-22,47.12,47.4,46.69,47.36,1601200,0.0,0.0
2023-11-21,46.95,47.09,46.52,46.93,1370600,0.0,0.0
2023-11-20,46.89,47.04,46.19,46.95,1989500,0.0,0.0
2023-11-17,47.51,47.59,46.77,47.07,4120900,0.0,0.0
2023-11-16,47.57,47.8,47.21,47.31,1658900,0.0,0.0
2023-11-15,46.79,47.68,46.76,47.15,1974700,0.0,0.0
2023-11-14,46.36,47.19,46.3,46.96,1601300,0.0,0.0
2023-11-13,46.32,46.42,45.49,45.52,1907300,0.0,0.0
2023-11-10,46.85,46.89,46.22,46.44,1716200,0.0,0.0
2023-11-09,47.57,47.81,46.45,46.47,2232700,0.0,0.0
2023-11-08,47.58,47.59,46.5,47.43,2104700,0.0,0.0
2023-11-07,48.23,48.38,47.75,47.8,1577000,0.0,0.0
2023-11-06,48.78,49.01,48.09,48.22,1885800,0.0,0.0
2023-11-03,50.47,50.47,48.85,48.85,2645800,0.0,0.0
2023-11-02,47.32,48.49,47.32,48.05,2319600,0.0,0.0
2023-11-01,46.77,47.7,46.2,47.32,2072400,0.0,0.0
2023-10-31,46.62,46.85,46.15,46.65,1480300,0.0,0.0
2023-10-30,46.61,47.11,46.16,46.35,1280600,0.45,0.0
2023-10-27,47.03,47.22,46.18,46.35,2170000,0.0,0.0
2023-10-26,47.04,47.75,47.02,47.16,1458400,0.0,0.0
2023-10-25,46.75,47.14,46.64,46.92,1120100,0.0,0.0
2023-10-24,46.37,47.05,46.26,46.83,1728400,0.0,0.0
2023-10-23,45.98,46.47,45.44,45.94,1569800,0.0,0.0
2023-10-20,46.95,47.11,46.19,46.24,1552100,0.0,0.0
2023-10-19,47.21,47.46,46.74,46.84,1006300,0.0,0.0
2023-10-18,47.28,47.66,46.85,47.19,1375300,0.0,0.0
2023-10-17,47.31,47.79,47.21,47.38,1204000,0.0,0.0
2023-10-16,47.32,47.92,46.95,47.6,1472600,0.0,0.0
2023-10-13,47.1,47.31,46.74,47.12,1509400,0.0,0.0
2023-10-12,46.84,47.13,46.15,46.65,2005000,0.0,0.0
2023-10-11,46.69,47.15,46.31,47.07,1210400,0.0,0.0
2023-10-10,46.01,46.63,45.91,46.56,2050200,0.0,0.0
2023-10-09,45.75,46.15,45.53,46.01,1822800,0.0,0.0
2023-10-06,44.71,46.01,44.26,45.83,2062400,0.0,0.0
2023-10-05,44.94,45.31,44.47,45.1,1953100,0.0,0.0
2023-10-04,44.37,45.03,43.86,44.98,2256200,0.0,0.0
2023-10-03,43.34,44.47,42.77,44.32,2544600,0.0,0.0
2023-10-02,45.72,45.72,43.45,43.8,2269600,0.0,0.0
2023-09-29,45.99,46.31,45.43,45.89,2050600,0.0,0.0
2023-09-28,46.29,46.33,45.28,45.52,2163300,0.0,0.0
2023-09-27,46.57,46.75,45.86,45.99,1643100,0.0,0.0
2023-09-26,48.27,48.27,46.53,46.66,1760600,0.0,0.0
2023-09-25,48.21,48.53,47.91,48.35,1193100,0.0,0.0
2023-09-22,48.45,48.86,48.2,48.54,1325800,0.0,0.0
2023-09-21,49.2,49.2,48.61,48.62,1420500,0.0,0.0
2023-09-20,49.53,49.77,49.04,49.25,1067800,0.0,0.0
2023-09-19,49.44,49.54,49.18,49.27,1393300,0.0,0.0
2023-09-18,49.23,49.55,49.07,49.43,1854000,0.0,0.0
2023-09-15,49.19,49.62,49.04,49.05,2941500,0.0,0.0
2023-09-14,49.04,49.39,49.0,49.34,1313100,0.0,0.0
2023-09-13,48.1,49.07,48.09,48.82,1653900,0.0,0.0
2023-09-12,48.17,48.25,47.84,48.04,1439500,0.0,0.0
2023-09-11,47.97,48.38,47.91,48.11,1234900,0.0,0.0
2023-09-08,47.79,48.18,47.71,48.06,1724300,0.0,0.0
2023-09-07,47.3,48.08,46.98,47.77,1672600,0.0,0.0
2023-09-06,46.74,47.12,46.5,46.98,1573700,0.0,0.0
2023-09-05,47.09,47.09,45.98,46.63,2411000,0.0,0.0
2023-09-01,47.62,47.76,46.56,47.16,1780900,0.0,0.0
2023-08-31,48.2,48.43,47.45,47.52,1634700,0.0,0.0
2023-08-30,48.07,48.46,47.84,48.15,1318900,0.0,0.0
2023-08-29,48.03,48.43,47.87,48.17,993200,0.0,0.0
2023-08-28,48.2,48.46,47.99,48.01,834300,0.0,0.0
2023-08-25,47.72,48.29,47.56,48.1,1171700,0.0,0.0
2023-08-24,47.92,48.53,47.6,47.63,902800,0.0,0.0
2023-08-23,48.0,48.23,47.59,47.88,1167400,0.0,0.0
2023-08-22,47.6,47.86,47.38,47.74,1209000,0.0,0.0
2023-08-21,47.93,47.97,47.2,47.63,1113600,0.0,0.0
2023-08-18,47.58,48.15,47.5,47.95,4819300,0.0,0.0
2023-08-17,47.85,48.41,47.6,47.61,1401000,0.0,0.0
2023-08-16,47.82,48.04,47.54,47.84,1246800,0.0,0.0
2023-08-15,48.02,48.09,47.54,47.65,1334500,0.0,0.0
2023-08-14,49.08,49.08,48.27,48.41,1346900,0.0,0.0
2023-08-11,49.0,49.22,48.7,49.12,1368100,0.0,0.0
2023-08-10,48.94,49.24,48.75,48.88,1611200,0.0,0.0
2023-08-09,48.65,49.36,48.55,48.75,1547600,0.0,0.0
2023-08-08,48.54,48.84,48.12,48.8,1434500,0.0,0.0
2023-08-07,48.72,48.94,48.4,48.62,1390900,0.0,0.0
2023-08-04,49.34,50.15,48.36,48.59,1834700,0.0,0.0
2023-08-03,50.25,50.34,48.91,49.03,1966100,0.0,0.0
2023-08-02,50.25,50.82,50.17,50.47,1320800,0.0,0.0
2023-08-01,50.92,51.25,50.41,50.49,1562600,0.0,0.0
2023-07-31,51.25,51.45,50.66,50.9,1198000,0.0,0.0
2023-07-28,51.76,51.8,50.83,51.05,1243600,0.45,0.0
2023-07-27,52.08,52.31,51.09,51.22,1098400,0.0,0.0
2023-07-26,52.16,52.85,52.05,52.28,689700,0.0,0.0
2023-07-25,51.9,52.42,51.9,52.19,1054300,0.0,0.0
2023-07-24,52.37,52.57,51.92,52.18,1187500,0.0,0.0
2023-07-21,51.66,52.51,51.56,52.36,1247300,0.0,0.0
2023-07-20,50.73,51.58,50.23,51.46,1260600,0.0,0.0
2023-07-19,50.09,50.78,49.99,50.45,1182900,0.0,0.0
2023-07-18,50.29,50.54,49.13,49.79,1364500,0.0,0.0
2023-07-17,50.78,50.88,50.04,50.07,1177500,0.0,0.0
2023-07-14,50.91,51.11,50.45,50.87,884100,0.0,0.0
2023-07-13,50.53,51.03,50.44,50.99,1086000,0.0,0.0
2023-07-12,49.86,50.79,49.83,50.58,1356800,0.0,0.0
2023-07-11,49.2,49.77,49.0,49.74,1236900,0.0,0.0
2023-07-10,49.48,49.48,48.49,48.88,1587300,0.0,0.0
2023-07-07,49.74,49.85,49.28,49.44,1437700,0.0,0.0
2023-07-06,49.96,50.24,49.44,50.08,1479900,0.0,0.0
2023-07-05,49.76,50.66,49.54,50.33,1492800,0.0,0.0
2023-07-03,49.25,49.94,49.07,49.86,803000,0.0,0.0
2023-06-30,48.78,49.38,48.58,49.3,1322600,0.0,0.0
2023-06-29,48.18,48.91,47.97,48.65,1114300,0.0,0.0
2023-06-28,49.48,49.48,48.45,48.66,1547300,0.0,0.0
2023-06-27,49.71,49.96,49.58,49.62,1101200,0.0,0.0
2023-06-26,49.6,50.0,49.01,49.76,1955400,0.0,0.0
2023-06-23,49.74,49.82,48.53,48.69,1528300,0.0,0.0
2023-06-22,50.1,50.25,49.39,49.53,1068000,0.0,0.0
2023-06-21,49.57,50.14,48.86,50.04,1000400,0.0,0.0
2023-06-20,50.44,50.55,49.68,49.75,1197600,0.0,0.0
2023-06-16,50.63,51.07,50.42,50.48,2354400,0.0,0.0
2023-06-15,50.22,50.61,50.07,50.49,991500,0.0,0.0
2023-06-14,50.04,50.62,49.8,49.91,1035600,0.0,0.0
2023-06-13,49.74,50.02,49.5,49.86,1015400,0.0,0.0
2023-06-12,50.1,50.25,49.64,50.03,834700,0.0,0.0
2023-06-09,50.27,50.27,49.91,50.0,909800,0.0,0.0
2023-06-08,50.26,50.35,49.68,50.23,1435200,0.0,0.0
2023-06-07,49.31,50.38,48.93,50.16,1880600,0.0,0.0
2023-06-06,49.35,49.66,48.91,49.14,1968300,0.0,0.0
2023-06-05,48.87,49.66,48.82,49.11,1802500,0.0,0.0
2023-06-02,47.62,49.07,47.45,48.83,2683800,0.0,0.0
2023-06-01,48.56,48.59,47.23,47.82,2800800,0.0,0.0
2023-05-31,48.06,48.67,47.77,48.34,1665100,0.0,0.0
2023-05-30,48.08,48.44,47.86,47.92,1768200,0.0,0.0
2023-05-26,47.81,47.97,47.39,47.88,1078900,0.0,0.0
2023-05-25,48.75,48.78,47.69,47.96,1113400,0.0,0.0
2023-05-24,49.06,49.43,48.75,48.8,1318000,0.0,0.0
2023-05-23,49.27,49.84,49.18,49.26,1254900,0.0,0.0
2023-05-22,49.65,49.82,49.1,49.4,1010900,0.0,0.0
2023-05-19,49.71,50.15,49.32,49.42,1719000,0.0,0.0
2023-05-18,49.17,49.54,48.87,49.45,1077100,0.0,0.0
2023-05-17,50.01,50.11,49.27,49.56,1045500,0.0,0.0
2023-05-16,50.69,50.78,50.0,50.04,1282200,0.0,0.0
2023-05-15,51.83,51.85,50.54,50.72,1146900,0.0,0.0
2023-05-12,51.53,52.01,51.34,51.69,1087500,0.0,0.0
2023-05-11,51.62,51.99,51.09,51.29,936300,0.0,0.0
2023-05-10,51.23,51.92,51.02,51.81,1474300,0.0,0.0
2023-05-09,51.14,51.65,50.89,51.1,1365400,0.0,0.0
2023-05-08,51.61,51.95,51.28,51.44,923900,0.0,0.0
2023-05-05,50.51,51.77,50.51,51.77,1649700,0.0,0.0
2023-05-04,51.08,51.96,50.51,51.48,1725400,0.0,0.0
2023-05-03,51.54,51.99,50.94,51.13,1136400,0.0,0.0
2023-05-02,51.7,51.9,50.93,51.23,1217000,0.0,0.0
2023-05-01,51.65,52.44,51.54,51.94,2086200,0.0,0.0
2023-04-28,51.69,51.96,51.37,51.8,1621600,0.0,0.0
2023-04-27,51.05,51.78,50.9,51.76,1305700,0.45,0.0
2023-04-26,51.57,51.96,50.88,50.96,1067800,0.0,0.0
2023-04-25,51.56,52.12,51.56,51.93,935800,0.0,0.0
2023-04-24,51.43,51.85,51.13,51.74,1067700,0.0,0.0
2023-04-21,51.54,51.88,51.25,51.51,1112000,0.0,0.0
2023-04-20,51.56,51.76,51.02,51.26,1501500,0.0,0.0
2023-04-19,51.19,51.8,51.06,51.51,1917300,0.0,0.0
2023-04-18,50.85,51.17,50.43,50.62,1170200,0.0,0.0
2023-04-17,50.84,51.23,50.43,50.98,1035800,0.0,0.0
2023-04-14,50.57,50.74,50.05,50.64,1615800,0.0,0.0
2023-04-13,50.8,51.13,49.93,51.04,1410800,0.0,0.0
2023-04-12,51.55,51.74,50.9,50.99,1218600,0.0,0.0
2023-04-11,51.16,51.52,51.04,51.29,925800,0.0,0.0
2023-04-10,51.01,51.19,50.43,51.16,1083500,0.0,0.0
2023-04-06,51.4,51.59,50.79,51.28,1518100,0.0,0.0
2023-04-05,49.51,51.15,49.51,51.07,1606500,0.0,0.0
2023-04-04,49.06,49.57,48.89,49.32,1973800,0.0,0.0
2023-04-03,49.53,49.57,48.91,49.11,2133200,0.0,0.0
2023-03-31,49.45,49.96,49.18,49.75,1495400,0.0,0.0
2023-03-30,49.45,49.67,49.16,49.29,1203500,0.0,0.0
2023-03-29,48.64,49.28,48.55,49.21,1318900,0.0,0.0
2023-03-28,47.89,48.9,47.83,48.41,1627900,0.0,0.0
2023-03-27,48.66,48.89,47.7,47.81,1883400,0.0,0.0
2023-03-24,46.65,48.3,46.52,48.28,1406400,0.0,0.0
2023-03-23,46.98,47.61,46.44,46.62,1438000,0.0,0.0
2023-03-22,48.27,48.44,47.16,47.18,2038500,0.0,0.0
2023-03-21,50.12,50.19,47.74,48.45,1923900,0.0,0.0
2023-03-20,49.62,50.23,49.48,50.08,1720900,0.0,0.0
2023-03-17,49.37,49.85,49.06,49.53,4035900,0.0,0.0
2023-03-16,49.28,50.31,49.19,49.83,2090800,0.0,0.0
2023-03-15,48.52,49.9,48.16,49.47,2710900,0.0,0.0
2023-03-14,48.25,48.87,47.89,48.5,2276400,0.0,0.0
2023-03-13,46.37,49.0,46.37,47.96,2172000,0.0,0.0
2023-03-10,47.77,47.97,46.57,46.75,1126100,0.0,0.0
2023-03-09,48.2,48.9,47.7,47.75,1393500,0.0,0.0
2023-03-08,47.55,48.2,47.43,48.04,1490600,0.0,0.0
2023-03-07,48.39,48.69,47.33,47.5,1178700,0.0,0.0
2023-03-06,48.38,48.64,48.25,48.4,1377200,0.0,0.0
2023-03-03,48.13,48.54,47.46,48.51,1910000,0.0,0.0
2023-03-02,46.73,48.07,46.61,48.06,1994900,0.0,0.0
2023-03-01,47.64,47.64,46.26,46.81,2108700,0.0,0.0
2023-02-28,47.8,48.51,47.29,47.76,4235500,0.0,0.0
2023-02-27,47.34,49.16,47.34,47.94,3565100,0.0,0.0
2023-02-24,48.25,49.37,47.84,49.11,1562100,0.0,0.0
2023-02-23,49.46,49.68,49.04,49.36,1150000,0.0,0.0
2023-02-22,49.44,50.21,49.44,49.62,1366200,0.0,0.0
2023-02-21,50.21,50.29,49.56,49.69,1184300,0.0,0.0
2023-02-17,49.72,50.64,49.48,50.28,1111600,0.0,0.0
2023-02-16,49.22,49.9,48.82,49.5,1170600,0.0,0.0
2023-02-15,49.4,49.81,49.15,49.78,1108700,0.0,0.0
2023-02-14,50.07,50.3,49.58,49.64,1242700,0.0,0.0
2023-02-13,49.75,50.26,49.56,50.11,1418500,0.0,0.0
2023-02-10,48.64,49.67,48.56,49.59,1155700,0.0,0.0
2023-02-09,49.09,49.36,48.36,48.5,973300,0.0,0.0
2023-02-08,49.48,49.62,48.81,49.02,1078700,0.0,0.0
2023-02-07,50.08,50.09,49.16,49.88,1203900,0.0,0.0
2023-02-06,49.48,50.28,49.39,50.24,1232000,0.0,0.0
2023-02-03,50.61,50.87,48.76,49.69,1745500,0.0,0.0
2023-02-02,50.95,51.75,50.55,51.01,1532300,0.0,0.0
2023-02-01,50.11,51.32,49.73,50.99,2176400,0.0,0.0
2023-01-31,50.14,50.4,49.11,50.33,1715200,0.0,0.0
2023-01-30,50.15,50.59,49.86,49.98,1328000,0.45,0.0
2023-01-27,50.16,50.58,49.89,50.27,1421500,0.0,0.0
2023-01-26,50.09,50.41,49.9,50.3,871300,0.0,0.0
2023-01-25,49.96,50.39,49.59,50.26,1265300,0.0,0.0
2023-01-24,49.92,50.36,49.17,50.19,938800,0.0,0.0
2023-01-23,49.07,50.16,48.95,49.77,1177300,0.0,0.0
2023-01-20,49.06,49.82,48.42,49.78,1311200,0.0,0.0
2023-01-19,49.34,49.79,49.14,49.16,1065500,0.0,0.0
2023-01-18,50.88,50.91,49.59,49.62,1263100,0.0,0.0
2023-01-17,51.37,51.87,50.71,50.88,1414800,0.0,0.0
2023-01-13,51.51,51.51,50.93,51.28,899300,0.0,0.0
2023-01-12,51.68,51.97,51.31,51.55,1151200,0.0,0.0
2023-01-11,50.94,51.69,50.85,51.68,1390300,0.0,0.0
2023-01-10,50.92,51.11,50.31,50.78,1068300,0.0,0.0
2023-01-09,50.74,51.35,50.44,51.22,1314600,0.0,0.0
2023-01-06,50.61,51.38,50.56,51.13,994500,0.0,0.0
2023-01-05,51.2,51.24,49.93,50.01,918200,0.0,0.0
2023-01-04,51.25,51.97,50.87,51.54,1361500,0.0,0.0
2023-01-03,51.03,51.31,50.02,51.15,1111600,0.0,0.0
2022-12-30,51.76,52.0,50.57,51.0,1022300,0.0,0.0
2022-12-29,51.29,52.16,51.07,51.76,1020000,0.0,0.0
2022-12-28,51.84,52.05,50.94,51.0,812400,0.0,0.0
2022-12-27,51.07,51.87,50.79,51.76,742200,0.0,0.0
2022-12-23,50.5,51.15,50.38,51.09,819000,0.0,0.0
2022-12-22,50.75,50.75,49.72,50.6,854800,0.0,0.0
2022-12-21,50.24,50.92,50.05,50.88,1270500,0.0,0.0
2022-12-20,50.24,50.37,49.61,50.02,1159500,0.0,0.0
2022-12-19,50.27,50.74,49.94,50.15,1048500,0.0,0.0
2022-12-16,50.71,50.97,49.8,50.45,2797800,0.0,0.0
2022-12-15,51.52,51.63,50.89,51.17,939000,0.0,0.0
2022-12-14,52.23,52.9,51.48,51.78,1840700,0.0,0.0
2022-12-13,52.83,53.14,51.57,52.12,2857600,0.0,0.0
2022-12-12,51.36,52.28,51.11,52.26,1047100,0.0,0.0
2022-12-09,51.17,51.64,50.89,51.1,1023300,0.0,0.0
2022-12-08,50.3,51.33,50.16,51.24,1111500,0.0,0.0
2022-12-07,50.69,51.15,50.04,50.35,1457500,0.0,0.0
2022-12-06,50.32,51.11,49.89,51.1,1073700,0.0,0.0
2022-12-05,50.18,50.66,49.94,50.38,1219000,0.0,0.0
2022-12-02,50.67,50.94,50.11,50.62,1233100,0.0,0.0
2022-12-01,52.53,52.94,50.97,51.3,1999500,0.0,0.0
2022-11-30,50.8,52.21,50.59,52.01,1643700,0.0,0.0
2022-11-29,51.11,51.32,50.45,50.87,1674000,0.0,0.0
2022-11-28,51.7,51.93,51.28,51.53,1281000,0.0,0.0
2022-11-25,51.96,52.35,51.93,52.15,337500,0.0,0.0
2022-11-23,51.14,51.74,51.01,51.71,947700,0.0,0.0
2022-11-22,50.01,51.59,49.72,51.2,1438800,0.0,0.0
2022-11-21,51.16,51.63,50.93,51.12,1099100,0.0,0.0
2022-11-18,50.19,51.19,50.15,51.05,1537500,0.0,0.0
2022-11-17,49.87,50.0,49.14,49.67,1178200,0.0,0.0
2022-11-16,49.54,50.55,49.54,50.36,1197100,0.0,0.0
2022-11-15,49.67,49.9,48.86,49.54,1209600,0.0,0.0
2022-11-14,49.92,50.12,49.26,49.26,1277700,0.0,0.0
2022-11-11,50.94,51.19,49.74,49.82,2150800,0.0,0.0
2022-11-10,50.51,51.39,49.62,51.29,2730800,0.0,0.0
2022-11-09,48.8,50.0,48.75,49.28,2063900,0.0,0.0
2022-11-08,47.58,49.35,47.17,48.94,2948200,0.0,0.0
2022-11-07,48.76,48.92,46.96,47.64,2444700,0.0,0.0
2022-11-04,48.18,48.8,47.75,48.71,1341900,0.0,0.0
2022-11-03,47.8,48.49,47.24,48.18,1382900,0.0,0.0
2022-11-02,48.3,49.59,48.15,48.15,1725800,0.0,0.0
2022-11-01,48.44,48.71,47.86,48.62,1683200,0.0,0.0
2022-10-31,48.51,48.51,47.8,48.19,1671900,0.0,0.0
2022-10-28,47.01,48.48,46.95,48.38,1343900,0.42,0.0
2022-10-27,46.88,47.57,46.56,46.63,1688000,0.0,0.0
2022-10-26,46.86,47.08,46.2,46.38,1876400,0.0,0.0
2022-10-25,45.72,46.66,45.65,46.46,2674400,0.0,0.0
2022-10-24,45.98,46.36,45.25,45.63,1911200,0.0,0.0
2022-10-21,44.88,45.92,44.45,45.58,2324200,0.0,0.0
2022-10-20,45.67,45.85,44.43,44.61,2541500,0.0,0.0
2022-10-19,46.02,46.35,45.66,46.12,1079600,0.0,0.0
2022-10-18,46.09,46.92,46.08,46.64,1698700,0.0,0.0
2022-10-17,45.6,46.16,45.37,45.56,1828300,0.0,0.0
2022-10-14,45.72,45.98,44.31,44.82,2273100,0.0,0.0
2022-10-13,43.47,45.5,43.23,45.33,2112700,0.0,0.0
2022-10-12,45.9,45.92,44.0,44.02,2185000,0.0,0.0
2022-10-11,45.42,46.69,45.42,46.06,2358700,0.0,0.0
2022-10-10,45.87,46.24,45.62,45.68,1625000,0.0,0.0
2022-10-07,46.94,47.08,45.12,45.48,2724700,0.0,0.0
2022-10-06,48.5,48.5,46.9,46.95,2586700,0.0,0.0
2022-10-05,49.86,49.86,48.19,48.6,2264000,0.0,0.0
2022-10-04,49.94,50.85,49.76,50.39,2806500,0.0,0.0
2022-10-03,49.24,50.24,48.84,49.77,2225200,0.0,0.0
2022-09-30,50.17,50.41,48.38,48.54,2358900,0.0,0.0
2022-09-29,52.1,52.19,49.91,49.96,1583700,0.0,0.0
2022-09-28,52.48,52.84,51.71,52.41,1211400,0.0,0.0
2022-09-27,53.17,53.41,51.82,52.07,1209700,0.0,0.0
2022-09-26,54.22,54.39,52.76,53.16,1149900,0.0,0.0
2022-09-23,54.62,54.72,53.74,54.52,1204400,0.0,0.0
2022-09-22,55.09,55.47,54.72,54.97,1055700,0.0,0.0
2022-09-21,56.38,56.84,55.23,55.23,1013500,0.0,0.0
2022-09-20,56.34,56.34,55.37,56.0,1019200,0.0,0.0
2022-09-19,55.69,56.71,55.39,56.69,1563300,0.0,0.0
2022-09-16,55.38,55.89,55.17,55.75,2890200,0.0,0.0
2022-09-15,56.27,56.33,55.14,55.17,1796000,0.0,0.0
2022-09-14,56.27,56.98,56.06,56.72,1273000,0.0,0.0
2022-09-13,57.97,57.97,55.9,56.26,1518100,0.0,0.0
2022-09-12,57.97,58.26,57.63,58.15,1827800,0.0,0.0
2022-09-09,57.68,58.05,57.35,57.78,662900,0.0,0.0
2022-09-08,57.6,58.13,57.27,57.56,1113200,0.0,0.0
2022-09-07,56.4,57.95,56.4,57.81,881600,0.0,0.0
2022-09-06,56.33,57.11,55.83,56.03,1432500,0.0,0.0
2022-09-02,56.96,57.56,56.22,56.33,1316400,0.0,0.0
2022-09-01,56.04,56.9,55.78,56.85,1124200,0.0,0.0
2022-08-31,56.53,56.72,55.87,55.92,1582100,0.0,0.0
2022-08-30,57.23,57.29,56.14,56.38,792200,0.0,0.0
2022-08-29,56.84,57.67,56.4,57.25,803000,0.0,0.0
2022-08-26,57.99,58.1,57.01,57.04,883100,0.0,0.0
2022-08-25,57.61,57.89,57.13,57.81,652500,0.0,0.0
2022-08-24,57.54,57.68,57.15,57.45,723500,0.0,0.0
2022-08-23,57.97,57.97,57.31,57.53,871600,0.0,0.0
2022-08-22,58.58,58.71,57.87,58.0,996500,0.0,0.0
2022-08-19,58.66,58.95,58.42,58.66,1461900,0.0,0.0
2022-08-18,59.03,59.2,58.55,58.78,1004200,0.0,0.0
2022-08-17,58.46,59.09,58.46,58.87,1526100,0.0,0.0
2022-08-16,58.47,58.99,58.23,58.68,1037300,0.0,0.0
2022-08-15,58.08,58.54,57.86,58.49,1222900,0.0,0.0
2022-08-12,57.42,58.05,57.13,58.03,1866100,0.0,0.0
2022-08-11,56.77,57.53,56.31,56.47,1788500,0.0,0.0
2022-08-10,56.99,57.13,56.36,56.74,1380400,0.0,0.0
2022-08-09,55.95,56.74,55.86,56.66,1326700,0.0,0.0
2022-08-08,56.49,56.9,55.63,55.92,1661400,0.0,0.0
2022-08-05,55.92,56.24,54.87,56.14,1775700,0.0,0.0
2022-08-04,56.21,56.55,55.7,56.02,1337200,0.0,0.0
2022-08-03,55.6,56.27,54.26,56.13,1761700,0.0,0.0
2022-08-02,55.85,56.24,55.51,55.69,1843700,0.0,0.0
2022-08-01,55.64,55.9,55.19,55.79,1587800,0.0,0.0
2022-07-29,54.59,56.13,54.59,55.81,1176800,0.0,0.0
2022-07-28,53.84,55.06,53.8,54.99,1096000,0.42,0.0
2022-07-27,53.05,53.54,52.74,53.39,1001300,0.0,0.0
2022-07-26,52.81,53.43,52.68,53.33,829900,0.0,0.0
2022-07-25,52.15,52.73,52.02,52.65,893200,0.0,0.0
2022-07-22,51.68,52.23,51.52,52.22,891600,0.0,0.0
2022-07-21,51.37,51.43,50.97,51.42,1676100,0.0,0.0
2022-07-20,52.11,52.22,51.3,51.31,1347100,0.0,0.0
2022-07-19,52.08,52.12,51.69,51.99,1620000,0.0,0.0
2022-07-18,52.79,52.85,51.61,51.66,1111500,0.0,0.0
2022-07-15,52.54,53.05,52.14,52.89,841100,0.0,0.0
2022-07-14,51.72,52.73,51.71,52.63,722600,0.0,0.0
2022-07-13,52.35,52.98,52.06,52.53,748100,0.0,0.0
2022-07-12,52.71,53.23,52.32,52.58,1020600,0.0,0.0
2022-07-11,52.15,52.87,51.97,52.67,815000,0.0,0.0
2022-07-08,52.62,52.62,52.03,52.14,981600,0.0,0.0
2022-07-07,53.18,53.66,52.56,52.57,1054400,0.0,0.0
2022-07-06,52.73,53.58,52.3,53.09,1421300,0.0,0.0
2022-07-05,54.43,54.82,51.62,52.67,1425400,0.0,0.0
2022-07-01,53.41,54.78,53.24,54.63,1826300,0.0,0.0
2022-06-30,52.63,53.69,52.29,53.3,1712100,0.0,0.0
2022-06-29,52.73,53.41,52.58,52.72,1201600,0.0,0.0
2022-06-28,52.88,53.36,52.73,52.77,1237900,0.0,0.0
2022-06-27,51.94,52.71,51.81,52.68,1496700,0.0,0.0
2022-06-24,51.57,52.28,51.34,52.12,2422000,0.0,0.0
2022-06-23,50.58,51.57,50.48,51.41,1482300,0.0,0.0
2022-06-22,50.0,50.89,50.0,50.49,1479600,0.0,0.0
2022-06-21,49.93,50.44,49.63,50.22,1516000,0.0,0.0
2022-06-17,49.86,50.59,49.29,49.79,2712400,0.0,0.0
2022-06-16,50.16,50.39,49.37,49.99,1645900,0.0,0.0
2022-06-15,50.93,51.8,49.99,50.69,2053500,0.0,0.0
2022-06-14,52.45,52.61,50.1,50.57,1092600,0.0,0.0
2022-06-13,53.34,53.5,51.92,52.18,1478400,0.0,0.0
2022-06-10,53.49,54.42,53.11,53.94,1364100,0.0,0.0
2022-06-09,55.46,55.99,54.2,54.23,1120100,0.0,0.0
2022-06-08,57.17,57.19,55.49,55.58,1301600,0.0,0.0
2022-06-07,56.96,57.46,56.63,57.45,1967100,0.0,0.0
2022-06-06,56.82,57.68,56.74,56.86,1493800,0.0,0.0
2022-06-03,56.63,57.06,56.44,56.48,1227900,0.0,0.0
2022-06-02,57.72,57.85,55.85,56.74,1533600,0.0,0.0
2022-06-01,58.1,58.1,56.94,57.46,2392100,0.0,0.0
2022-05-31,57.48,58.1,56.72,58.04,10778100,0.0,0.0
2022-05-27,56.63,58.01,56.25,58.0,2763700,0.0,0.0
2022-05-26,55.91,57.16,55.72,56.8,3348200,0.0,0.0
2022-05-25,55.64,55.85,55.16,55.7,2783800,0.0,0.0
2022-05-24,53.9,55.84,53.67,55.76,2805900,0.0,0.0
2022-05-23,53.73,53.99,52.93,53.65,1806900,0.0,0.0
2022-05-20,53.2,53.99,52.66,53.35,3017200,0.0,0.0
2022-05-19,53.48,53.61,52.64,53.2,1752800,0.0,0.0
2022-05-18,54.79,55.04,53.44,53.6,1601000,0.0,0.0
2022-05-17,54.1,54.43,53.25,54.33,1669700,0.0,0.0
2022-05-16,53.23,53.71,52.8,53.53,1742700,0.0,0.0
2022-05-13,52.92,53.27,51.99,53.14,1621800,0.0,0.0
2022-05-12,53.04,53.38,51.99,52.76,1461100,0.0,0.0
2022-05-11,52.63,53.99,52.63,52.93,1976600,0.0,0.0
2022-05-10,53.64,54.37,52.49,52.77,1745700,0.0,0.0
2022-05-09,53.36,53.91,52.57,53.4,1238000,0.0,0.0
2022-05-06,53.48,53.86,52.78,53.42,1579000,0.0,0.0
2022-05-05,53.8,54.49,53.06,53.53,1712400,0.0,0.0
2022-05-04,52.68,53.9,52.56,53.84,1920600,0.0,0.0
2022-05-03,52.96,53.42,52.25,52.56,1922500,0.0,0.0
2022-05-02,53.59,53.97,51.99,52.61,2629600,0.0,0.0
2022-04-29,55.9,55.98,53.33,53.48,2526300,0.0,0.0
2022-04-28,54.91,55.8,54.83,55.68,1738100,0.42,0.0
2022-04-27,55.79,56.0,54.82,54.92,1465000,0.0,0.0
2022-04-26,56.07,56.75,55.6,55.65,1219100,0.0,0.0
2022-04-25,57.27,57.48,55.08,56.05,1753000,0.0,0.0
2022-04-22,58.13,58.21,56.91,57.0,1427700,0.0,0.0
2022-04-21,58.56,58.93,58.12,58.2,969700,0.0,0.0
2022-04-20,58.17,58.91,57.97,58.79,1148700,0.0,0.0
2022-04-19,56.88,57.73,56.63,57.68,984100,0.0,0.0
2022-04-18,57.2,57.71,56.46,56.63,1134800,0.0,0.0
2022-04-14,57.67,57.79,57.16,57.24,1382700,0.0,0.0
2022-04-13,58.49,58.59,57.2,57.42,1216600,0.0,0.0
2022-04-12,57.75,58.6,57.5,58.36,1521800,0.0,0.0
2022-04-11,58.77,59.03,58.03,58.11,866600,0.0,0.0
2022-04-08,58.34,58.85,57.85,58.53,1003700,0.0,0.0
2022-04-07,58.91,58.91,57.93,58.09,1345700,0.0,0.0
2022-04-06,57.41,58.89,57.23,58.84,1438300,0.0,0.0
2022-04-05,56.62,57.81,56.62,57.14,1004600,0.0,0.0
2022-04-04,56.83,56.99,55.9,56.61,767800,0.0,0.0
2022-04-01,56.52,57.16,56.05,57.15,1312200,0.0,0.0
2022-03-31,56.96,57.1,56.35,56.42,1622000,0.0,0.0
2022-03-30,56.17,56.78,55.9,56.78,784400,0.0,0.0
2022-03-29,55.76,56.25,55.42,56.16,1202800,0.0,0.0
2022-03-28,55.94,56.1,55.41,55.98,530600,0.0,0.0
2022-03-25,54.87,55.84,54.73,55.83,710600,0.0,0.0
2022-03-24,54.55,55.04,54.47,54.68,800100,0.0,0.0
2022-03-23,54.09,54.85,53.81,54.55,982900,0.0,0.0
2022-03-22,55.09,55.17,53.95,54.1,1558800,0.0,0.0
2022-03-21,54.46,55.47,54.46,55.03,944500,0.0,0.0
2022-03-18,55.25,55.28,54.21,54.46,2835200,0.0,0.0
2022-03-17,54.86,55.53,54.68,55.06,1011500,0.0,0.0
2022-03-16,55.2,55.27,54.07,54.95,1280600,0.0,0.0
2022-03-15,54.81,55.4,54.37,55.33,1068000,0.0,0.0
2022-03-14,54.58,55.08,54.06,54.48,922000,0.0,0.0
2022-03-11,54.4,54.95,54.11,54.39,1044800,0.0,0.0
2022-03-10,53.58,54.43,53.38,54.3,839500,0.0,0.0
2022-03-09,54.93,55.02,53.74,53.95,1150500,0.0,0.0
2022-03-08,55.12,55.43,54.17,54.62,1702300,0.0,0.0
2022-03-07,54.71,55.1,54.16,54.86,930800,0.0,0.0
2022-03-04,53.19,54.76,53.1,54.71,1038800,0.0,0.0
2022-03-03,52.35,53.58,52.3,53.34,1441300,0.0,0.0
2022-03-02,51.91,52.44,51.61,52.05,1096600,0.0,0.0
2022-03-01,52.49,53.28,51.29,51.71,1265800,0.0,0.0
2022-02-28,52.04,52.86,51.88,52.73,2403200,0.0,0.0
2022-02-25,50.78,52.28,50.78,52.25,1209700,0.0,0.0
2022-02-24,50.39,50.59,49.48,50.5,1351400,0.0,0.0
2022-02-23,51.25,51.43,50.49,50.53,1005600,0.0,0.0
2022-02-22,51.58,51.75,50.84,51.2,1029800,0.0,0.0
2022-02-18,51.01,52.0,50.52,51.56,1565300,0.0,0.0
2022-02-17,50.75,51.23,50.31,51.13,1001100,0.0,0.0
2022-02-16,50.96,51.1,50.36,50.86,795100,0.0,0.0
2022-02-15,51.52,51.9,50.67,50.88,802500,0.0,0.0
2022-02-14,52.14,52.2,50.7,51.35,1028300,0.0,0.0
2022-02-11,51.68,52.25,51.63,51.88,1066900,0.0,0.0
2022-02-10,52.93,53.12,51.55,51.68,862000,0.0,0.0
2022-02-09,53.84,54.24,53.21,53.38,720800,0.0,0.0
2022-02-08,53.71,53.97,53.42,53.7,997100,0.0,0.0
2022-02-07,53.28,53.84,52.9,53.37,725200,0.0,0.0
2022-02-04,53.74,53.99,52.79,53.39,857500,0.0,0.0
2022-02-03,53.88,54.39,53.76,54.05,683700,0.0,0.0
2022-02-02,52.9,54.16,52.8,54.05,1712200,0.0,0.0
2022-02-01,53.91,54.13,52.41,52.97,1369500,0.0,0.0
2022-01-31,53.21,54.11,53.0,54.05,910800,0.0,0.0
2022-01-28,52.83,53.6,52.15,53.56,1011800,0.42,0.0
2022-01-27,52.35,53.22,52.08,52.81,1163100,0.0,0.0
2022-01-26,52.18,53.05,51.65,52.08,1197400,0.0,0.0
2022-01-25,52.32,52.69,51.84,52.27,1275900,0.0,0.0
2022-01-24,53.4,53.68,51.25,52.66,1893600,0.0,0.0
2022-01-21,53.95,54.47,53.4,53.57,988900,0.0,0.0
2022-01-20,53.54,53.99,53.24,53.54,1002500,0.0,0.0
2022-01-19,53.26,53.76,52.78,53.26,1619400,0.0,0.0
2022-01-18,53.7,53.74,52.56,53.49,952000,0.0,0.0
2022-01-14,54.53,54.64,53.62,53.85,1153000,0.0,0.0
2022-01-13,53.95,54.59,53.78,54.36,943300,0.0,0.0
2022-01-12,53.49,53.99,53.3,53.9,874800,0.0,0.0
2022-01-11,54.43,54.65,53.29,53.61,1464700,0.0,0.0
2022-01-10,55.45,55.45,54.21,54.35,980400,0.0,0.0
2022-01-07,54.56,55.08,54.0,54.67,811100,0.0,0.0
2022-01-06,55.12,55.44,54.64,54.69,750000,0.0,0.0
2022-01-05,54.4,55.51,54.33,54.91,925600,0.0,0.0
2022-01-04,54.3,55.34,54.3,54.43,1003800,0.0,0.0
2022-01-03,55.01,55.01,53.87,54.55,885400,0.0,0.0
2021-12-31,55.0,55.35,54.72,55.1,580400,0.0,0.0
2021-12-30,54.97,55.18,54.63,55.08,601500,0.0,0.0
2021-12-29,54.59,54.91,54.29,54.78,519200,0.0,0.0
2021-12-28,53.95,54.4,53.82,54.39,475300,0.0,0.0
2021-12-27,53.4,53.78,53.17,53.78,458800,0.0,0.0
2021-12-23,53.5,53.86,53.29,53.38,609600,0.0,0.0
2021-12-22,53.01,53.5,52.96,53.41,716000,0.0,0.0
2021-12-21,53.89,54.21,53.1,53.25,794700,0.0,0.0
2021-12-20,53.28,53.78,52.66,53.72,930400,0.0,0.0
2021-12-17,54.52,54.65,53.22,53.58,2205100,0.0,0.0
2021-12-16,54.28,54.93,54.13,54.66,854800,0.0,0.0
2021-12-15,53.49,54.57,53.49,54.22,1199200,0.0,0.0
2021-12-14,53.35,53.79,53.14,53.37,1253700,0.0,0.0
2021-12-13,52.77,53.78,52.77,53.47,1038500,0.0,0.0
2021-12-10,52.4,53.0,52.12,52.79,872200,0.0,0.0
2021-12-09,52.49,52.53,51.72,52.12,921900,0.0,0.0
2021-12-08,52.34,52.6,51.93,52.29,1000100,0.0,0.0
2021-12-07,51.84,52.44,51.62,52.29,1046300,0.0,0.0
2021-12-06,51.71,52.64,51.48,51.93,982200,0.0,0.0
2021-12-03,50.48,51.12,49.78,51.04,1535600,0.0,0.0
2021-12-02,49.59,50.63,49.59,50.14,953600,0.0,0.0
2021-12-01,49.56,50.82,49.31,49.62,1285000,0.0,0.0
2021-11-30,51.04,51.09,48.88,49.11,3439400,0.0,0.0
2021-11-29,51.0,51.43,50.58,51.35,1044000,0.0,0.0
2021-11-26,51.43,51.8,50.66,50.86,638100,0.0,0.0
2021-11-24,51.99,52.08,51.48,51.65,774700,0.0,0.0
2021-11-23,52.03,52.23,51.55,51.87,1135400,0.0,0.0
2021-11-22,50.85,51.98,50.65,51.88,1516400,0.0,0.0
2021-11-19,49.82,51.12,49.69,50.91,3359900,0.0,0.0
2021-11-18,50.18,50.39,49.36,49.53,1335800,0.0,0.0
2021-11-17,50.04,50.4,49.53,50.3,1319500,0.0,0.0
2021-11-16,50.6,50.86,50.08,50.19,1365800,0.0,0.0
2021-11-15,49.71,50.43,49.61,50.41,1341200,0.0,0.0
2021-11-12,49.58,49.71,49.21,49.56,831500,0.0,0.0
2021-11-11,50.2,50.2,49.21,49.58,989200,0.0,0.0
2021-11-10,49.88,50.31,49.71,50.27,947800,0.0,0.0
2021-11-09,49.62,49.88,49.32,49.69,841100,0.0,0.0
2021-11-08,50.58,50.58,49.22,49.55,1320200,0.0,0.0
2021-11-05,51.0,51.19,49.93,50.58,1869400,0.0,0.0
2021-11-04,50.55,50.9,49.26,49.88,1421400,0.0,0.0
2021-11-03,51.24,51.57,50.32,50.58,958900,0.0,0.0
2021-11-02,51.1,51.29,50.63,51.17,1089200,0.0,0.0
2021-11-01,50.66,51.01,50.26,50.96,982500,0.0,0.0
2021-10-29,50.55,51.15,50.31,50.71,1374900,0.4,0.0
2021-10-28,50.27,50.64,50.12,50.59,648100,0.0,0.0
2021-10-27,50.64,50.75,50.23,50.3,994000,0.0,0.0
2021-10-26,50.29,50.99,50.12,50.56,1497600,0.0,0.0
2021-10-25,51.02,51.02,50.24,50.29,680100,0.0,0.0
2021-10-22,50.73,51.19,50.66,51.07,741300,0.0,0.0
2021-10-21,50.31,50.56,50.2,50.51,789900,0.0,0.0
2021-10-20,49.73,50.52,49.66,50.24,1142200,0.0,0.0
2021-10-19,49.5,49.69,49.31,49.55,1184400,0.0,0.0
2021-10-18,49.4,49.49,48.84,49.25,1045000,0.0,0.0
2021-10-15,50.03,50.04,49.52,49.64,956700,0.0,0.0
2021-10-14,49.46,50.01,49.36,49.97,849500,0.0,0.0
2021-10-13,48.95,49.39,48.47,49.36,1125200,0.0,0.0
2021-10-12,48.73,49.25,48.53,48.94,1175700,0.0,0.0
2021-10-11,49.81,49.88,48.53,48.65,1479500,0.0,0.0
2021-10-08,50.29,50.38,49.7,49.81,892000,0.0,0.0
2021-10-07,50.88,51.37,50.31,50.43,980200,0.0,0.0
2021-10-06,49.99,50.83,49.69,50.8,1028100,0.0,0.0
2021-10-05,50.87,50.87,50.03,50.21,1309900,0.0,0.0
2021-10-04,49.58,50.81,49.49,50.57,1218400,0.0,0.0
2021-10-01,50.21,50.21,49.41,49.65,1128700,0.0,0.0
2021-09-30,50.73,50.73,49.47,49.82,1294500,0.0,0.0
2021-09-29,49.68,50.69,49.61,50.51,1180700,0.0,0.0
2021-09-28,50.01,50.14,49.43,49.67,1153400,0.0,0.0
2021-09-27,50.8,51.33,49.97,50.02,1179900,0.0,0.0
2021-09-24,51.06,51.34,50.8,50.83,799000,0.0,0.0
2021-09-23,51.16,51.61,50.9,50.96,630900,0.0,0.0
2021-09-22,51.37,51.56,50.85,51.12,700700,0.0,0.0
2021-09-21,51.72,52.02,51.14,51.2,669400,0.0,0.0
2021-09-20,51.58,51.96,51.01,51.53,1017500,0.0,0.0
2021-09-17,52.11,52.49,51.29,51.47,2231000,0.0,0.0
2021-09-16,53.05,53.05,52.15,52.2,820000,0.0,0.0
2021-09-15,52.53,53.16,52.43,52.75,893700,0.0,0.0
2021-09-14,52.9,53.1,52.58,52.76,631900,0.0,0.0
2021-09-13,53.63,53.78,52.74,52.9,825000,0.0,0.0
2021-09-10,54.03,54.14,53.14,53.2,958100,0.0,0.0
2021-09-09,54.22,54.45,53.94,54.03,1059100,0.0,0.0
2021-09-08,53.06,54.74,52.97,54.36,1250400,0.0,0.0
2021-09-07,54.26,54.31,53.14,53.18,1220000,0.0,0.0
2021-09-03,55.17,55.2,54.67,54.71,681600,0.0,0.0
2021-09-02,55.01,55.33,54.89,55.23,847900,0.0,0.0
2021-09-01,54.27,55.14,54.06,54.86,921200,0.0,0.0
2021-08-31,54.22,54.6,53.85,54.11,954400,0.0,0.0
2021-08-30,54.03,54.34,53.93,54.2,580200,0.0,0.0
2021-08-27,54.1,54.42,53.83,54.15,671200,0.0,0.0
2021-08-26,53.95,54.06,53.6,53.93,853200,0.0,0.0
2021-08-25,53.9,54.14,53.6,53.9,936300,0.0,0.0
2021-08-24,54.2,54.31,53.54,53.99,1000300,0.0,0.0
2021-08-23,55.34,55.34,54.24,54.27,1106700,0.0,0.0
2021-08-20,54.7,55.5,54.41,55.34,1180900,0.0,0.0
2021-08-19,54.55,55.02,54.53,54.72,936800,0.0,0.0
2021-08-18,54.93,55.04,54.38,54.67,924900,0.0,0.0
2021-08-17,54.27,54.96,54.27,54.95,1016900,0.0,0.0
2021-08-16,54.6,55.02,54.24,54.86,1090000,0.0,0.0
2021-08-13,54.17,54.41,53.99,54.36,831900,0.0,0.0
2021-08-12,54.12,54.35,53.93,53.99,856100,0.0,0.0
2021-08-11,54.08,54.44,53.8,54.14,832200,0.0,0.0
2021-08-10,54.0,54.07,53.75,53.86,711400,0.0,0.0
2021-08-09,54.38,54.47,53.73,54.02,746800,0.0,0.0
2021-08-06,53.15,54.49,52.77,54.12,1185600,0.0,0.0
2021-08-05,53.54,53.89,53.15,53.82,1210100,0.0,0.0
2021-08-04,53.18,53.4,52.54,53.34,1132700,0.0,0.0
2021-08-03,52.74,53.43,52.55,53.39,1482000,0.0,0.0
2021-08-02,52.12,52.68,52.0,52.65,928400,0.0,0.0
2021-07-30,52.42,52.9,52.02,52.09,932500,0.0,0.0
2021-07-29,52.59,52.74,52.16,52.42,731200,0.4,0.0
2021-07-28,52.79,52.9,52.11,52.48,1226600,0.0,0.0
2021-07-27,51.77,52.96,51.63,52.8,1028600,0.0,0.0
2021-07-26,51.87,52.06,51.33,51.8,770000,0.0,0.0
2021-07-23,50.93,51.85,50.93,51.81,762200,0.0,0.0
2021-07-22,50.69,51.11,50.54,50.88,994500,0.0,0.0
2021-07-21,51.35,51.74,50.72,50.76,992100,0.0,0.0
2021-07-20,51.41,52.36,51.35,51.55,1165800,0.0,0.0
2021-07-19,51.71,51.97,50.71,51.32,1473800,0.0,0.0
2021-07-16,51.1,52.06,51.08,51.76,1078400,0.0,0.0
2021-07-15,50.38,51.14,50.33,51.1,969700,0.0,0.0
2021-07-14,50.11,50.74,49.8,50.59,771400,0.0,0.0
2021-07-13,50.29,50.38,49.75,49.97,835000,0.0,0.0
2021-07-12,50.07,50.47,49.77,50.34,927900,0.0,0.0
2021-07-09,50.13,50.37,49.36,50.18,2105200,0.0,0.0
2021-07-08,49.99,50.51,49.94,50.25,766100,0.0,0.0
2021-07-07,49.94,50.29,49.55,50.24,812300,0.0,0.0
2021-07-06,49.35,49.89,48.77,49.85,1279800,0.0,0.0
2021-07-02,49.69,49.92,49.51,49.88,917500,0.0,0.0
2021-07-01,49.61,50.03,49.14,49.74,1116900,0.0,0.0
2021-06-30,49.29,49.46,48.91,49.29,958400,0.0,0.0
2021-06-29,50.37,50.68,49.12,49.27,1295700,0.0,0.0
2021-06-28,50.62,50.88,50.33,50.49,722500,0.0,0.0
2021-06-25,49.76,50.52,49.75,50.5,823500,0.0,0.0
2021-06-24,50.24,50.24,49.73,49.88,1008500,0.0,0.0
2021-06-23,50.65,50.79,49.84,50.17,1597400,0.0,0.0
2021-06-22,50.66,51.04,50.55,50.59,1146100,0.0,0.0
2021-06-21,49.83,50.8,49.63,50.68,1402600,0.0,0.0
2021-06-18,51.37,51.44,49.66,49.8,2171500,0.0,0.0
2021-06-17,50.8,51.49,50.64,51.38,1143200,0.0,0.0
2021-06-16,51.8,52.12,50.87,50.89,1293900,0.0,0.0
2021-06-15,51.71,52.24,51.48,51.94,753000,0.0,0.0
2021-06-14,51.72,51.84,51.41,51.78,1071700,0.0,0.0
2021-06-11,51.73,51.84,51.5,51.79,845200,0.0,0.0
2021-06-10,51.66,51.86,51.45,51.75,818200,0.0,0.0
2021-06-09,51.12,51.61,50.95,51.54,964000,0.0,0.0
2021-06-08,51.4,51.56,50.49,50.91,1915600,0.0,0.0
2021-06-07,51.48,51.61,51.19,51.36,1046000,0.0,0.0
2021-06-04,51.53,51.65,51.17,51.37,754700,0.0,0.0
2021-06-03,50.64,51.61,50.64,51.39,1450000,0.0,0.0
2021-06-02,50.42,51.12,50.18,50.92,1048100,0.0,0.0
2021-06-01,50.63,50.96,50.19,50.38,1072800,0.0,0.0
2021-05-28,50.43,50.79,50.3,50.52,1506000,0.0,0.0
2021-05-27,50.93,51.1,50.17,50.17,7705900,0.0,0.0
2021-05-26,50.9,51.2,50.7,50.84,1746500,0.0,0.0
2021-05-25,51.3,51.36,50.77,50.92,1501900,0.0,0.0
2021-05-24,51.61,51.74,51.29,51.33,1239000,0.0,0.0
2021-05-21,50.82,51.49,50.82,51.37,1866300,0.0,0.0
2021-05-20,51.02,51.49,50.97,51.06,1481900,0.0,0.0
2021-05-19,50.89,51.08,50.44,51.01,1823700,0.0,0.0
2021-05-18,50.91,51.31,50.29,50.92,2958400,0.0,0.0
2021-05-17,50.47,50.61,49.83,49.93,1339600,0.0,0.0
2021-05-14,50.41,50.87,50.17,50.18,1106600,0.0,0.0
2021-05-13,49.23,50.54,49.04,50.28,978800,0.0,0.0
2021-05-12,50.32,50.35,49.26,49.34,1237800,0.0,0.0
2021-05-11,51.25,51.44,49.85,50.36,1577900,0.0,0.0
2021-05-10,50.6,51.43,50.39,51.23,1640700,0.0,0.0
2021-05-07,49.67,50.39,49.63,50.16,1722400,0.0,0.0
2021-05-06,49.3,50.01,49.14,50.01,1355200,0.0,0.0
2021-05-05,50.11,50.11,48.51,49.16,1264800,0.0,0.0
2021-05-04,49.6,49.99,49.4,49.98,1167100,0.0,0.0
2021-05-03,49.58,50.15,49.46,49.65,1673400,0.0,0.0
2021-04-30,49.19,49.71,48.89,49.65,1653100,0.0,0.0
2021-04-29,48.8,49.16,48.74,48.96,2016500,0.4,0.0
2021-04-28,48.79,48.94,48.27,48.53,1309100,0.0,0.0
2021-04-27,49.2,49.23,48.63,48.72,985300,0.0,0.0
2021-04-26,49.63,49.63,49.2,49.35,769000,0.0,0.0
2021-04-23,50.05,50.05,49.51,49.53,983800,0.0,0.0
2021-04-22,50.08,50.36,49.68,49.89,938700,0.0,0.0
2021-04-21,50.47,50.73,49.84,50.09,930000,0.0,0.0
2021-04-20,49.53,50.51,49.49,50.39,1423200,0.0,0.0
2021-04-19,49.28,49.47,48.97,49.31,1590900,0.0,0.0
2021-04-16,49.19,49.47,48.93,49.28,1181400,0.0,0.0
2021-04-15,48.21,48.96,48.08,48.86,1113400,0.0,0.0
2021-04-14,47.6,48.19,47.5,48.16,964000,0.0,0.0
2021-04-13,47.41,47.94,47.21,47.84,1151700,0.0,0.0
2021-04-12,47.48,47.92,47.35,47.57,1267600,0.0,0.0
2021-04-09,47.77,48.11,47.36,47.4,987700,0.0,0.0
2021-04-08,48.06,48.13,47.46,47.52,1430900,0.0,0.0
2021-04-07,48.18,48.42,47.67,47.73,1276800,0.0,0.0
2021-04-06,47.83,48.17,47.58,48.11,993400,0.0,0.0
2021-04-05,47.84,48.48,47.77,48.13,823700,0.0,0.0
2021-04-01,47.27,47.73,47.03,47.7,894100,0.0,0.0
2021-03-31,47.55,47.65,47.25,47.53,1417700,0.0,0.0
2021-03-30,47.71,47.87,47.0,47.53,1067800,0.0,0.0
2021-03-29,47.27,48.18,47.08,47.95,1087900,0.0,0.0
2021-03-26,47.0,47.43,46.73,47.36,1297700,0.0,0.0
2021-03-25,46.92,47.63,46.45,47.17,1630300,0.0,0.0
2021-03-24,46.61,47.19,46.35,46.79,2130400,0.0,0.0
2021-03-23,45.2,46.77,45.04,46.57,1856600,0.0,0.0
2021-03-22,45.4,45.66,44.9,45.2,1697700,0.0,0.0
2021-03-19,45.49,45.89,44.86,45.43,5167200,0.0,0.0
2021-03-18,45.37,45.77,44.74,45.44,1964800,0.0,0.0
2021-03-17,46.57,46.57,45.26,45.38,1965800,0.0,0.0
2021-03-16,46.14,46.68,45.95,46.25,1852500,0.0,0.0
2021-03-15,45.04,46.87,45.04,46.25,3134100,0.0,0.0
2021-03-12,44.04,45.37,43.87,44.86,2502600,0.0,0.0
2021-03-11,44.04,44.54,43.84,43.87,1350600,0.0,0.0
2021-03-10,43.77,44.5,43.61,44.22,1785400,0.0,0.0
2021-03-09,43.57,43.94,43.46,43.77,1713400,0.0,0.0
2021-03-08,42.79,43.73,42.3,43.62,1678600,0.0,0.0
2021-03-05,41.72,42.68,41.47,42.46,1595700,0.0,0.0
2021-03-04,41.17,42.21,41.03,41.42,1286300,0.0,0.0
2021-03-03,41.36,41.37,40.42,41.17,1303600,0.0,0.0
2021-03-02,41.5,41.53,40.69,41.34,1092400,0.0,0.0
2021-03-01,40.85,41.81,40.85,41.32,1448500,0.0,0.0
2021-02-26,41.72,42.15,40.36,40.51,1700800,0.0,0.0
2021-02-25,41.6,41.91,41.33,41.57,1289700,0.0,0.0
2021-02-24,42.48,42.48,41.5,41.71,1495500,0.0,0.0
2021-02-23,41.72,42.72,41.56,42.32,1880000,0.0,0.0
2021-02-22,41.68,41.92,40.8,41.36,1337800,0.0,0.0
2021-02-19,43.87,43.87,41.72,41.8,1901100,0.0,0.0
2021-02-18,42.07,42.73,42.07,42.66,1045700,0.0,0.0
2021-02-17,42.11,42.46,41.99,42.32,999100,0.0,0.0
2021-02-16,42.6,42.71,41.89,41.96,1128300,0.0,0.0
2021-02-12,42.71,42.87,42.23,42.38,1269100,0.0,0.0
2021-02-11,43.11,43.35,42.56,42.75,912800,0.0,0.0
2021-02-10,43.12,43.46,42.88,43.11,800400,0.0,0.0
2021-02-09,43.25,43.39,42.34,42.86,834500,0.0,0.0
2021-02-08,43.59,43.88,42.96,43.05,875700,0.0,0.0
2021-02-05,43.39,43.76,43.27,43.6,778500,0.0,0.0
2021-02-04,42.94,43.66,42.74,43.4,924800,0.0,0.0
2021-02-03,43.35,43.82,43.04,43.1,1229000,0.0,0.0
2021-02-02,43.11,43.8,42.8,43.02,1065800,0.0,0.0
2021-02-01,42.77,43.36,42.34,42.96,1236500,0.0,0.0
2021-01-29,42.86,43.12,42.18,42.69,1800400,0.0,0.0
2021-01-28,42.93,43.81,42.62,42.96,1236500,0.4,0.0
2021-01-27,43.13,43.61,42.22,42.63,1452400,0.0,0.0
2021-01-26,43.95,43.95,43.12,43.38,1077400,0.0,0.0
2021-01-25,43.0,44.11,42.69,43.95,2205300,0.0,0.0
2021-01-22,43.36,43.36,42.39,43.0,1283500,0.0,0.0
2021-01-21,43.32,43.66,43.09,43.3,920300,0.0,0.0
2021-01-20,42.92,43.65,42.84,43.45,1867000,0.0,0.0
2021-01-19,43.39,43.62,42.67,43.19,1934200,0.0,0.0
2021-01-15,41.72,43.14,41.52,43.06,1652400,0.0,0.0
2021-01-14,42.37,42.38,41.39,41.85,936400,0.0,0.0
2021-01-13,41.94,42.6,41.76,42.43,951500,0.0,0.0
2021-01-12,42.12,42.25,41.09,41.8,920700,0.0,0.0
2021-01-11,42.93,43.13,41.98,42.25,1022900,0.0,0.0
2021-01-08,42.82,43.06,42.35,42.95,1183500,0.0,0.0
2021-01-07,44.34,44.34,42.72,42.74,1317600,0.0,0.0
2021-01-06,44.02,44.63,43.72,44.39,969900,0.0,0.0
2021-01-05,43.95,44.2,43.53,43.73,968100,0.0,0.0
2021-01-04,44.85,44.86,43.75,43.94,807700,0.0,0.0
2020-12-31,43.94,44.92,43.88,44.85,916200,0.0,0.0
2020-12-30,43.97,44.39,43.83,44.18,563800,0.0,0.0
2020-12-29,44.05,44.31,43.74,43.93,1048600,0.0,0.0
2020-12-28,43.82,44.23,43.63,43.79,743600,0.0,0.0
2020-12-24,43.15,43.58,41.44,43.53,743200,0.0,0.0
2020-12-23,43.93,44.11,43.12,43.12,1005300,0.0,0.0
2020-12-22,43.79,43.81,43.44,43.67,1059700,0.0,0.0
2020-12-21,43.99,44.22,42.96,43.81,1692300,0.0,0.0
2020-12-18,44.88,45.16,44.1,44.43,2601900,0.0,0.0
2020-12-17,45.12,45.53,44.97,45.02,1224100,0.0,0.0
2020-12-16,45.76,46.01,44.93,44.94,1378800,0.0,0.0
2020-12-15,44.87,45.76,44.57,45.59,1101600,0.0,0.0
2020-12-14,45.43,45.67,44.67,44.68,677700,0.0,0.0
2020-12-11,44.89,45.11,44.76,45.0,810200,0.0,0.0
2020-12-10,45.25,45.57,44.81,45.14,1016100,0.0,0.0
2020-12-09,45.96,46.0,45.19,45.52,1161800,0.0,0.0
2020-12-08,46.21,46.41,45.74,45.92,1177000,0.0,0.0
2020-12-07,46.15,46.45,45.9,46.42,1267000,0.0,0.0
2020-12-04,46.42,46.8,45.83,46.02,1270000,0.0,0.0
2020-12-03,46.73,46.73,46.02,46.44,1485100,0.0,0.0
2020-12-02,46.26,46.87,45.86,46.84,1412100,0.0,0.0
2020-12-01,46.09,46.74,45.96,46.45,1355900,0.0,0.0
2020-11-30,45.79,46.08,45.35,45.78,2092700,0.0,0.0
2020-11-27,46.47,46.75,45.74,45.92,461200,0.0,0.0
2020-11-25,46.49,46.89,45.92,46.57,1282500,0.0,0.0
2020-11-24,46.16,46.56,45.74,46.45,1208600,0.0,0.0
2020-11-23,46.27,46.48,45.78,45.91,1049000,0.0,0.0
2020-11-20,45.71,46.26,45.4,46.01,1667800,0.0,0.0
2020-11-19,46.65,46.75,45.45,45.67,1022600,0.0,0.0
2020-11-18,47.85,47.96,46.14,46.18,1501800,0.0,0.0
2020-11-17,48.94,49.22,47.57,47.63,1405600,0.0,0.0
2020-11-16,49.62,49.71,48.56,49.12,1032600,0.0,0.0
2020-11-13,49.18,49.44,48.61,48.91,978000,0.0,0.0
2020-11-12,49.76,49.95,48.62,48.85,1282000,0.0,0.0
2020-11-11,49.76,50.29,49.59,49.98,733900,0.0,0.0
2020-11-10,49.1,49.94,49.1,49.57,1132500,0.0,0.0
2020-11-09,49.1,50.57,49.0,49.29,1551000,0.0,0.0
2020-11-06,48.09,48.56,47.04,47.49,1047800,0.0,0.0
2020-11-05,48.62,48.89,47.56,47.76,1145900,0.0,0.0
2020-11-04,49.0,50.03,47.97,48.16,1552700,0.0,0.0
2020-11-03,48.67,50.06,48.49,49.12,1951500,0.0,0.0
2020-11-02,48.79,49.55,48.21,49.34,1342500,0.0,0.0
2020-10-30,48.23,48.51,47.56,48.11,1348000,0.0,0.0
2020-10-29,47.68,48.97,47.13,48.36,967500,0.38,0.0
2020-10-28,48.57,49.32,47.91,47.99,1267500,0.0,0.0
2020-10-27,49.31,49.72,48.95,49.41,978600,0.0,0.0
2020-10-26,48.66,49.28,48.49,49.12,797800,0.0,0.0
2020-10-23,49.14,49.15,48.52,48.98,832200,0.0,0.0
2020-10-22,47.97,48.97,47.83,48.8,1256000,0.0,0.0
2020-10-21,47.54,48.47,47.52,48.09,1527000,0.0,0.0
2020-10-20,47.45,47.87,47.21,47.66,875600,0.0,0.0
2020-10-19,47.52,47.73,47.16,47.3,1599800,0.0,0.0
2020-10-16,47.1,47.74,46.86,47.45,1339700,0.0,0.0
2020-10-15,46.43,47.44,46.35,47.15,874600,0.0,0.0
2020-10-14,46.93,47.13,46.47,46.72,698000,0.0,0.0
2020-10-13,47.01,47.11,46.38,46.75,898600,0.0,0.0
2020-10-12,47.22,47.71,47.19,47.3,1271800,0.0,0.0
2020-10-09,47.73,47.99,47.09,47.32,881300,0.0,0.0
2020-10-08,46.87,47.71,46.75,47.7,1405500,0.0,0.0
2020-10-07,47.31,47.4,46.45,46.75,1063000,0.0,0.0
2020-10-06,46.27,47.43,45.94,47.01,1334900,0.0,0.0
2020-10-05,45.94,46.26,45.41,46.08,1463100,0.0,0.0
2020-10-02,45.0,46.22,44.96,45.89,1491700,0.0,0.0
2020-10-01,44.58,45.41,44.58,45.23,1596600,0.0,0.0
2020-09-30,44.57,44.84,44.29,44.65,1583600,0.0,0.0
2020-09-29,44.65,44.75,44.07,44.15,968400,0.0,0.0
2020-09-28,44.65,44.92,44.29,44.51,1493000,0.0,0.0
2020-09-25,42.8,44.53,42.62,44.39,2044100,0.0,0.0
2020-09-24,43.05,43.49,42.72,43.16,1253400,0.0,0.0
2020-09-23,43.41,43.59,43.04,43.07,1196600,0.0,0.0
2020-09-22,42.93,43.62,42.91,43.23,1322600,0.0,0.0
2020-09-21,43.51,43.88,42.26,43.07,1805000,0.0,0.0
2020-09-18,44.96,45.04,43.98,44.07,2342500,0.0,0.0
2020-09-17,45.61,45.61,44.77,45.1,1167300,0.0,0.0
2020-09-16,45.6,46.39,45.34,45.86,1480900,0.0,0.0
2020-09-15,45.63,46.3,45.47,45.6,1518000,0.0,0.0
2020-09-14,45.05,45.44,44.81,45.23,2246000,0.0,0.0
2020-09-11,45.04,45.17,44.53,44.83,2009700,0.0,0.0
2020-09-10,46.25,46.58,44.97,45.02,1977900,0.0,0.0
2020-09-09,45.78,47.07,45.78,46.49,2710300,0.0,0.0
2020-09-08,46.05,46.16,45.22,45.51,1839000,0.0,0.0
2020-09-04,46.85,47.01,45.52,46.06,1763400,0.0,0.0
2020-09-03,47.41,47.67,46.3,46.65,1611600,0.0,0.0
2020-09-02,46.22,47.41,45.99,47.25,2170100,0.0,0.0
2020-09-01,46.69,46.74,46.03,46.23,996000,0.0,0.0
2020-08-31,46.75,47.2,46.69,46.81,1349300,0.0,0.0
2020-08-28,46.72,46.98,46.3,46.95,836200,0.0,0.0
2020-08-27,47.08,47.43,46.5,46.68,907700,0.0,0.0
2020-08-26,46.95,46.97,46.09,46.71,1402800,0.0,0.0
2020-08-25,47.59,47.6,46.8,46.89,875700,0.0,0.0
2020-08-24,46.91,47.27,46.33,47.24,838900,0.0,0.0
2020-08-21,46.51,46.85,45.95,46.75,943800,0.0,0.0
2020-08-20,46.24,46.79,45.94,46.35,882900,0.0,0.0
2020-08-19,46.51,46.73,46.22,46.52,975900,0.0,0.0
2020-08-18,46.5,46.69,46.08,46.37,799300,0.0,0.0
2020-08-17,46.71,47.08,46.41,46.59,1131200,0.0,0.0
2020-08-14,46.75,47.03,46.37,46.48,688300,0.0,0.0
2020-08-13,46.76,46.79,46.16,46.66,1181700,0.0,0.0
2020-08-12,46.63,47.06,46.29,46.62,884500,0.0,0.0
2020-08-11,48.06,48.06,46.24,46.38,911400,0.0,0.0
2020-08-10,47.57,48.05,47.23,47.84,1130500,0.0,0.0
2020-08-07,45.44,47.64,45.14,47.3,1476000,0.0,0.0
2020-08-06,45.6,46.2,45.25,46.11,1278300,0.0,0.0
2020-08-05,46.78,46.82,45.6,45.7,1709900,0.0,0.0
2020-08-04,46.28,46.79,46.17,46.5,1176000,0.0,0.0
2020-08-03,46.44,46.54,45.67,46.25,785900,0.0,0.0
2020-07-31,46.36,46.59,45.82,46.55,1198200,0.0,0.0
2020-07-30,46.0,46.63,45.49,46.48,1030900,0.38,0.0
2020-07-29,46.17,46.44,45.92,46.36,640600,0.0,0.0
2020-07-28,45.31,46.3,45.13,46.02,1108600,0.0,0.0
2020-07-27,45.5,45.6,44.94,45.38,1234600,0.0,0.0
2020-07-24,45.88,46.35,45.33,45.59,1418400,0.0,0.0
2020-07-23,45.23,45.87,45.21,45.7,1600200,0.0,0.0
2020-07-22,43.21,45.15,43.15,45.1,1449400,0.0,0.0
2020-07-21,43.25,44.14,43.14,43.54,1159100,0.0,0.0
2020-07-20,43.39,43.69,43.13,43.3,801600,0.0,0.0
2020-07-17,42.91,43.63,42.8,43.58,1328200,0.0,0.0
2020-07-16,42.32,42.86,42.27,42.68,870600,0.0,0.0
2020-07-15,42.95,43.38,42.35,42.37,1283800,0.0,0.0
2020-07-14,42.31,42.62,41.96,42.48,1860800,0.0,0.0
2020-07-13,42.0,42.35,41.76,42.01,2216300,0.0,0.0
2020-07-10,41.46,42.31,41.46,42.09,895100,0.0,0.0
2020-07-09,41.52,41.61,40.79,41.41,1346600,0.0,0.0
2020-07-08,41.56,41.82,41.24,41.64,1344000,0.0,0.0
2020-07-07,41.7,41.82,41.29,41.6,1706100,0.0,0.0
2020-07-06,42.7,43.08,41.85,42.06,1532100,0.0,0.0
2020-07-02,42.33,42.61,42.13,42.42,1148100,0.0,0.0
2020-07-01,41.0,42.02,40.92,41.85,959700,0.0,0.0
2020-06-30,40.69,41.32,40.59,41.06,1489000,0.0,0.0
2020-06-29,40.86,40.89,40.1,40.68,1321000,0.0,0.0
2020-06-26,40.19,40.82,39.82,40.38,3342600,0.0,0.0
2020-06-25,40.39,40.49,39.61,40.14,1753400,0.0,0.0
2020-06-24,40.68,40.86,39.97,40.44,2309500,0.0,0.0
2020-06-23,42.02,42.63,40.91,41.1,1056700,0.0,0.0
2020-06-22,41.19,41.81,40.78,41.62,1270400,0.0,0.0
2020-06-19,42.72,42.72,41.08,41.19,4699200,0.0,0.0
2020-06-18,41.74,42.14,41.55,42.08,881000,0.0,0.0
2020-06-17,42.3,42.42,41.43,41.98,1170100,0.0,0.0
2020-06-16,42.72,43.21,41.81,42.06,1396200,0.0,0.0
2020-06-15,40.75,42.37,40.53,41.99,1062300,0.0,0.0
2020-06-12,42.57,42.57,41.28,41.67,1614700,0.0,0.0
2020-06-11,42.89,43.24,41.4,41.79,1609600,0.0,0.0
2020-06-10,43.38,43.94,43.26,43.53,1113800,0.0,0.0
2020-06-09,44.42,44.85,43.28,43.58,1083900,0.0,0.0
2020-06-08,43.4,45.03,42.96,44.91,1378500,0.0,0.0
2020-06-05,43.47,44.37,43.21,43.46,1103100,0.0,0.0
2020-06-04,43.44,43.78,42.6,43.0,1666400,0.0,0.0
2020-06-03,43.45,44.14,43.15,43.81,1361900,0.0,0.0
2020-06-02,42.53,43.09,42.24,43.05,1553100,0.0,0.0
2020-06-01,42.33,42.65,41.86,42.45,989300,0.0,0.0
2020-05-29,41.61,42.67,41.54,42.37,1858800,0.0,0.0
2020-05-28,41.12,42.09,40.8,41.94,1276200,0.0,0.0
2020-05-27,40.97,41.1,40.13,40.62,1430900,0.0,0.0
2020-05-26,40.46,40.94,40.12,40.26,1071800,0.0,0.0
2020-05-22,39.57,39.83,39.45,39.81,875000,0.0,0.0
2020-05-21,39.83,40.24,39.47,39.51,983700,0.0,0.0
2020-05-20,40.02,40.7,39.81,40.05,882000,0.0,0.0
2020-05-19,40.64,40.9,39.75,39.76,1075100,0.0,0.0
2020-05-18,40.56,41.27,40.36,40.97,1170400,0.0,0.0
2020-05-15,39.24,39.53,38.4,39.44,3747400,0.0,0.0
2020-05-14,38.76,39.66,38.07,39.43,1510800,0.0,0.0
2020-05-13,39.44,39.7,38.96,39.36,1966100,0.0,0.0
2020-05-12,40.31,40.44,39.53,39.82,1317100,0.0,0.0
2020-05-11,41.06,41.06,39.87,40.41,1238300,0.0,0.0
2020-05-08,40.74,41.38,39.95,41.19,1312000,0.0,0.0
2020-05-07,40.24,40.69,39.58,39.69,1403400,0.0,0.0
2020-05-06,41.39,41.52,39.55,39.63,1716500,0.0,0.0
2020-05-05,40.86,41.57,40.77,41.21,976700,0.0,0.0
2020-05-04,40.69,40.95,40.0,40.77,1296500,0.0,0.0
2020-05-01,41.35,41.51,40.18,40.55,1391500,0.0,0.0
2020-04-30,42.14,42.31,41.15,41.67,1377500,0.0,0.0
2020-04-29,43.58,43.71,42.08,42.41,2091900,0.38,0.0
2020-04-28,43.39,43.76,42.66,43.15,1276300,0.0,0.0
2020-04-27,42.81,43.22,42.59,42.88,1512700,0.0,0.0
2020-04-24,42.64,42.93,41.65,42.58,1363300,0.0,0.0
2020-04-23,43.52,43.58,42.28,42.67,1087700,0.0,0.0
2020-04-22,42.98,43.96,42.45,43.47,1100700,0.0,0.0
2020-04-21,41.72,42.45,41.24,42.34,1047100,0.0,0.0
2020-04-20,44.36,44.75,42.46,42.58,1145300,0.0,0.0
2020-04-17,44.49,45.3,43.96,45.04,704000,0.0,0.0
2020-04-16,44.12,44.65,43.36,43.96,732300,0.0,0.0
2020-04-15,45.0,45.4,43.63,43.87,1003200,0.0,0.0
2020-04-14,44.69,45.79,44.44,45.68,1503700,0.0,0.0
2020-04-13,44.78,45.13,43.16,43.68,725400,0.0,0.0
2020-04-09,43.88,46.38,43.88,45.27,1351200,0.0,0.0
2020-04-08,40.99,44.01,40.71,43.64,1969700,0.0,0.0
2020-04-07,41.77,41.89,40.62,40.91,2453100,0.0,0.0
2020-04-06,39.59,41.47,39.27,40.74,1321600,0.0,0.0
2020-04-03,39.5,40.33,38.11,38.46,1487100,0.0,0.0
2020-04-02,37.51,40.28,37.15,39.97,1662100,0.0,0.0
2020-04-01,39.58,39.97,37.46,38.31,1889300,0.0,0.0
2020-03-31,42.31,43.01,40.9,41.14,2878200,0.0,0.0
2020-03-30,41.2,43.27,40.33,43.08,2166600,0.0,0.0
2020-03-27,39.5,42.02,38.9,40.68,1759900,0.0,0.0
2020-03-26,37.69,41.42,37.63,40.8,2889300,0.0,0.0
2020-03-25,36.69,39.09,34.51,37.63,3493100,0.0,0.0
2020-03-24,34.92,37.5,33.51,37.36,4065700,0.0,0.0
2020-03-23,34.31,34.69,32.08,34.06,2853900,0.0,0.0
2020-03-20,38.38,38.45,34.25,34.67,3291100,0.0,0.0
2020-03-19,41.77,42.08,37.92,38.36,2256800,0.0,0.0
2020-03-18,42.65,43.92,39.82,41.72,2835800,0.0,0.0
2020-03-17,41.4,45.95,41.32,44.61,4083100,0.0,0.0
2020-03-16,40.78,42.84,39.55,40.51,4457000,0.0,0.0
2020-03-13,42.52,43.53,40.51,43.36,2375900,0.0,0.0
2020-03-12,41.53,44.07,38.65,41.04,3107600,0.0,0.0
2020-03-11,44.99,45.83,43.37,43.95,3122800,0.0,0.0
2020-03-10,46.66,47.74,44.26,46.0,3358600,0.0,0.0
2020-03-09,46.53,48.05,45.31,46.14,3383800,0.0,0.0
2020-03-06,47.72,49.17,46.82,48.97,2469800,0.0,0.0
2020-03-05,48.57,49.43,48.2,48.89,1618100,0.0,0.0
2020-03-04,47.21,49.54,46.84,49.29,1672600,0.0,0.0
2020-03-03,47.1,48.16,46.48,46.66,2248700,0.0,0.0
2020-03-02,44.48,47.25,44.41,47.16,2205300,0.0,0.0
2020-02-28,46.0,46.0,43.66,44.4,3409300,0.0,0.0
2020-02-27,49.26,49.43,46.72,46.81,2215400,0.0,0.0
2020-02-26,49.46,50.06,49.24,49.26,2267800,0.0,0.0
2020-02-25,50.17,50.69,49.37,49.42,1873800,0.0,0.0
,Open,High,Low,Close,Volume,Dividends,Stock Splits
