2025-02-24,269.69,270.86,258.69,259.35,2895921,0.0,0.0
2025-02-21,290.89,290.98,267.85,269.35,3467700,0.0,0.0
2025-02-20,307.57,309.41,275.82,281.16,3996700,0.0,0.0
2025-02-19,286.2,293.75,285.1,292.07,1728600,0.0,0.0
2025-02-18,285.8,287.95,281.54,287.58,2165200,0.0,0.0
2025-02-14,292.2,294.41,282.72,285.45,2091800,0.0,0.0
2025-02-13,300.39,301.8,286.57,290.85,1873300,0.0,0.0
2025-02-12,294.33,299.6,293.57,298.32,1305000,0.0,0.0
2025-02-11,307.7,308.36,300.08,302.79,1060900,0.0,0.0
2025-02-10,313.82,314.67,309.23,310.67,661600,0.0,0.0
2025-02-07,314.7,320.41,311.11,312.23,897000,0.0,0.0
2025-02-06,299.73,311.6,298.0,311.07,1490900,0.0,0.0
2025-02-05,303.32,307.82,297.8,298.75,1583300,0.0,0.0
2025-02-04,304.5,307.64,299.35,299.98,1096100,0.0,0.0
2025-02-03,298.3,306.82,296.97,301.82,1082100,0.0,0.0
2025-01-31,315.36,316.97,302.97,307.6,1162700,0.0,0.0
2025-01-30,302.95,311.8,299.0,309.29,1482200,0.0,0.0
2025-01-29,295.0,305.32,293.58,297.79,1944300,0.0,0.0
2025-01-28,311.42,311.42,290.42,293.98,3450900,0.0,0.0
2025-01-27,314.94,325.0,291.91,292.42,4484000,0.0,0.0
2025-01-24,358.07,362.0,352.69,358.02,1150100,0.0,0.0
2025-01-23,355.5,359.67,352.63,354.75,1061500,0.0,0.0
2025-01-22,363.1,365.88,355.23,357.32,1417400,0.0,0.0
2025-01-21,345.0,358.72,342.14,358.0,1892500,0.0,0.0
2025-01-17,339.82,342.67,336.52,337.45,1358000,0.0,0.0
2025-01-16,331.73,337.88,329.54,336.19,1469600,0.0,0.0
2025-01-15,327.73,331.79,326.26,329.42,1438100,0.0,0.0
2025-01-14,318.13,323.95,315.92,319.89,1087800,0.0,0.0
2025-01-13,308.7,315.45,307.29,314.23,798100,0.0,0.0
2025-01-10,309.3,314.64,307.39,313.48,825600,0.0,0.0
2025-01-08,317.57,319.55,307.55,312.2,1165800,0.0,0.0
2025-01-07,328.57,331.22,316.38,319.8,911900,0.0,0.0
2025-01-06,330.61,332.82,327.77,328.05,863500,0.0,0.0
2025-01-03,318.2,327.2,317.1,326.51,693200,0.0,0.0
2025-01-02,318.54,320.55,312.07,315.5,1054500,0.1,0.0
2024-12-31,318.81,319.94,315.62,315.94,691900,0.0,0.0
2024-12-30,319.01,322.29,313.72,318.87,1084600,0.0,0.0
2024-12-27,328.04,329.28,320.28,323.03,582000,0.0,0.0
2024-12-26,330.06,331.26,326.6,330.51,294500,0.0,0.0
2024-12-24,329.7,330.7,327.17,330.7,1196900,0.0,0.0
2024-12-23,327.23,328.32,323.43,327.27,595300,0.0,0.0
2024-12-20,319.47,330.81,319.21,328.3,2080900,0.0,0.0
2024-12-19,324.79,328.57,319.1,322.48,1022400,0.0,0.0
2024-12-18,339.04,339.04,319.52,320.51,1318700,0.0,0.0
2024-12-17,339.89,341.56,332.86,336.32,1136200,0.0,0.0
2024-12-16,337.49,343.33,336.47,342.39,1133500,0.0,0.0
2024-12-13,336.72,340.89,334.68,337.49,1121200,0.0,0.0
2024-12-12,331.98,336.71,331.98,335.99,977000,0.0,0.0
2024-12-11,326.6,334.18,323.02,334.14,1268100,0.0,0.0
2024-12-10,322.53,324.67,316.92,319.79,923700,0.0,0.0
2024-12-09,333.82,335.48,320.88,321.87,1032400,0.0,0.0
2024-12-06,336.7,337.01,330.4,332.36,1081100,0.0,0.0
2024-12-05,333.37,338.98,330.02,334.86,1172700,0.0,0.0
2024-12-04,339.14,339.14,329.9,333.55,1179300,0.0,0.0
2024-12-03,342.04,343.37,338.42,339.63,785600,0.0,0.0
2024-12-02,344.89,347.09,341.66,342.22,650800,0.0,0.0
2024-11-29,347.16,348.38,343.88,344.41,370800,0.0,0.0
2024-11-27,347.82,348.91,340.64,343.83,534400,0.0,0.0
2024-11-26,346.05,350.07,341.55,346.49,851400,0.0,0.0
2024-11-25,343.2,344.34,336.94,342.81,1231500,0.0,0.0
2024-11-22,340.65,343.59,337.83,341.81,853400,0.0,0.0
2024-11-21,335.81,342.17,334.59,339.9,988400,0.0,0.0
2024-11-20,332.17,332.91,327.5,332.23,750500,0.0,0.0
2024-11-19,324.71,332.7,322.93,330.67,823500,0.0,0.0
2024-11-18,323.2,331.94,321.6,328.3,912800,0.0,0.0
2024-11-15,320.26,325.18,319.89,323.22,902000,0.0,0.0
2024-11-14,326.97,328.27,322.75,323.76,779400,0.0,0.0
2024-11-13,328.92,333.7,325.0,326.77,941800,0.0,0.0
2024-11-12,329.04,331.21,322.54,327.16,606500,0.0,0.0
2024-11-11,334.89,334.89,327.0,329.58,1055400,0.0,0.0
2024-11-08,319.87,333.13,319.08,330.87,1305500,0.0,0.0
2024-11-07,312.05,320.88,311.26,320.75,1075200,0.0,0.0
2024-11-06,309.9,312.09,297.98,310.72,2547000,0.0,0.0
2024-11-05,307.54,315.87,306.49,314.52,839100,0.0,0.0
2024-11-04,304.66,308.58,301.46,304.22,713400,0.0,0.0
2024-11-01,305.42,309.47,301.59,303.4,913100,0.0,0.0
2024-10-31,299.04,307.22,293.16,301.53,1423200,0.0,0.0
2024-10-30,311.24,315.78,310.86,311.53,923000,0.0,0.0
2024-10-29,311.9,313.93,309.67,313.33,578300,0.0,0.0
2024-10-28,310.62,315.2,309.8,313.26,767700,0.0,0.0
2024-10-25,310.84,311.03,306.28,308.07,671400,0.0,0.0
2024-10-24,308.73,310.87,306.83,309.77,562700,0.0,0.0
2024-10-23,313.06,314.89,305.19,306.53,940200,0.0,0.0
2024-10-22,314.76,315.8,310.57,312.87,497400,0.0,0.0
2024-10-21,314.47,317.8,313.66,317.53,515300,0.0,0.0
2024-10-18,314.0,314.61,310.53,314.17,449200,0.0,0.0
2024-10-17,316.09,316.17,311.55,313.04,625000,0.0,0.0
2024-10-16,307.26,313.66,306.27,312.12,491200,0.0,0.0
2024-10-15,310.96,312.24,303.97,305.44,618500,0.0,0.0
2024-10-14,310.33,313.46,309.32,310.88,387400,0.0,0.0
2024-10-11,306.25,309.96,303.35,309.32,375100,0.0,0.0
2024-10-10,305.08,307.9,301.77,306.89,594600,0.0,0.0
2024-10-09,309.0,311.24,305.23,307.51,582100,0.0,0.0
2024-10-08,309.51,312.42,308.15,308.57,788100,0.0,0.0
2024-10-07,301.25,308.21,301.25,307.41,812600,0.0,0.0
2024-10-04,304.9,306.36,300.9,305.62,619600,0.0,0.0
2024-10-03,298.86,300.47,295.08,298.3,785500,0.0,0.0
2024-10-02,294.94,299.5,293.31,298.99,545100,0.0,0.0
2024-10-01,297.9,298.6,292.51,295.95,603600,0.09,0.0
2024-09-30,296.55,299.11,294.81,297.96,677200,0.0,0.0
2024-09-27,297.81,301.11,295.01,296.55,818700,0.0,0.0
2024-09-26,301.21,306.31,294.66,296.17,754300,0.0,0.0
2024-09-25,298.83,302.05,296.64,297.75,997200,0.0,0.0
2024-09-24,295.86,298.3,294.27,298.05,686700,0.0,0.0
2024-09-23,293.22,298.0,290.98,295.94,858900,0.0,0.0
2024-09-20,286.79,293.61,281.42,290.71,1349700,0.0,0.0
2024-09-19,281.3,291.52,277.35,289.55,1043500,0.0,0.0
2024-09-18,273.88,279.29,271.79,271.89,632400,0.0,0.0
2024-09-17,273.91,275.59,270.22,273.75,365900,0.0,0.0
2024-09-16,270.48,272.58,267.23,271.37,401400,0.0,0.0
2024-09-13,270.28,272.53,267.99,269.37,476600,0.0,0.0
2024-09-12,264.76,270.2,263.2,268.33,674000,0.0,0.0
2024-09-11,251.8,264.04,250.34,262.92,867600,0.0,0.0
2024-09-10,250.25,251.25,246.75,249.87,682600,0.0,0.0
2024-09-09,251.33,252.36,247.9,249.9,682800,0.0,0.0
2024-09-06,251.96,254.7,246.92,247.76,594400,0.0,0.0
2024-09-05,254.76,254.97,249.99,251.23,808000,0.0,0.0
2024-09-04,255.75,257.51,253.49,255.51,684200,0.0,0.0
2024-09-03,270.72,272.42,255.6,257.44,1250000,0.0,0.0
2024-08-30,271.74,275.49,270.29,274.95,682700,0.0,0.0
2024-08-29,268.83,276.14,266.3,270.88,593400,0.0,0.0
2024-08-28,270.19,271.3,266.79,267.33,649900,0.0,0.0
2024-08-27,269.69,271.87,265.83,270.19,448600,0.0,0.0
2024-08-26,273.11,276.13,270.2,270.84,391800,0.0,0.0
2024-08-23,269.37,274.24,266.76,273.0,504100,0.0,0.0
2024-08-22,269.49,270.83,265.71,267.63,534300,0.0,0.0
2024-08-21,266.46,272.37,265.1,269.19,900500,0.0,0.0
2024-08-20,267.89,269.36,264.06,266.69,456500,0.0,0.0
2024-08-19,265.77,268.16,262.73,267.93,514300,0.0,0.0
2024-08-16,267.75,269.82,263.46,265.72,544100,0.0,0.0
2024-08-15,266.74,270.5,265.03,267.77,584600,0.0,0.0
2024-08-14,262.87,264.2,260.07,263.3,776400,0.0,0.0
2024-08-13,262.56,264.06,256.22,261.83,699400,0.0,0.0
2024-08-12,260.67,262.39,257.39,259.87,652000,0.0,0.0
2024-08-09,262.68,264.83,256.26,259.45,802300,0.0,0.0
2024-08-08,253.33,263.1,249.21,262.63,1195400,0.0,0.0
2024-08-07,254.8,257.16,247.89,248.34,1349500,0.0,0.0
2024-08-06,242.86,252.09,239.86,247.87,1035300,0.0,0.0
2024-08-05,229.85,242.42,226.96,239.43,1641900,0.0,0.0
2024-08-02,247.52,248.26,239.89,240.77,1787600,0.0,0.0
2024-08-01,260.84,265.93,249.69,254.72,1718100,0.0,0.0
2024-07-31,259.73,270.62,257.89,265.21,1427000,0.0,0.0
2024-07-30,256.84,261.07,249.65,251.44,941900,0.0,0.0
2024-07-29,257.44,261.46,254.0,256.06,722800,0.0,0.0
2024-07-26,254.19,258.98,253.59,256.57,642300,0.0,0.0
2024-07-25,253.34,254.28,246.02,248.65,1074700,0.0,0.0
2024-07-24,260.94,262.04,250.58,251.76,841900,0.0,0.0
2024-07-23,267.33,270.03,262.68,264.29,958300,0.0,0.0
2024-07-22,261.77,267.64,260.74,267.54,796900,0.0,0.0
2024-07-19,266.66,266.66,257.09,258.4,1122200,0.0,0.0
2024-07-18,262.75,265.46,254.84,264.54,2218200,0.0,0.0
2024-07-17,256.62,259.1,244.05,244.78,1764600,0.0,0.0
2024-07-16,259.41,261.75,253.12,259.2,1317000,0.0,0.0
2024-07-15,266.61,266.73,256.71,257.08,1263500,0.0,0.0
2024-07-12,267.42,271.21,264.83,268.64,751300,0.0,0.0
2024-07-11,260.38,265.09,260.38,263.97,838400,0.0,0.0
2024-07-10,254.63,258.17,251.76,257.71,562200,0.0,0.0
2024-07-09,254.5,256.82,253.84,254.63,648300,0.0,0.0
2024-07-08,254.05,256.83,252.49,254.5,553400,0.0,0.0
2024-07-05,253.47,254.63,248.52,252.37,637900,0.0,0.0
2024-07-03,248.87,254.93,247.87,254.44,601400,0.0,0.0
2024-07-02,247.45,249.54,245.01,247.62,1011500,0.0,0.0
2024-07-01,255.8,256.12,245.99,247.45,1352000,0.09,0.0
2024-06-28,266.13,267.36,251.32,253.84,2163600,0.0,0.0
2024-06-27,267.21,267.67,264.6,266.8,652500,0.0,0.0
2024-06-26,270.66,270.91,264.54,266.31,948100,0.0,0.0
2024-06-25,273.09,273.34,268.48,272.7,702000,0.0,0.0
2024-06-24,273.38,276.8,270.73,273.96,826900,0.0,0.0
2024-06-21,272.82,274.24,265.85,273.73,1388300,0.0,0.0
2024-06-20,280.92,282.69,271.79,273.7,948200,0.0,0.0
2024-06-18,276.31,282.4,276.09,280.92,740000,0.0,0.0
2024-06-17,272.63,278.54,271.85,276.31,642700,0.0,0.0
2024-06-14,273.36,274.35,268.84,273.02,762000,0.0,0.0
2024-06-13,275.97,277.72,272.74,276.43,481700,0.0,0.0
2024-06-12,275.26,281.32,274.77,276.52,683100,0.0,0.0
2024-06-11,269.96,271.73,266.75,271.29,667600,0.0,0.0
2024-06-10,268.73,272.03,266.74,271.3,594500,0.0,0.0
2024-06-07,266.72,270.81,265.16,269.05,502400,0.0,0.0
2024-06-06,275.4,278.14,266.29,267.02,809200,0.0,0.0
2024-06-05,270.18,276.2,269.85,275.66,772500,0.0,0.0
2024-06-04,270.72,271.7,265.14,269.75,1258800,0.0,0.0
2024-06-03,277.99,279.12,264.76,271.7,1046600,0.0,0.0
2024-05-31,280.82,284.04,269.34,275.67,1867900,0.0,0.0
2024-05-30,277.85,281.09,276.74,279.48,632100,0.0,0.0
2024-05-29,275.98,281.52,275.98,277.69,877200,0.0,0.0
2024-05-28,286.59,286.59,278.46,279.36,1251300,0.0,0.0
2024-05-24,277.72,285.69,277.72,283.15,1165800,0.0,0.0
2024-05-23,275.52,280.8,272.85,276.28,2084200,0.0,0.0
2024-05-22,272.69,273.86,268.18,270.83,588400,0.0,0.0
2024-05-21,266.02,272.41,266.02,271.78,751200,0.0,0.0
2024-05-20,264.14,268.3,264.14,267.39,657200,0.0,0.0
2024-05-17,266.58,266.58,262.47,264.14,795500,0.0,0.0
2024-05-16,269.45,270.89,263.48,263.56,701800,0.0,0.0
2024-05-15,265.25,271.27,265.24,270.52,803200,0.0,0.0
2024-05-14,265.92,267.85,259.89,263.1,1041800,0.0,0.0
2024-05-13,271.73,272.73,264.89,265.17,743400,0.0,0.0
2024-05-10,272.27,272.6,267.54,271.21,949800,0.0,0.0
2024-05-09,266.17,271.64,264.73,269.9,1013300,0.0,0.0
2024-05-08,265.58,266.73,263.62,264.72,977800,0.0,0.0
2024-05-07,270.35,271.69,266.55,266.62,1116600,0.0,0.0
2024-05-06,259.6,270.15,259.21,269.23,1382100,0.0,0.0
2024-05-03,257.2,257.61,251.04,256.08,970800,0.0,0.0
2024-05-02,244.76,257.55,244.76,254.75,1442600,0.0,0.0
2024-05-01,257.74,260.48,252.66,255.76,1184200,0.0,0.0
2024-04-30,260.64,264.63,257.38,258.3,1066500,0.0,0.0
2024-04-29,263.71,265.45,261.07,262.08,884700,0.0,0.0
2024-04-26,256.08,262.65,254.95,261.4,1179900,0.0,0.0
2024-04-25,251.03,256.01,247.49,254.94,604200,0.0,0.0
2024-04-24,253.6,259.15,251.38,252.93,1027700,0.0,0.0
2024-04-23,247.87,252.29,246.06,251.7,816900,0.0,0.0
2024-04-22,245.79,248.24,243.36,245.32,739800,0.0,0.0
2024-04-19,246.42,247.96,242.37,243.02,1134700,0.0,0.0
2024-04-18,246.67,251.36,244.23,245.44,1114500,0.0,0.0
2024-04-17,248.82,250.01,242.78,245.72,911900,0.0,0.0
2024-04-16,247.5,249.83,245.06,248.44,756300,0.0,0.0
2024-04-15,258.45,259.45,248.02,248.64,794700,0.0,0.0
2024-04-12,255.74,257.61,252.69,254.44,632500,0.0,0.0
2024-04-11,253.94,257.97,251.7,257.74,617500,0.0,0.0
2024-04-10,250.4,256.79,249.06,254.05,749900,0.0,0.0
2024-04-09,262.93,263.26,253.4,256.15,1026800,0.0,0.0
2024-04-08,263.69,264.13,260.47,262.0,534600,0.09,0.0
2024-04-05,259.14,264.65,259.14,262.85,652100,0.0,0.0
2024-04-04,264.6,265.47,256.54,257.95,969100,0.0,0.0
2024-04-03,254.94,262.76,254.94,261.94,862200,0.0,0.0
2024-04-02,256.59,256.59,252.35,255.76,916900,0.0,0.0
2024-04-01,259.51,260.02,256.69,258.91,810000,0.0,0.0
2024-03-28,259.34,260.99,258.71,259.45,745700,0.0,0.0
2024-03-27,261.59,261.66,258.06,259.4,626400,0.0,0.0
2024-03-26,256.7,260.25,255.67,258.83,1093200,0.0,0.0
2024-03-25,255.16,256.17,252.81,255.2,693100,0.0,0.0
2024-03-22,256.25,257.18,254.87,255.58,910500,0.0,0.0
2024-03-21,251.91,256.11,250.81,255.96,973900,0.0,0.0
2024-03-20,245.67,250.05,245.34,249.18,822400,0.0,0.0
2024-03-19,243.04,246.37,242.29,246.06,583400,0.0,0.0
2024-03-18,244.67,246.63,242.36,243.48,527600,0.0,0.0
2024-03-15,239.75,243.66,239.75,242.43,1007800,0.0,0.0
2024-03-14,244.01,245.1,239.5,242.04,714800,0.0,0.0
2024-03-13,241.18,242.71,240.19,241.51,484600,0.0,0.0
2024-03-12,239.29,242.19,237.5,241.45,777200,0.0,0.0
2024-03-11,240.46,241.82,236.25,238.82,843100,0.0,0.0
2024-03-08,243.19,244.85,240.19,241.74,802000,0.0,0.0
2024-03-07,243.18,245.09,242.17,243.99,851800,0.0,0.0
2024-03-06,240.65,243.25,240.25,241.48,688000,0.0,0.0
2024-03-05,241.49,243.62,238.82,239.39,1122900,0.0,0.0
2024-03-04,241.95,245.08,240.24,243.02,806300,0.0,0.0
2024-03-01,239.6,242.22,238.66,240.57,845900,0.0,0.0
2024-02-29,239.49,241.83,236.53,241.19,1712700,0.0,0.0
2024-02-28,239.59,239.59,236.19,238.31,723000,0.0,0.0
2024-02-27,238.7,240.75,235.87,239.25,1200100,0.0,0.0
2024-02-26,234.07,238.68,232.91,235.33,1315700,0.0,0.0
2024-02-23,235.2,236.99,230.41,234.08,1515100,0.0,0.0
2024-02-22,221.9,235.67,220.77,232.62,2317000,0.0,0.0
2024-02-21,207.59,211.79,206.3,210.94,1116100,0.0,0.0
2024-02-20,208.2,209.08,206.33,208.92,968800,0.0,0.0
2024-02-16,213.75,213.83,210.73,211.16,712500,0.0,0.0
2024-02-15,213.62,214.2,210.47,213.77,684500,0.0,0.0
2024-02-14,208.56,212.67,207.67,212.36,943500,0.0,0.0
2024-02-13,207.39,208.72,205.54,206.56,725100,0.0,0.0
2024-02-12,209.09,211.84,209.09,211.32,724100,0.0,0.0
2024-02-09,207.72,210.72,206.15,209.83,684200,0.0,0.0
2024-02-08,208.55,211.5,206.79,207.49,751500,0.0,0.0
2024-02-07,207.31,210.66,205.92,208.62,1020300,0.0,0.0
2024-02-06,201.87,206.01,199.96,205.83,1010100,0.0,0.0
2024-02-05,202.12,203.8,200.24,201.92,924100,0.0,0.0
2024-02-02,198.46,205.81,197.2,204.23,1131700,0.0,0.0
2024-02-01,195.38,201.1,195.32,199.99,1134300,0.0,0.0
2024-01-31,197.2,197.45,193.26,193.79,1195100,0.0,0.0
2024-01-30,195.95,197.31,194.22,196.99,1297100,0.0,0.0
2024-01-29,195.74,197.37,194.64,196.8,1013800,0.0,0.0
2024-01-26,198.13,198.38,194.16,196.04,870500,0.0,0.0
2024-01-25,195.43,198.4,193.24,197.72,1067500,0.0,0.0
2024-01-24,196.02,196.63,192.36,193.02,1200200,0.0,0.0
2024-01-23,204.19,204.19,187.02,195.3,3326300,0.0,0.0
2024-01-22,202.96,204.24,201.94,203.19,668400,0.0,0.0
2024-01-19,202.73,203.16,199.14,202.16,617900,0.0,0.0
2024-01-18,201.0,203.23,199.79,201.64,455500,0.0,0.0
2024-01-17,198.79,200.75,198.71,199.89,400900,0.0,0.0
2024-01-16,200.68,201.99,200.03,201.1,589900,0.0,0.0
2024-01-12,203.4,203.4,201.29,202.19,525400,0.0,0.0
2024-01-11,203.66,203.82,200.39,202.2,743300,0.0,0.0
2024-01-10,203.5,204.06,199.87,203.37,696400,0.0,0.0
2024-01-09,203.35,204.14,201.09,203.83,597200,0.0,0.0
2024-01-08,198.81,205.68,197.77,205.29,1071200,0.0,0.0
2024-01-05,199.2,201.05,197.86,198.81,722000,0.0,0.0
2024-01-04,200.67,202.57,199.47,199.8,1271700,0.0,0.0
2024-01-03,203.77,205.29,201.16,201.47,1354600,0.0,0.0
2024-01-02,213.3,214.54,207.99,208.99,1068800,0.0,0.0
2023-12-29,215.4,216.58,214.25,215.51,457100,0.09,0.0
2023-12-28,216.62,216.87,214.97,216.09,474200,0.0,0.0
2023-12-27,214.76,215.65,214.13,215.57,454100,0.0,0.0
2023-12-26,213.92,215.1,213.7,214.28,395000,0.0,0.0
2023-12-22,213.25,213.78,210.57,213.66,766500,0.0,0.0
2023-12-21,213.74,215.35,210.76,212.08,1014800,0.0,0.0
2023-12-20,216.23,218.79,212.37,212.53,1441900,0.0,0.0
2023-12-19,215.64,218.12,214.62,217.33,1537100,0.0,0.0
2023-12-18,214.78,215.72,213.59,214.62,893500,0.0,0.0
2023-12-15,215.09,216.58,212.62,214.64,1792700,0.0,0.0
2023-12-14,212.0,216.87,211.92,215.42,1496800,0.0,0.0
2023-12-13,204.96,211.19,204.96,209.91,1481100,0.0,0.0
2023-12-12,201.44,206.22,201.15,204.91,1050500,0.0,0.0
2023-12-11,198.9,201.42,198.78,201.41,962700,0.0,0.0
2023-12-08,194.66,199.24,194.38,198.9,1477600,0.0,0.0
2023-12-07,191.47,194.41,191.47,194.04,1266300,0.0,0.0
2023-12-06,190.8,192.82,189.85,191.51,1007300,0.0,0.0
2023-12-05,188.82,190.58,186.83,189.1,896400,0.0,0.0
2023-12-04,188.84,190.3,188.0,189.31,686400,0.0,0.0
2023-12-01,187.48,192.54,186.25,190.22,1012500,0.0,0.0
2023-11-30,186.76,188.45,185.85,187.98,1889900,0.0,0.0
2023-11-29,182.7,186.1,182.32,185.28,1580400,0.0,0.0
2023-11-28,185.1,186.1,180.65,181.02,1185300,0.0,0.0
2023-11-27,181.81,185.55,181.13,185.38,1191100,0.0,0.0
2023-11-24,183.33,183.97,181.68,182.26,329300,0.0,0.0
2023-11-22,183.19,184.17,181.89,183.49,789600,0.0,0.0
2023-11-21,183.5,184.63,182.75,183.04,733500,0.0,0.0
2023-11-20,182.89,184.73,181.45,183.81,806300,0.0,0.0
2023-11-17,183.96,184.87,181.89,182.79,633900,0.0,0.0
2023-11-16,182.87,185.15,181.88,182.98,846400,0.0,0.0
2023-11-15,183.82,186.97,183.28,183.4,1517900,0.0,0.0
2023-11-14,179.68,184.46,179.25,182.53,1520800,0.0,0.0
2023-11-13,173.72,177.23,173.31,175.93,1273900,0.0,0.0
2023-11-10,171.01,174.16,169.41,173.76,1406000,0.0,0.0
2023-11-09,171.42,174.68,167.8,169.27,1670600,0.0,0.0
2023-11-08,169.88,170.72,166.83,169.46,1801900,0.0,0.0
2023-11-07,166.73,167.22,163.65,164.79,1093700,0.0,0.0
2023-11-06,168.75,168.97,165.08,168.16,1114400,0.0,0.0
2023-11-03,176.23,177.69,167.07,168.88,1758100,0.0,0.0
2023-11-02,169.7,174.94,165.95,174.77,3054400,0.0,0.0
2023-11-01,163.77,164.56,153.47,159.34,4262000,0.0,0.0
2023-10-31,164.54,167.39,163.76,166.83,1573500,0.0,0.0
2023-10-30,166.03,167.3,162.27,164.47,1106900,0.0,0.0
2023-10-27,167.08,167.14,163.55,164.58,810800,0.0,0.0
2023-10-26,168.6,169.4,166.09,166.96,919900,0.0,0.0
2023-10-25,167.61,170.35,167.33,167.93,1063900,0.0,0.0
2023-10-24,169.45,173.83,166.95,166.96,1249200,0.0,0.0
2023-10-23,163.92,166.5,162.68,165.18,1261300,0.0,0.0
2023-10-20,169.03,169.67,163.6,164.41,1908600,0.0,0.0
2023-10-19,171.17,172.87,168.31,168.44,1442300,0.0,0.0
2023-10-18,177.16,177.18,171.44,171.74,770400,0.0,0.0
2023-10-17,174.9,179.61,174.43,179.08,729100,0.0,0.0
2023-10-16,175.39,176.56,173.29,176.07,696400,0.0,0.0
2023-10-13,178.57,179.2,171.76,173.22,944700,0.0,0.0
2023-10-12,180.23,181.13,176.46,177.6,1080100,0.0,0.0
2023-10-11,177.78,179.76,177.28,179.0,813500,0.0,0.0
2023-10-10,173.89,178.55,173.7,177.32,1421800,0.0,0.0
2023-10-09,171.27,173.78,169.92,173.58,1055000,0.0,0.0
2023-10-06,167.19,173.51,165.47,172.41,1648400,0.0,0.0
2023-10-05,169.97,171.39,167.35,167.93,1914200,0.0,0.0
2023-10-04,168.21,171.58,163.6,171.45,2620500,0.0,0.0
2023-10-03,174.9,176.23,168.06,169.07,2950100,0.0,0.0
2023-10-02,186.55,186.79,175.17,176.33,2088200,0.0,0.0
2023-09-29,189.81,190.66,185.87,186.74,910900,0.08,0.0
2023-09-28,189.4,191.79,188.21,188.51,774700,0.0,0.0
2023-09-27,187.04,190.1,186.0,189.71,1261800,0.0,0.0
2023-09-26,185.75,186.62,183.77,184.45,841700,0.0,0.0
2023-09-25,187.48,187.95,184.25,187.17,726000,0.0,0.0
2023-09-22,186.03,189.19,185.93,188.04,1121900,0.0,0.0
2023-09-21,193.75,193.75,185.68,186.06,1375100,0.0,0.0
2023-09-20,196.44,197.51,194.75,194.82,472500,0.0,0.0
2023-09-19,196.96,198.04,193.53,195.7,787600,0.0,0.0
2023-09-18,199.32,199.9,196.94,197.27,602800,0.0,0.0
2023-09-15,201.12,201.12,197.96,198.81,1211200,0.0,0.0
2023-09-14,201.32,203.32,200.16,202.35,568100,0.0,0.0
2023-09-13,203.46,205.16,197.77,199.89,826300,0.0,0.0
2023-09-12,204.04,207.57,203.78,204.05,478200,0.0,0.0
2023-09-11,207.19,207.55,203.8,204.59,613700,0.0,0.0
2023-09-08,208.95,209.11,205.21,206.05,621500,0.0,0.0
2023-09-07,207.52,209.69,204.98,208.25,667500,0.0,0.0
2023-09-06,208.78,210.61,207.06,208.64,509200,0.0,0.0
2023-09-05,211.41,211.43,206.18,208.36,640800,0.0,0.0
2023-09-01,210.46,212.36,209.54,211.9,559800,0.0,0.0
2023-08-31,209.54,211.97,209.37,209.41,767100,0.0,0.0
2023-08-30,208.69,210.61,208.53,209.18,410400,0.0,0.0
2023-08-29,206.48,208.19,205.21,208.15,406600,0.0,0.0
2023-08-28,205.44,207.43,205.06,207.23,428400,0.0,0.0
2023-08-25,202.3,206.31,202.19,204.82,634200,0.0,0.0
2023-08-24,208.07,208.07,201.08,201.12,697100,0.0,0.0
2023-08-23,206.25,208.95,205.13,207.8,552400,0.0,0.0
2023-08-22,204.09,207.23,203.33,206.18,681300,0.0,0.0
2023-08-21,203.02,203.82,200.77,203.13,478300,0.0,0.0
2023-08-18,198.1,203.19,196.88,202.63,696900,0.0,0.0
2023-08-17,200.34,202.08,199.47,199.97,826600,0.0,0.0
2023-08-16,202.91,203.85,200.19,200.33,483800,0.0,0.0
2023-08-15,202.43,203.69,201.57,202.76,668900,0.0,0.0
2023-08-14,199.77,203.17,198.87,203.1,554400,0.0,0.0
2023-08-11,200.05,201.1,199.2,199.73,522100,0.0,0.0
2023-08-10,203.54,204.35,198.47,199.99,676000,0.0,0.0
2023-08-09,202.06,204.21,201.63,203.0,501600,0.0,0.0
2023-08-08,201.85,203.42,200.95,202.26,630800,0.0,0.0
2023-08-07,199.88,201.86,198.92,201.68,552200,0.0,0.0
2023-08-04,203.62,203.92,197.76,199.84,1009500,0.0,0.0
2023-08-03,199.83,203.77,193.58,202.9,1349600,0.0,0.0
2023-08-02,200.2,202.03,199.42,201.88,1235000,0.0,0.0
2023-08-01,200.52,202.01,199.23,201.45,1094800,0.0,0.0
2023-07-31,200.96,201.71,199.59,201.18,821500,0.0,0.0
2023-07-28,202.15,204.16,199.12,200.04,1089400,0.0,0.0
2023-07-27,203.04,203.2,200.42,201.19,602200,0.0,0.0
2023-07-26,204.24,204.95,201.13,202.21,734100,0.0,0.0
2023-07-25,202.73,205.98,202.48,204.95,615200,0.0,0.0
2023-07-24,202.56,203.73,201.11,203.37,598700,0.0,0.0
2023-07-21,200.15,203.04,200.15,201.05,671500,0.0,0.0
2023-07-20,200.48,200.48,198.57,199.54,522000,0.0,0.0
2023-07-19,198.21,199.99,197.05,199.51,542000,0.0,0.0
2023-07-18,198.73,200.19,198.07,199.18,812600,0.0,0.0
2023-07-17,195.92,199.51,195.03,198.88,516100,0.0,0.0
2023-07-14,198.17,198.17,194.21,195.7,687600,0.0,0.0
2023-07-13,198.06,198.89,196.33,197.84,534400,0.0,0.0
2023-07-12,200.56,202.05,197.81,198.0,715400,0.0,0.0
2023-07-11,199.08,200.05,198.23,199.51,902600,0.0,0.0
2023-07-10,194.89,200.16,194.45,199.36,1021700,0.0,0.0
2023-07-07,191.9,195.09,191.84,193.18,737300,0.0,0.0
2023-07-06,193.62,195.09,191.58,192.11,729200,0.0,0.0
2023-07-05,193.73,195.46,193.12,194.73,575100,0.0,0.0
2023-07-03,195.44,195.78,192.95,195.28,398900,0.0,0.0
2023-06-30,195.29,196.59,193.14,196.02,723300,0.08,0.0
2023-06-29,192.86,194.62,191.98,194.35,853300,0.0,0.0
2023-06-28,194.49,194.64,192.73,193.22,659000,0.0,0.0
2023-06-27,190.07,194.38,190.07,194.16,623200,0.0,0.0
2023-06-26,187.57,191.12,187.55,190.02,729300,0.0,0.0
2023-06-23,187.01,188.91,186.04,186.13,2264000,0.0,0.0
2023-06-22,189.57,191.34,187.95,188.82,624100,0.0,0.0
2023-06-21,185.12,190.82,184.92,190.45,1015300,0.0,0.0
2023-06-20,184.13,186.22,183.11,185.27,647400,0.0,0.0
2023-06-16,186.43,188.12,185.41,185.47,1752600,0.0,0.0
2023-06-15,184.01,186.13,183.59,185.32,660300,0.0,0.0
2023-06-14,184.5,186.02,183.16,184.61,828300,0.0,0.0
2023-06-13,184.77,185.66,183.76,184.52,787600,0.0,0.0
2023-06-12,182.72,186.01,181.68,184.9,679200,0.0,0.0
2023-06-09,182.52,183.09,181.23,182.36,347100,0.0,0.0
2023-06-08,182.65,183.47,181.22,182.9,508900,0.0,0.0
2023-06-07,180.99,184.25,180.99,183.45,764100,0.0,0.0
2023-06-06,178.06,181.61,178.06,181.15,619700,0.0,0.0
2023-06-05,179.61,179.61,176.04,178.77,596100,0.0,0.0
2023-06-02,176.13,179.93,176.09,179.61,756500,0.0,0.0
2023-06-01,176.54,177.41,174.77,175.59,986400,0.0,0.0
2023-05-31,178.33,180.39,176.14,177.12,1767200,0.0,0.0
2023-05-30,175.22,181.36,175.22,180.7,1711000,0.0,0.0
2023-05-26,173.54,175.89,172.63,173.55,811300,0.0,0.0
2023-05-25,166.68,172.59,166.16,172.4,1080400,0.0,0.0
2023-05-24,168.63,168.63,165.21,166.13,698900,0.0,0.0
2023-05-23,168.74,169.69,165.08,166.18,1166500,0.0,0.0
2023-05-22,171.68,173.76,170.34,170.55,795500,0.0,0.0
2023-05-19,172.31,173.58,170.2,171.27,658000,0.0,0.0
2023-05-18,168.83,172.05,167.66,171.44,827600,0.0,0.0
2023-05-17,170.42,170.73,167.74,169.32,969200,0.0,0.0
2023-05-16,173.08,173.49,168.86,169.25,959700,0.0,0.0
2023-05-15,173.05,174.62,172.41,174.36,652900,0.0,0.0
2023-05-12,172.05,175.83,171.1,173.4,896000,0.0,0.0
2023-05-11,169.12,171.33,168.81,171.15,686200,0.0,0.0
2023-05-10,171.73,172.38,169.26,170.99,711000,0.0,0.0
2023-05-09,168.42,171.0,167.58,170.56,889300,0.0,0.0
2023-05-08,170.56,170.89,167.74,168.44,821200,0.0,0.0
2023-05-05,167.37,171.1,167.37,170.63,855100,0.0,0.0
2023-05-04,166.55,169.03,160.18,164.92,1229200,0.0,0.0
2023-05-03,168.49,170.52,167.77,167.78,870700,0.0,0.0
2023-05-02,168.01,168.06,164.56,167.68,688100,0.0,0.0
2023-05-01,169.33,171.49,168.29,168.77,740800,0.0,0.0
2023-04-28,168.63,170.38,168.21,169.2,727900,0.0,0.0
2023-04-27,165.01,168.94,164.51,168.53,790800,0.0,0.0
2023-04-26,165.57,166.79,163.05,163.64,578300,0.0,0.0
2023-04-25,166.16,167.64,165.83,166.79,597000,0.0,0.0
2023-04-24,166.35,168.67,166.06,167.83,514200,0.0,0.0
2023-04-21,166.74,166.81,164.79,165.37,526300,0.0,0.0
2023-04-20,164.57,167.65,163.83,166.86,512100,0.0,0.0
2023-04-19,166.24,167.26,164.87,165.58,434400,0.0,0.0
2023-04-18,166.92,167.86,166.34,167.36,711400,0.0,0.0
2023-04-17,165.76,167.02,165.38,166.42,449400,0.0,0.0
2023-04-14,164.44,166.26,164.12,165.59,444000,0.0,0.0
2023-04-13,164.83,165.58,162.54,164.61,838900,0.0,0.0
2023-04-12,164.55,166.17,163.9,164.57,883300,0.0,0.0
2023-04-11,161.22,163.39,161.22,163.31,755800,0.0,0.0
2023-04-10,157.92,161.31,157.77,161.12,941200,0.0,0.0
2023-04-06,158.8,160.69,158.66,158.72,679300,0.08,0.0
2023-04-05,161.14,161.33,157.42,159.42,1095400,0.0,0.0
2023-04-04,165.84,166.37,161.39,162.15,830600,0.0,0.0
2023-04-03,166.36,166.97,163.41,165.28,671600,0.0,0.0
2023-03-31,166.48,167.21,165.05,166.13,919100,0.0,0.0
2023-03-30,166.33,166.7,164.97,166.01,695300,0.0,0.0
2023-03-29,164.44,164.99,163.21,164.95,651500,0.0,0.0
2023-03-28,162.35,164.16,161.75,162.78,901000,0.0,0.0
2023-03-27,162.2,163.2,159.79,161.95,821000,0.0,0.0
2023-03-24,156.49,161.35,154.38,160.28,1209700,0.0,0.0
2023-03-23,158.34,161.34,156.77,158.48,808400,0.0,0.0
2023-03-22,160.46,162.83,158.01,158.07,752200,0.0,0.0
2023-03-21,159.37,161.62,157.95,161.12,764000,0.0,0.0
2023-03-20,155.31,157.95,154.78,156.8,1000500,0.0,0.0
2023-03-17,156.99,157.31,152.42,154.62,1607500,0.0,0.0
2023-03-16,153.28,157.57,151.53,156.72,848300,0.0,0.0
2023-03-15,156.74,158.07,151.23,154.86,1368800,0.0,0.0
2023-03-14,158.68,160.62,157.07,159.25,860300,0.0,0.0
2023-03-13,154.79,157.47,154.37,155.39,897700,0.0,0.0
2023-03-10,159.68,159.85,155.51,156.86,1695700,0.0,0.0
2023-03-09,162.7,163.77,159.13,160.05,589700,0.0,0.0
2023-03-08,162.25,163.15,160.48,161.93,772200,0.0,0.0
2023-03-07,163.19,164.14,161.66,162.47,607300,0.0,0.0
2023-03-06,161.94,164.38,160.35,162.87,769300,0.0,0.0
2023-03-03,162.07,163.32,159.81,162.62,793100,0.0,0.0
2023-03-02,158.36,160.25,157.48,159.56,741200,0.0,0.0
2023-03-01,161.42,162.88,158.5,159.16,957400,0.0,0.0
2023-02-28,162.41,163.5,160.79,160.9,1195000,0.0,0.0
2023-02-27,161.94,164.28,160.36,162.4,866800,0.0,0.0
2023-02-24,157.72,162.62,156.63,160.14,1468900,0.0,0.0
2023-02-23,159.51,168.23,157.74,159.13,2860100,0.0,0.0
2023-02-22,148.7,149.52,146.87,147.94,1155900,0.0,0.0
2023-02-21,153.48,154.16,147.69,148.24,1098600,0.0,0.0
2023-02-17,154.45,156.57,154.26,154.42,862600,0.0,0.0
2023-02-16,154.34,158.05,153.52,154.84,911400,0.0,0.0
2023-02-15,152.78,155.89,151.96,155.52,653400,0.0,0.0
2023-02-14,153.25,155.14,151.75,153.72,803700,0.0,0.0
2023-02-13,150.96,153.98,150.04,153.81,582200,0.0,0.0
2023-02-10,151.92,153.52,149.88,150.87,1063800,0.0,0.0
2023-02-09,152.75,153.52,151.27,151.99,1313200,0.0,0.0
2023-02-08,152.52,154.14,151.72,151.89,960300,0.0,0.0
2023-02-07,151.88,153.56,150.03,153.1,569000,0.0,0.0
2023-02-06,151.37,152.9,150.96,152.25,696600,0.0,0.0
2023-02-03,150.34,153.27,149.93,151.96,850200,0.0,0.0
2023-02-02,153.11,153.73,149.08,151.21,991900,0.0,0.0
2023-02-01,151.04,153.9,150.38,152.4,569100,0.0,0.0
2023-01-31,148.97,151.77,148.31,151.72,705500,0.0,0.0
2023-01-30,149.07,150.71,147.96,148.64,743000,0.0,0.0
2023-01-27,149.26,150.66,148.82,149.54,645200,0.0,0.0
2023-01-26,149.19,149.71,146.96,149.6,840400,0.0,0.0
2023-01-25,149.54,149.57,145.2,148.43,915200,0.0,0.0
2023-01-24,148.37,153.1,147.72,151.04,804600,0.0,0.0
2023-01-23,146.98,149.32,146.55,149.09,766100,0.0,0.0
2023-01-20,143.31,145.93,142.78,145.79,931800,0.0,0.0
2023-01-19,142.69,143.87,141.74,143.05,1677800,0.0,0.0
2023-01-18,148.32,150.12,142.9,143.85,753300,0.0,0.0
2023-01-17,148.04,149.87,147.41,147.81,849900,0.0,0.0
2023-01-13,146.73,148.71,146.02,148.04,770800,0.0,0.0
2023-01-12,141.11,147.52,140.76,147.35,1204000,0.0,0.0
2023-01-11,140.6,143.23,139.54,140.25,875700,0.0,0.0
2023-01-10,137.58,139.2,137.58,139.08,939600,0.0,0.0
2023-01-09,139.06,142.53,137.79,138.21,815800,0.0,0.0
2023-01-06,137.32,140.52,136.35,138.69,894800,0.0,0.0
2023-01-05,137.57,139.03,134.19,135.15,1101400,0.0,0.0
2023-01-04,140.4,140.96,137.45,138.12,930000,0.0,0.0
2023-01-03,142.42,142.89,138.73,140.17,789800,0.0,0.0
2022-12-30,140.94,142.52,140.0,142.06,400900,0.08,0.0
2022-12-29,142.27,142.88,141.09,142.18,502400,0.0,0.0
2022-12-28,143.3,144.49,140.34,140.8,445600,0.0,0.0
2022-12-27,143.97,144.9,142.79,143.44,417600,0.0,0.0
2022-12-23,142.19,143.69,141.42,143.67,405700,0.0,0.0
2022-12-22,142.86,143.79,139.91,142.07,672800,0.0,0.0
2022-12-21,143.28,144.98,142.98,144.18,653800,0.0,0.0
2022-12-20,141.58,144.68,141.58,142.14,1664500,0.0,0.0
2022-12-19,143.45,143.8,141.0,141.84,1290500,0.0,0.0
2022-12-16,142.38,143.67,141.19,142.75,2219200,0.0,0.0
2022-12-15,148.76,148.76,143.41,144.29,1921300,0.0,0.0
2022-12-14,153.0,154.23,150.26,151.53,1518800,0.0,0.0
2022-12-13,154.31,154.43,149.66,151.98,984400,0.0,0.0
2022-12-12,148.12,149.88,147.8,149.71,565500,0.0,0.0
2022-12-09,149.94,151.12,147.31,147.6,745000,0.0,0.0
2022-12-08,149.52,151.01,148.44,149.76,622300,0.0,0.0
2022-12-07,148.74,150.35,147.54,147.77,627900,0.0,0.0
2022-12-06,150.68,151.62,148.43,149.04,475800,0.0,0.0
2022-12-05,151.29,151.78,148.47,150.27,748200,0.0,0.0
2022-12-02,150.11,154.09,149.83,152.51,627000,0.0,0.0
2022-12-01,149.95,152.46,148.75,151.18,907000,0.0,0.0
2022-11-30,143.87,149.62,143.64,149.33,1560700,0.0,0.0
2022-11-29,143.5,144.64,142.58,144.02,579700,0.0,0.0
2022-11-28,148.04,150.0,142.2,143.04,880900,0.0,0.0
2022-11-25,146.39,148.65,145.93,147.98,271700,0.0,0.0
2022-11-23,146.97,149.34,144.74,145.67,682800,0.0,0.0
2022-11-22,149.45,151.22,147.18,147.25,923300,0.0,0.0
2022-11-21,147.29,149.09,146.98,148.4,621100,0.0,0.0
2022-11-18,149.45,149.85,146.3,148.12,749500,0.0,0.0
2022-11-17,144.49,148.32,143.89,148.21,884900,0.0,0.0
2022-11-16,143.1,146.46,142.33,146.19,826600,0.0,0.0
2022-11-15,143.5,144.9,141.41,143.52,779200,0.0,0.0
2022-11-14,143.52,144.27,141.6,141.67,907400,0.0,0.0
2022-11-11,146.53,148.46,143.64,143.94,1065400,0.0,0.0
2022-11-10,147.29,148.45,143.4,146.52,1345000,0.0,0.0
2022-11-09,145.39,147.36,142.09,142.52,823800,0.0,0.0
2022-11-08,146.71,149.24,145.47,147.22,1001000,0.0,0.0
2022-11-07,147.18,148.49,144.7,146.71,1220500,0.0,0.0
2022-11-04,147.11,148.95,140.27,146.23,1635600,0.0,0.0
2022-11-03,144.03,146.16,136.46,143.88,2404500,0.0,0.0
2022-11-02,140.47,142.44,136.09,136.28,1229300,0.0,0.0
2022-11-01,143.06,143.53,141.2,141.75,719900,0.0,0.0
2022-10-31,140.1,141.76,139.95,141.52,753900,0.0,0.0
2022-10-28,140.37,142.2,138.96,140.66,830600,0.0,0.0
2022-10-27,140.86,142.12,139.26,139.75,751500,0.0,0.0
2022-10-26,142.68,143.78,139.55,139.98,982200,0.0,0.0
2022-10-25,137.23,142.23,136.81,141.83,1365400,0.0,0.0
2022-10-24,133.89,137.27,133.43,136.91,958200,0.0,0.0
2022-10-21,130.54,133.55,130.12,132.92,775500,0.0,0.0
2022-10-20,132.37,133.58,129.85,130.26,706200,0.0,0.0
2022-10-19,131.75,132.67,130.03,132.09,601900,0.0,0.0
2022-10-18,132.67,135.49,131.2,132.93,871100,0.0,0.0
2022-10-17,125.94,129.83,125.45,129.22,902000,0.0,0.0
2022-10-14,130.28,131.05,122.8,122.96,816800,0.0,0.0
2022-10-13,123.72,130.15,123.15,129.73,843000,0.0,0.0
2022-10-12,129.4,129.4,125.83,125.9,775500,0.0,0.0
2022-10-11,129.0,132.19,127.2,128.97,1064900,0.0,0.0
2022-10-10,128.11,130.59,127.82,128.56,565300,0.0,0.0
2022-10-07,131.19,131.27,127.06,128.06,623000,0.0,0.0
2022-10-06,133.88,135.88,131.65,131.74,698700,0.0,0.0
2022-10-05,133.95,135.31,131.51,134.06,757500,0.0,0.0
2022-10-04,132.82,136.47,132.82,135.53,888600,0.0,0.0
2022-10-03,128.92,131.81,127.53,130.87,787100,0.0,0.0
2022-09-30,127.9,129.65,126.03,126.92,1033700,0.07,0.0
2022-09-29,128.46,128.46,124.38,127.39,857600,0.0,0.0
2022-09-28,126.27,130.52,126.09,129.65,962900,0.0,0.0
2022-09-27,127.12,128.29,123.61,125.02,1034900,0.0,0.0
2022-09-26,127.54,130.49,124.9,125.21,1282500,0.0,0.0
2022-09-23,133.13,133.13,126.11,128.22,1647300,0.0,0.0
2022-09-22,136.92,137.33,134.8,135.14,761000,0.0,0.0
2022-09-21,138.55,141.54,135.85,135.96,699700,0.0,0.0
2022-09-20,140.05,140.31,136.95,137.99,1272700,0.0,0.0
2022-09-19,135.42,141.55,135.18,140.69,1753600,0.0,0.0
2022-09-16,136.52,137.94,134.29,136.84,3608000,0.0,0.0
2022-09-15,139.35,141.5,137.46,138.3,1623000,0.0,0.0
2022-09-14,140.91,142.61,139.53,141.77,1565500,0.0,0.0
2022-09-13,141.15,143.7,140.3,140.86,730800,0.0,0.0
2022-09-12,146.91,147.53,144.02,145.05,774700,0.0,0.0
2022-09-09,147.13,147.38,144.95,146.14,730000,0.0,0.0
2022-09-08,141.37,146.04,140.53,145.99,990600,0.0,0.0
2022-09-07,139.54,142.0,138.65,141.83,886700,0.0,0.0
2022-09-06,139.8,141.08,137.93,139.67,889900,0.0,0.0
2022-09-02,140.76,144.07,139.51,140.01,790300,0.0,0.0
2022-09-01,139.87,140.78,136.44,138.52,1328300,0.0,0.0
2022-08-31,140.08,141.46,139.36,140.71,1415200,0.0,0.0
2022-08-30,145.56,146.04,139.12,140.17,758600,0.0,0.0
2022-08-29,142.4,146.01,141.7,144.26,654300,0.0,0.0
2022-08-26,147.59,147.59,143.36,144.02,982800,0.0,0.0
2022-08-25,145.76,148.7,145.53,147.13,863400,0.0,0.0
2022-08-24,141.1,144.91,141.1,144.5,731800,0.0,0.0
2022-08-23,139.93,142.41,139.57,140.63,725700,0.0,0.0
2022-08-22,139.23,141.75,138.34,139.42,652300,0.0,0.0
2022-08-19,142.96,143.4,141.19,141.42,728500,0.0,0.0
2022-08-18,144.42,145.69,143.05,143.87,573600,0.0,0.0
2022-08-17,140.66,143.62,139.83,143.51,1077900,0.0,0.0
2022-08-16,142.13,143.47,141.46,141.83,912100,0.0,0.0
2022-08-15,141.55,142.86,140.73,142.37,624900,0.0,0.0
2022-08-12,140.77,143.03,140.42,142.86,790800,0.0,0.0
2022-08-11,141.47,142.14,140.17,140.66,888000,0.0,0.0
2022-08-10,137.21,139.94,136.98,139.66,1187900,0.0,0.0
2022-08-09,136.27,137.34,135.01,135.27,654300,0.0,0.0
2022-08-08,137.36,139.17,136.6,136.68,1095600,0.0,0.0
2022-08-05,133.6,138.07,132.91,136.33,1287200,0.0,0.0
2022-08-04,134.76,135.54,131.25,132.85,1779100,0.0,0.0
2022-08-03,139.12,139.12,135.54,136.48,1659600,0.0,0.0
2022-08-02,137.98,139.51,136.09,137.73,940600,0.0,0.0
2022-08-01,137.42,138.88,135.93,138.14,1453700,0.0,0.0
2022-07-29,145.4,146.22,137.41,138.15,2613400,0.0,0.0
2022-07-28,137.59,144.77,135.76,144.68,2590000,0.0,0.0
2022-07-27,133.53,134.59,132.51,133.41,1455000,0.0,0.0
2022-07-26,133.39,134.6,132.02,132.72,907300,0.0,0.0
2022-07-25,131.33,133.3,128.21,133.12,784400,0.0,0.0
2022-07-22,133.24,135.52,131.04,132.5,699700,0.0,0.0
2022-07-21,130.74,132.66,130.07,132.58,547400,0.0,0.0
2022-07-20,130.45,132.7,129.17,131.74,783100,0.0,0.0
2022-07-19,127.61,131.0,127.61,130.56,885300,0.0,0.0
2022-07-18,128.2,129.73,126.24,126.43,844800,0.0,0.0
2022-07-15,129.61,129.61,119.88,127.47,1401400,0.0,0.0
2022-07-14,125.24,127.65,123.99,127.5,888500,0.0,0.0
2022-07-13,125.61,128.97,124.63,127.36,985900,0.0,0.0
2022-07-12,129.3,130.65,126.35,127.18,985400,0.0,0.0
2022-07-11,130.17,131.45,129.68,130.6,589100,0.0,0.0
2022-07-08,131.68,133.02,129.85,131.4,882800,0.0,0.0
2022-07-07,127.21,131.96,126.28,131.69,981300,0.0,0.0
2022-07-06,126.25,127.46,122.54,125.76,1048100,0.0,0.0
2022-07-05,123.57,127.05,121.24,126.72,1297300,0.0,0.0
2022-07-01,124.68,127.23,121.64,125.61,1036100,0.0,0.0
2022-06-30,117.04,124.94,117.04,124.81,1493100,0.07,0.0
2022-06-29,123.73,124.0,117.4,119.18,1727100,0.0,0.0
2022-06-28,127.84,129.24,123.2,123.51,888300,0.0,0.0
2022-06-27,126.3,127.67,124.58,127.3,1214700,0.0,0.0
2022-06-24,121.42,125.96,120.95,125.38,2702700,0.0,0.0
2022-06-23,118.6,120.91,116.0,120.18,1472000,0.0,0.0
2022-06-22,116.35,119.59,116.14,118.29,1119100,0.0,0.0
2022-06-21,115.63,120.12,114.93,118.66,1338300,0.0,0.0
2022-06-17,113.32,116.27,112.32,113.3,2049000,0.0,0.0
2022-06-16,120.61,121.74,113.32,114.18,2132700,0.0,0.0
2022-06-15,123.21,125.05,120.35,123.53,1631900,0.0,0.0
2022-06-14,125.26,125.88,121.88,122.96,1504300,0.0,0.0
2022-06-13,124.76,128.11,122.5,125.21,2222700,0.0,0.0
2022-06-10,127.96,128.45,124.05,125.99,1411400,0.0,0.0
2022-06-09,129.12,132.08,127.81,130.13,912700,0.0,0.0
2022-06-08,132.54,132.54,128.53,129.82,1565600,0.0,0.0
2022-06-07,129.65,133.52,128.28,133.1,1402000,0.0,0.0
2022-06-06,133.93,137.8,130.25,130.77,2312900,0.0,0.0
2022-06-03,123.13,128.82,122.59,128.5,1746200,0.0,0.0
2022-06-02,119.25,124.11,118.44,123.97,1189200,0.0,0.0
2022-06-01,119.95,121.17,117.13,119.21,1350900,0.0,0.0
2022-05-31,123.28,123.39,117.76,118.43,10607300,0.0,0.0
2022-05-27,121.34,123.81,121.03,122.92,1486000,0.0,0.0
2022-05-26,119.43,122.03,118.71,120.05,1764600,0.0,0.0
2022-05-25,115.82,118.69,115.2,117.79,1243900,0.0,0.0
2022-05-24,114.93,115.81,113.22,115.35,1307500,0.0,0.0
2022-05-23,113.94,117.38,113.57,115.87,1372700,0.0,0.0
2022-05-20,114.29,114.78,110.61,112.46,1588800,0.0,0.0
2022-05-19,109.03,114.74,108.73,112.99,1447900,0.0,0.0
2022-05-18,112.39,115.7,109.49,110.09,1132000,0.0,0.0
2022-05-17,113.31,114.12,110.53,113.12,1608400,0.0,0.0
2022-05-16,112.09,113.04,110.09,111.65,1288800,0.0,0.0
2022-05-13,110.37,114.16,110.25,112.03,1662100,0.0,0.0
2022-05-12,107.03,109.53,105.82,108.41,1365600,0.0,0.0
2022-05-11,110.56,113.54,108.01,108.24,2069100,0.0,0.0
2022-05-10,110.2,112.65,108.19,111.28,2108500,0.0,0.0
2022-05-09,114.95,116.11,108.65,109.3,2095800,0.0,0.0
2022-05-06,119.19,120.12,114.72,117.03,1620300,0.0,0.0
2022-05-05,122.6,125.12,118.05,120.41,2174400,0.0,0.0
2022-05-04,118.93,120.97,116.29,120.7,2059800,0.0,0.0
2022-05-03,115.54,119.32,115.54,118.44,1271600,0.0,0.0
2022-05-02,115.17,116.19,112.35,115.67,1663700,0.0,0.0
2022-04-29,117.43,120.27,114.93,115.42,1122900,0.0,0.0
2022-04-28,117.99,119.2,114.57,118.27,1141100,0.0,0.0
2022-04-27,117.02,119.4,116.87,117.24,1831400,0.0,0.0
2022-04-26,119.03,119.49,116.01,116.51,1385200,0.0,0.0
2022-04-25,118.61,120.43,116.69,120.09,1725100,0.0,0.0
2022-04-22,123.65,124.28,119.12,119.96,2619000,0.0,0.0
2022-04-21,138.5,138.5,123.78,124.67,3511800,0.0,0.0
2022-04-20,136.9,139.37,135.92,137.18,1480600,0.0,0.0
2022-04-19,135.87,138.55,135.2,138.25,1044700,0.0,0.0
2022-04-18,134.22,136.63,134.17,135.72,1014100,0.0,0.0
2022-04-14,134.22,136.09,133.95,134.49,1532700,0.0,0.0
2022-04-13,133.33,134.72,133.01,134.1,1079700,0.0,0.0
2022-04-12,133.06,134.67,132.14,133.28,1594600,0.0,0.0
2022-04-11,132.02,134.48,131.69,132.39,1832400,0.0,0.0
2022-04-08,132.36,134.48,131.04,133.35,1661100,0.07,0.0
2022-04-07,128.89,133.02,128.05,131.66,1811700,0.0,0.0
2022-04-06,127.32,129.92,125.6,128.72,1984100,0.0,0.0
2022-04-05,130.52,132.39,129.18,129.41,1573200,0.0,0.0
2022-04-04,130.92,131.5,129.12,130.74,1158200,0.0,0.0
2022-04-01,131.3,133.05,130.46,130.92,1087000,0.0,0.0
2022-03-31,131.43,134.75,130.68,130.91,1288500,0.0,0.0
2022-03-30,135.54,135.77,130.21,131.46,1753400,0.0,0.0
2022-03-29,135.95,136.99,131.18,133.75,1443600,0.0,0.0
2022-03-28,133.46,134.89,132.77,134.82,1349000,0.0,0.0
2022-03-25,131.87,133.79,131.16,133.59,1206700,0.0,0.0
2022-03-24,128.6,132.15,128.6,131.87,1059700,0.0,0.0
2022-03-23,128.53,129.26,127.04,128.52,936100,0.0,0.0
2022-03-22,127.91,130.64,127.89,129.05,1154500,0.0,0.0
2022-03-21,126.1,128.26,126.0,127.54,1257700,0.0,0.0
2022-03-18,124.2,126.47,123.34,125.89,1269200,0.0,0.0
2022-03-17,121.12,125.02,121.1,124.99,763300,0.0,0.0
2022-03-16,122.2,123.78,119.16,122.19,1172900,0.0,0.0
2022-03-15,121.19,122.35,118.85,121.02,1090600,0.0,0.0
2022-03-14,122.53,124.0,120.64,121.95,1837100,0.0,0.0
2022-03-11,120.85,124.29,120.85,122.66,1963100,0.0,0.0
2022-03-10,116.37,120.83,116.02,120.41,1636100,0.0,0.0
2022-03-09,117.19,120.51,116.14,118.09,2264000,0.0,0.0
2022-03-08,107.8,117.08,107.56,116.21,3089900,0.0,0.0
2022-03-07,108.22,111.28,107.21,107.44,1628400,0.0,0.0
2022-03-04,110.06,110.74,107.05,108.59,1056300,0.0,0.0
2022-03-03,110.3,112.51,110.3,111.77,1537400,0.0,0.0
2022-03-02,108.75,110.29,108.29,109.65,1192900,0.0,0.0
2022-03-01,108.94,110.44,107.37,107.79,1710200,0.0,0.0
2022-02-28,106.27,109.41,105.56,108.36,1398800,0.0,0.0
2022-02-25,106.86,108.32,103.54,107.63,2063600,0.0,0.0
2022-02-24,97.48,108.92,96.48,108.16,2814000,0.0,0.0
2022-02-23,100.72,101.12,97.26,97.8,1154700,0.0,0.0
2022-02-22,100.85,102.76,99.59,100.23,1253400,0.0,0.0
2022-02-18,102.21,103.38,101.3,101.63,901100,0.0,0.0
2022-02-17,105.25,105.87,102.15,102.43,1118900,0.0,0.0
2022-02-16,103.17,107.15,102.66,106.41,1156100,0.0,0.0
2022-02-15,100.76,104.48,100.76,104.28,1334700,0.0,0.0
2022-02-14,99.51,100.77,98.0,98.93,879500,0.0,0.0
2022-02-11,102.27,103.28,98.8,99.38,1394800,0.0,0.0
2022-02-10,103.55,106.28,101.42,102.32,1325900,0.0,0.0
2022-02-09,103.47,105.85,103.47,105.7,999600,0.0,0.0
2022-02-08,98.72,102.08,98.44,101.71,1103800,0.0,0.0
2022-02-07,99.47,100.28,97.91,98.34,1241500,0.0,0.0
2022-02-04,100.65,101.87,99.39,99.42,853000,0.0,0.0
2022-02-03,101.93,103.26,100.77,100.93,1049900,0.0,0.0
2022-02-02,102.75,103.45,100.93,103.26,1161600,0.0,0.0
2022-02-01,102.54,103.56,100.49,102.57,1054200,0.0,0.0
2022-01-31,97.03,102.17,97.03,102.17,1471000,0.0,0.0
2022-01-28,96.36,98.03,94.4,97.98,939300,0.0,0.0
2022-01-27,97.42,99.17,95.93,96.37,1165900,0.0,0.0
2022-01-26,98.47,100.71,95.43,96.54,1095100,0.0,0.0
2022-01-25,97.35,97.65,94.86,96.54,1456600,0.0,0.0
2022-01-24,95.24,99.13,93.41,98.95,1840200,0.0,0.0
2022-01-21,99.45,100.02,97.34,97.75,3039000,0.0,0.0
2022-01-20,101.94,103.55,99.19,99.45,1145100,0.0,0.0
2022-01-19,105.7,106.78,101.56,101.62,1148100,0.0,0.0
2022-01-18,104.49,105.87,103.52,105.04,1089200,0.0,0.0
2022-01-14,105.09,106.45,104.57,106.07,581100,0.0,0.0
2022-01-13,110.12,111.26,106.46,106.71,824000,0.0,0.0
2022-01-12,110.14,110.79,107.7,109.55,757300,0.0,0.0
2022-01-11,107.67,109.98,104.83,109.4,1133200,0.0,0.0
2022-01-10,105.36,107.43,103.04,107.2,1380400,0.0,0.0
2022-01-07,109.22,109.66,106.05,106.12,832200,0.0,0.0
2022-01-06,109.2,109.9,107.47,109.41,1044700,0.0,0.0
2022-01-05,115.3,116.96,108.6,108.74,1585700,0.0,0.0
2022-01-04,112.54,116.1,112.4,115.53,853300,0.0,0.0
2022-01-03,114.14,115.27,111.34,111.67,923600,0.07,0.0
2021-12-31,112.16,114.58,112.16,113.98,631400,0.0,0.0
2021-12-30,113.71,114.69,111.93,112.16,644600,0.0,0.0
2021-12-29,113.74,114.66,113.39,113.6,412800,0.0,0.0
2021-12-28,113.72,114.98,113.43,113.62,432200,0.0,0.0
2021-12-27,111.68,113.76,111.4,113.7,608100,0.0,0.0
2021-12-23,111.3,112.37,110.85,111.22,493100,0.0,0.0
2021-12-22,110.51,111.09,109.48,110.86,692300,0.0,0.0
2021-12-21,107.73,110.31,107.73,110.17,951400,0.0,0.0
2021-12-20,105.08,107.0,104.6,106.8,1690400,0.0,0.0
2021-12-17,110.0,110.86,106.74,108.21,2274600,0.0,0.0
2021-12-16,112.47,114.53,109.89,110.69,913700,0.0,0.0
2021-12-15,110.76,111.6,108.06,111.5,864400,0.0,0.0
2021-12-14,111.0,112.11,108.67,110.1,1005300,0.0,0.0
2021-12-13,114.08,114.21,110.69,111.35,989100,0.0,0.0
2021-12-10,113.82,114.59,112.57,113.68,611300,0.0,0.0
2021-12-09,114.57,116.34,112.91,112.99,844100,0.0,0.0
2021-12-08,116.25,116.69,115.03,115.37,1018200,0.0,0.0
2021-12-07,114.32,116.81,113.81,116.31,797600,0.0,0.0
2021-12-06,113.47,114.16,110.91,112.29,1191300,0.0,0.0
2021-12-03,113.51,113.77,109.48,111.94,1047700,0.0,0.0
2021-12-02,110.49,115.23,109.94,112.92,1731000,0.0,0.0
2021-12-01,115.91,117.13,109.84,109.86,1129400,0.0,0.0
2021-11-30,119.48,120.65,112.93,113.11,1647600,0.0,0.0
2021-11-29,120.31,123.46,119.24,120.96,1100100,0.0,0.0
2021-11-26,117.77,118.7,115.31,116.84,647100,0.0,0.0
2021-11-24,119.66,121.82,118.32,121.26,861700,0.0,0.0
2021-11-23,119.74,121.11,118.64,120.11,1038300,0.0,0.0
2021-11-22,121.28,121.91,118.56,119.86,1056300,0.0,0.0
2021-11-19,117.7,120.87,117.28,120.34,813900,0.0,0.0
2021-11-18,118.21,119.11,117.2,118.35,566700,0.0,0.0
2021-11-17,118.72,119.27,116.81,117.8,957600,0.0,0.0
2021-11-16,118.12,119.29,117.24,118.78,869700,0.0,0.0
2021-11-15,117.87,118.57,117.01,117.98,1182200,0.0,0.0
2021-11-12,115.95,116.81,112.89,116.29,1233900,0.0,0.0
2021-11-11,115.51,117.46,115.46,115.85,607200,0.0,0.0
2021-11-10,116.78,117.99,114.8,115.35,635300,0.0,0.0
2021-11-09,119.29,120.48,117.01,117.51,891100,0.0,0.0
2021-11-08,120.71,123.95,118.88,119.09,1313600,0.0,0.0
2021-11-05,113.41,118.13,111.89,116.72,1657700,0.0,0.0
2021-11-04,111.59,116.72,110.14,112.61,1803500,0.0,0.0
2021-11-03,119.21,119.52,114.48,116.13,1638900,0.0,0.0
2021-11-02,120.26,120.68,118.19,119.97,913000,0.0,0.0
2021-11-01,121.29,121.67,119.81,120.26,926900,0.0,0.0
2021-10-29,120.3,122.22,119.85,120.56,905200,0.0,0.0
2021-10-28,116.45,121.13,116.45,120.79,880000,0.0,0.0
2021-10-27,118.61,118.92,115.63,115.78,790800,0.0,0.0
2021-10-26,120.95,121.23,118.83,118.99,676800,0.0,0.0
2021-10-25,117.47,120.67,117.0,119.81,929200,0.0,0.0
2021-10-22,115.9,118.05,115.9,117.36,777300,0.0,0.0
2021-10-21,113.6,116.08,112.48,115.91,1320500,0.0,0.0
2021-10-20,112.59,114.17,111.69,113.64,901200,0.0,0.0
2021-10-19,112.54,113.54,111.31,112.58,843600,0.0,0.0
2021-10-18,111.23,112.61,110.88,112.0,716900,0.0,0.0
2021-10-15,114.11,114.55,111.5,111.67,1145700,0.0,0.0
2021-10-14,111.57,112.62,110.99,112.47,743800,0.0,0.0
2021-10-13,111.24,111.49,109.8,110.34,635200,0.0,0.0
2021-10-12,110.28,111.82,109.66,110.98,664500,0.0,0.0
2021-10-11,111.8,112.54,110.2,110.24,624000,0.0,0.0
2021-10-08,112.52,113.4,111.53,112.1,617500,0.0,0.0
2021-10-07,111.51,113.33,110.78,112.72,1632700,0.0,0.0
2021-10-06,110.81,112.19,107.92,111.05,1485900,0.0,0.0
2021-10-05,112.49,114.01,111.03,111.99,2449400,0.0,0.0
2021-10-04,115.46,116.75,112.21,112.47,1552300,0.0,0.0
2021-10-01,113.62,116.93,112.68,115.98,1512600,0.0,0.0
2021-09-30,115.89,115.89,113.15,113.15,1093300,0.06,0.0
2021-09-29,115.64,115.7,113.79,115.1,1262000,0.0,0.0
2021-09-28,115.11,116.37,113.37,115.08,901500,0.0,0.0
2021-09-27,117.25,117.96,115.99,116.28,931500,0.0,0.0
2021-09-24,117.26,118.64,116.52,116.53,1027500,0.0,0.0
2021-09-23,115.94,118.53,115.55,117.85,1326600,0.0,0.0
2021-09-22,115.15,117.25,115.02,115.12,1037500,0.0,0.0
2021-09-21,116.94,117.02,113.13,114.13,1212400,0.0,0.0
2021-09-20,114.49,116.32,113.34,115.96,1320400,0.0,0.0
2021-09-17,116.77,118.14,115.6,117.66,2272300,0.0,0.0
2021-09-16,117.24,118.65,115.86,116.12,1082500,0.0,0.0
2021-09-15,114.92,118.93,114.31,117.41,1306000,0.0,0.0
2021-09-14,114.75,115.92,113.62,115.25,1398400,0.0,0.0
2021-09-13,115.91,116.44,113.68,114.42,1075400,0.0,0.0
2021-09-10,114.65,116.32,113.66,115.05,1325900,0.0,0.0
2021-09-09,114.45,115.55,113.19,113.76,892100,0.0,0.0
2021-09-08,114.52,115.97,114.05,114.97,1095200,0.0,0.0
2021-09-07,114.97,115.37,112.73,114.52,1511900,0.0,0.0
2021-09-03,113.7,115.68,112.59,115.25,2387500,0.0,0.0
2021-09-02,109.56,113.99,108.02,113.31,3668800,0.0,0.0
2021-09-01,101.55,102.0,99.96,101.11,750600,0.0,0.0
2021-08-31,103.02,103.27,101.32,101.44,822500,0.0,0.0
2021-08-30,103.4,103.72,102.34,102.74,641900,0.0,0.0
2021-08-27,101.56,103.12,101.09,102.68,1007600,0.0,0.0
2021-08-26,101.34,102.23,100.49,100.94,776800,0.0,0.0
2021-08-25,98.84,102.04,98.41,101.53,1263400,0.0,0.0
2021-08-24,97.13,98.72,96.9,98.41,809000,0.0,0.0
2021-08-23,96.65,97.43,95.95,96.88,634500,0.0,0.0
2021-08-20,95.06,95.79,94.57,95.68,607300,0.0,0.0
2021-08-19,94.38,95.66,94.3,95.26,820300,0.0,0.0
2021-08-18,94.11,96.35,93.96,95.62,885800,0.0,0.0
2021-08-17,95.49,95.49,92.26,94.44,1041100,0.0,0.0
2021-08-16,96.14,96.87,95.7,96.34,627200,0.0,0.0
2021-08-13,97.74,98.01,96.42,96.84,636400,0.0,0.0
2021-08-12,97.54,98.88,96.76,97.73,1199500,0.0,0.0
2021-08-11,93.92,96.7,93.49,96.51,1352200,0.0,0.0
2021-08-10,91.65,94.24,90.7,93.63,812900,0.0,0.0
2021-08-09,91.2,91.95,89.51,91.49,811000,0.0,0.0
2021-08-06,93.0,93.98,91.46,91.75,739500,0.0,0.0
2021-08-05,87.74,93.65,87.74,91.93,1216300,0.0,0.0
2021-08-04,89.95,90.38,88.45,88.47,1054400,0.0,0.0
2021-08-03,89.0,90.71,87.74,90.59,870000,0.0,0.0
2021-08-02,91.27,92.82,88.45,88.53,688300,0.0,0.0
2021-07-30,90.29,91.27,89.95,90.31,630400,0.0,0.0
2021-07-29,90.3,91.31,89.49,90.86,637400,0.0,0.0
2021-07-28,87.75,89.99,86.38,89.08,757800,0.0,0.0
2021-07-27,86.99,88.18,86.53,87.52,639400,0.0,0.0
2021-07-26,89.36,90.06,87.25,87.61,683500,0.0,0.0
2021-07-23,89.13,89.35,88.17,89.19,540200,0.0,0.0
2021-07-22,88.83,89.31,88.01,88.64,598300,0.0,0.0
2021-07-21,88.92,90.0,88.66,88.97,604400,0.0,0.0
2021-07-20,84.75,88.27,84.38,87.73,946300,0.0,0.0
2021-07-19,85.88,86.07,83.86,84.89,882500,0.0,0.0
2021-07-16,88.3,88.84,87.0,87.37,927100,0.0,0.0
2021-07-15,87.19,89.18,86.88,87.76,791400,0.0,0.0
2021-07-14,89.83,90.8,87.77,88.24,623600,0.0,0.0
2021-07-13,89.44,89.83,88.76,89.16,688100,0.0,0.0
2021-07-12,89.11,90.41,88.11,90.05,722300,0.0,0.0
2021-07-09,88.11,89.56,87.83,89.21,904200,0.0,0.0
2021-07-08,85.89,87.99,84.51,86.7,1404000,0.0,0.0
2021-07-07,86.42,88.31,86.38,87.4,1618400,0.0,0.0
2021-07-06,89.06,89.06,86.38,87.42,906900,0.0,0.0
2021-07-02,90.16,90.28,88.48,88.95,800500,0.0,0.0
2021-07-01,91.27,91.27,89.78,90.17,724700,0.0,0.0
2021-06-30,89.69,90.61,89.22,89.99,1040700,0.06,0.0
2021-06-29,91.06,91.5,89.79,90.07,703800,0.0,0.0
2021-06-28,91.58,92.14,89.4,90.54,731000,0.0,0.0
2021-06-25,91.83,92.48,91.46,91.65,2015000,0.0,0.0
2021-06-24,89.86,91.86,89.07,91.41,1401000,0.0,0.0
2021-06-23,88.8,90.06,88.17,89.18,1055500,0.0,0.0
2021-06-22,87.7,88.76,86.66,88.31,1278000,0.0,0.0
2021-06-21,86.16,88.28,86.16,87.58,1772400,0.0,0.0
2021-06-18,85.0,86.05,84.62,85.3,2179100,0.0,0.0
2021-06-17,90.45,91.01,86.49,86.53,1820500,0.0,0.0
2021-06-16,91.22,91.46,89.77,90.45,1079000,0.0,0.0
2021-06-15,90.85,91.74,90.45,91.4,686100,0.0,0.0
2021-06-14,92.16,92.96,90.52,91.06,831800,0.0,0.0
2021-06-11,91.66,92.4,90.75,91.47,1598900,0.0,0.0
2021-06-10,93.1,93.31,90.78,91.02,1738400,0.0,0.0
2021-06-09,93.37,93.81,92.12,92.18,753000,0.0,0.0
2021-06-08,92.59,94.21,91.84,93.85,978700,0.0,0.0
2021-06-07,92.3,92.66,91.03,91.58,1080500,0.0,0.0
2021-06-04,92.97,93.59,91.33,92.5,851300,0.0,0.0
2021-06-03,92.41,93.16,90.6,92.8,807200,0.0,0.0
2021-06-02,95.87,95.99,92.28,92.89,1489700,0.0,0.0
2021-06-01,96.67,97.29,95.44,95.76,996000,0.0,0.0
2021-05-28,94.98,95.14,93.86,94.67,650300,0.0,0.0
2021-05-27,95.0,96.06,94.5,94.9,1134900,0.0,0.0
2021-05-26,93.0,94.17,92.71,93.63,808200,0.0,0.0
2021-05-25,92.67,93.6,92.14,93.15,1258300,0.0,0.0
2021-05-24,92.4,92.58,91.56,91.82,560100,0.0,0.0
2021-05-21,91.29,92.7,91.25,91.96,959500,0.0,0.0
2021-05-20,91.17,91.36,89.22,90.29,1978500,0.0,0.0
2021-05-19,91.67,91.81,89.39,90.62,1900200,0.0,0.0
2021-05-18,96.09,96.36,92.45,92.53,1404000,0.0,0.0
2021-05-17,96.2,96.95,95.12,96.09,683500,0.0,0.0
2021-05-14,96.26,97.04,95.52,96.73,575900,0.0,0.0
2021-05-13,93.67,95.67,93.02,95.34,940900,0.0,0.0
2021-05-12,97.83,98.45,93.84,94.0,1109300,0.0,0.0
2021-05-11,98.3,99.33,96.59,97.89,1362300,0.0,0.0
2021-05-10,100.01,101.24,99.41,99.89,1075100,0.0,0.0
2021-05-07,96.84,101.0,96.63,99.47,1584400,0.0,0.0
2021-05-06,96.61,99.29,95.63,97.89,1195300,0.0,0.0
2021-05-05,97.22,97.77,96.08,96.69,905100,0.0,0.0
2021-05-04,96.08,97.0,94.62,96.96,729100,0.0,0.0
2021-05-03,97.15,97.8,96.36,96.49,866600,0.0,0.0
2021-04-30,97.34,97.93,95.7,95.95,1727700,0.0,0.0
2021-04-29,97.93,98.22,96.69,98.04,552000,0.0,0.0
2021-04-28,97.55,97.72,97.01,97.15,581500,0.0,0.0
2021-04-27,97.07,97.67,96.33,97.48,726500,0.0,0.0
2021-04-26,97.77,98.25,96.66,97.03,833100,0.0,0.0
2021-04-23,95.14,97.25,94.85,96.95,847300,0.0,0.0
2021-04-22,95.08,96.08,94.18,95.24,1125000,0.0,0.0
2021-04-21,93.33,94.98,92.71,94.89,853500,0.0,0.0
2021-04-20,94.61,94.68,91.52,93.08,1209800,0.0,0.0
2021-04-19,95.61,95.79,94.53,95.15,714700,0.0,0.0
2021-04-16,95.24,95.8,93.96,95.02,918900,0.0,0.0
2021-04-15,93.85,94.64,93.06,94.6,907900,0.0,0.0
2021-04-14,92.84,94.33,92.66,93.34,1176100,0.0,0.0
2021-04-13,92.86,93.82,92.01,93.39,1856300,0.0,0.0
2021-04-12,93.14,93.46,92.08,92.59,976200,0.0,0.0
2021-04-09,91.26,93.08,90.75,93.05,933700,0.0,0.0
2021-04-08,90.64,91.24,89.47,90.87,1109600,0.0,0.0
2021-04-07,91.5,91.57,89.79,90.45,1562800,0.0,0.0
2021-04-06,91.15,93.43,91.15,91.5,1928600,0.0,0.0
2021-04-05,90.26,91.5,89.53,91.28,1368100,0.06,0.0
2021-04-01,88.31,89.52,87.42,88.48,1358800,0.0,0.0
2021-03-31,87.49,88.21,85.99,87.3,1412000,0.0,0.0
2021-03-30,83.63,87.08,83.49,86.89,1571000,0.0,0.0
2021-03-29,85.89,87.08,83.43,83.66,1016000,0.0,0.0
2021-03-26,84.0,86.52,83.06,86.46,1253700,0.0,0.0
2021-03-25,81.1,83.36,79.76,82.83,1118000,0.0,0.0
2021-03-24,82.69,83.8,81.49,81.64,1744700,0.0,0.0
2021-03-23,83.47,84.28,80.97,81.75,1900400,0.0,0.0
2021-03-22,84.8,85.1,83.22,84.39,733700,0.0,0.0
2021-03-19,84.55,85.71,83.18,84.8,1392000,0.0,0.0
2021-03-18,87.36,88.05,85.03,85.14,1157900,0.0,0.0
2021-03-17,86.83,87.71,86.26,87.25,1038400,0.0,0.0
2021-03-16,88.21,88.22,86.27,86.58,965800,0.0,0.0
2021-03-15,87.49,88.28,86.66,88.16,893500,0.0,0.0
2021-03-12,86.71,88.02,86.47,87.95,675400,0.0,0.0
2021-03-11,85.71,87.56,85.15,86.73,1391400,0.0,0.0
2021-03-10,82.52,85.14,82.05,84.82,1421000,0.0,0.0
2021-03-09,83.48,84.0,82.4,82.58,948600,0.0,0.0
2021-03-08,83.58,84.24,82.21,82.69,1507600,0.0,0.0
2021-03-05,82.03,82.99,78.18,82.47,1650200,0.0,0.0
2021-03-04,81.61,81.87,78.42,81.19,2443000,0.0,0.0
2021-03-03,83.55,84.38,81.94,82.09,1382400,0.0,0.0
2021-03-02,84.69,84.72,82.91,83.55,1331000,0.0,0.0
2021-03-01,85.01,86.99,84.56,85.03,1495700,0.0,0.0
2021-02-26,83.93,85.09,82.01,83.2,1536000,0.0,0.0
2021-02-25,83.35,85.56,82.78,83.95,2031900,0.0,0.0
2021-02-24,78.07,81.35,77.76,80.5,1720500,0.0,0.0
2021-02-23,76.6,78.13,74.26,77.6,1217900,0.0,0.0
2021-02-22,76.56,78.07,75.47,77.3,1110800,0.0,0.0
2021-02-19,76.0,77.17,75.83,76.65,802700,0.0,0.0
2021-02-18,75.77,75.9,73.32,75.29,793900,0.0,0.0
2021-02-17,76.76,77.41,75.43,76.23,604800,0.0,0.0
2021-02-16,78.14,78.93,76.74,77.01,629300,0.0,0.0
2021-02-12,76.1,77.44,75.96,77.26,637300,0.0,0.0
2021-02-11,75.97,77.92,75.53,76.41,876100,0.0,0.0
2021-02-10,76.84,76.84,75.56,75.63,848800,0.0,0.0
2021-02-09,76.05,77.28,75.51,76.57,773000,0.0,0.0
2021-02-08,76.15,76.47,75.49,75.98,852700,0.0,0.0
2021-02-05,75.55,75.62,74.22,75.36,687000,0.0,0.0
2021-02-04,73.68,74.84,73.14,74.72,929500,0.0,0.0
2021-02-03,75.04,75.04,73.48,73.54,861300,0.0,0.0
2021-02-02,73.35,76.19,72.99,75.23,1320800,0.0,0.0
2021-02-01,71.0,72.53,69.92,72.31,1458700,0.0,0.0
2021-01-29,71.59,71.71,69.3,69.92,957000,0.0,0.0
2021-01-28,72.36,72.86,71.04,71.98,996400,0.0,0.0
2021-01-27,72.6,72.79,69.83,71.11,1130500,0.0,0.0
2021-01-26,75.7,75.7,74.16,74.26,698300,0.0,0.0
2021-01-25,76.94,77.16,73.83,75.13,697200,0.0,0.0
2021-01-22,76.96,77.51,76.04,77.06,1034600,0.0,0.0
2021-01-21,78.54,79.19,76.75,77.2,827300,0.0,0.0
2021-01-20,78.01,79.24,77.52,78.65,1328000,0.0,0.0
2021-01-19,76.6,77.76,76.02,77.64,1151300,0.0,0.0
2021-01-15,76.18,76.6,74.22,75.57,1021300,0.0,0.0
2021-01-14,74.62,77.28,74.04,76.98,1307900,0.0,0.0
2021-01-13,75.26,75.67,73.42,74.19,882300,0.0,0.0
2021-01-12,75.3,75.99,73.85,75.67,728500,0.0,0.0
2021-01-11,74.48,76.04,74.42,74.72,915900,0.0,0.0
2021-01-08,76.02,76.2,74.43,75.39,809400,0.0,0.0
2021-01-07,75.33,76.8,74.32,75.8,1166700,0.0,0.0
2021-01-06,70.37,74.38,70.15,74.22,1939600,0.0,0.0
2021-01-05,67.72,69.47,67.62,69.03,1929400,0.0,0.0
2021-01-04,70.35,71.27,67.07,67.72,3380800,0.0,0.0
2020-12-31,70.76,71.64,70.39,71.46,524200,0.06,0.0
2020-12-30,70.18,71.03,70.02,70.54,610900,0.0,0.0
2020-12-29,70.81,70.81,69.17,70.01,593000,0.0,0.0
2020-12-28,70.93,71.37,69.97,70.1,625600,0.0,0.0
2020-12-24,70.44,70.57,69.78,70.32,243900,0.0,0.0
2020-12-23,68.8,70.47,68.77,70.2,1201800,0.0,0.0
2020-12-22,67.87,68.88,67.72,68.53,1179800,0.0,0.0
2020-12-21,66.8,68.04,66.17,67.99,1271100,0.0,0.0
2020-12-18,68.32,68.7,66.83,67.7,2172300,0.0,0.0
2020-12-17,68.2,68.61,67.56,68.23,1425700,0.0,0.0
2020-12-16,68.02,68.62,66.61,67.81,4594900,0.0,0.0
2020-12-15,68.31,69.02,68.01,68.64,1874700,0.0,0.0
2020-12-14,71.61,71.81,67.7,67.92,2101400,0.0,0.0
2020-12-11,72.87,73.12,71.38,71.45,1446700,0.0,0.0
2020-12-10,71.91,73.34,70.97,72.38,1324000,0.0,0.0
2020-12-09,71.5,72.89,71.5,72.47,1072300,0.0,0.0
2020-12-08,70.75,71.78,70.58,71.11,1015100,0.0,0.0
2020-12-07,70.18,71.0,69.77,70.89,805000,0.0,0.0
2020-12-04,68.98,71.05,68.74,70.12,1330100,0.0,0.0
2020-12-03,68.01,69.19,67.41,68.77,1651600,0.0,0.0
2020-12-02,69.23,69.26,67.63,67.98,975800,0.0,0.0
2020-12-01,68.82,69.87,68.35,69.36,1213800,0.0,0.0
2020-11-30,69.13,69.59,67.32,67.75,1332000,0.0,0.0
2020-11-27,69.24,69.51,68.63,69.33,400900,0.0,0.0
2020-11-25,69.46,69.71,68.18,69.09,706100,0.0,0.0
2020-11-24,68.54,70.31,67.65,70.02,1393200,0.0,0.0
2020-11-23,67.04,68.36,66.74,68.32,920200,0.0,0.0
2020-11-20,67.57,67.8,66.05,66.3,1401800,0.0,0.0
2020-11-19,67.06,68.41,66.34,67.63,1254300,0.0,0.0
2020-11-18,67.35,68.14,66.69,67.0,1461600,0.0,0.0
2020-11-17,68.08,68.28,66.48,66.81,1839800,0.0,0.0
2020-11-16,69.4,69.58,68.11,68.75,976400,0.0,0.0
2020-11-13,67.04,68.68,66.52,68.35,1011800,0.0,0.0
2020-11-12,66.39,67.0,65.5,66.49,1591900,0.0,0.0
2020-11-11,66.36,67.21,64.19,66.96,1738200,0.0,0.0
2020-11-10,65.29,67.82,65.11,66.01,1768100,0.0,0.0
2020-11-09,68.28,69.71,64.84,64.92,1248400,0.0,0.0
2020-11-06,64.14,65.42,63.55,64.56,1204000,0.0,0.0
2020-11-05,64.51,65.69,63.89,63.93,1475600,0.0,0.0
2020-11-04,65.4,65.73,61.21,62.91,3029900,0.0,0.0
2020-11-03,66.37,67.68,65.4,66.74,2117700,0.0,0.0
2020-11-02,63.1,66.36,62.24,65.88,2849400,0.0,0.0
2020-10-30,61.37,62.82,60.41,61.89,1272300,0.0,0.0
2020-10-29,59.35,63.7,59.08,62.12,1832500,0.0,0.0
2020-10-28,58.8,60.78,58.42,60.35,2227300,0.0,0.0
2020-10-27,61.1,61.44,59.79,60.24,916900,0.0,0.0
2020-10-26,60.83,60.98,59.83,60.61,1416000,0.0,0.0
2020-10-23,61.07,61.93,60.58,61.73,1072200,0.0,0.0
2020-10-22,61.17,61.74,60.43,60.59,1146900,0.0,0.0
2020-10-21,61.72,63.02,60.92,61.04,1651800,0.0,0.0
2020-10-20,61.5,63.59,61.32,62.5,889400,0.0,0.0
2020-10-19,61.81,63.34,60.64,61.36,1364300,0.0,0.0
2020-10-16,61.56,61.99,61.19,61.44,1922300,0.0,0.0
2020-10-15,59.32,61.86,59.23,61.51,1197000,0.0,0.0
2020-10-14,60.16,60.81,59.15,60.29,1554300,0.0,0.0
2020-10-13,60.22,60.44,59.71,59.85,813800,0.0,0.0
2020-10-12,59.48,61.15,59.25,60.81,1679600,0.0,0.0
2020-10-09,58.69,58.85,57.68,58.72,1244300,0.0,0.0
2020-10-08,58.05,58.74,57.31,58.49,1217900,0.0,0.0
2020-10-07,56.83,58.38,56.8,57.86,959200,0.0,0.0
2020-10-06,56.59,57.29,55.75,56.25,1535600,0.0,0.0
2020-10-05,55.07,57.16,55.07,56.41,1727500,0.0,0.0
2020-10-02,52.27,55.35,52.19,54.72,1516100,0.0,0.0
2020-10-01,52.96,53.5,52.15,53.1,1831300,0.0,0.0
2020-09-30,52.24,53.65,51.94,52.4,1739800,0.05,0.0
2020-09-29,52.11,52.81,51.95,52.23,919800,0.0,0.0
2020-09-28,51.99,52.59,51.42,52.38,944600,0.0,0.0
2020-09-25,50.52,51.47,50.1,51.21,708000,0.0,0.0
2020-09-24,50.54,51.51,49.6,50.93,984000,0.0,0.0
2020-09-23,50.65,52.15,50.06,50.8,1756700,0.0,0.0
2020-09-22,48.7,49.91,48.66,49.6,1206400,0.0,0.0
2020-09-21,50.36,50.36,48.06,48.75,1791200,0.0,0.0
2020-09-18,51.93,52.59,51.16,51.4,1902100,0.0,0.0
2020-09-17,51.31,52.85,50.88,52.08,1173300,0.0,0.0
2020-09-16,51.85,52.48,51.48,52.03,1098900,0.0,0.0
2020-09-15,51.85,51.96,51.04,51.49,1016200,0.0,0.0
2020-09-14,51.58,51.87,50.64,51.76,1039200,0.0,0.0
2020-09-11,51.09,51.85,50.79,51.07,804500,0.0,0.0
2020-09-10,51.99,52.01,50.36,50.67,833300,0.0,0.0
2020-09-09,51.53,52.43,51.26,51.73,980000,0.0,0.0
2020-09-08,50.78,51.56,50.05,50.87,1122400,0.0,0.0
2020-09-04,51.71,52.33,50.86,51.48,1042600,0.0,0.0
2020-09-03,52.73,52.85,50.56,51.01,1319300,0.0,0.0
2020-09-02,52.17,53.1,51.61,52.83,1093000,0.0,0.0
2020-09-01,50.7,52.36,50.28,52.07,1197000,0.0,0.0
2020-08-31,50.59,51.29,50.0,50.76,907500,0.0,0.0
2020-08-28,50.67,50.92,50.27,50.9,588600,0.0,0.0
2020-08-27,50.89,51.32,50.45,50.51,984900,0.0,0.0
2020-08-26,50.65,51.2,50.1,50.94,787300,0.0,0.0
2020-08-25,50.75,50.96,50.0,50.65,836200,0.0,0.0
2020-08-24,49.49,50.47,49.43,50.41,985700,0.0,0.0
2020-08-21,49.2,49.77,48.99,49.1,879800,0.0,0.0
2020-08-20,48.8,49.82,48.45,49.29,989400,0.0,0.0
2020-08-19,49.79,50.07,49.21,49.37,1188600,0.0,0.0
2020-08-18,50.24,50.45,48.97,49.86,1491800,0.0,0.0
2020-08-17,49.3,50.65,49.22,50.3,2139100,0.0,0.0
2020-08-14,48.49,49.14,48.4,48.98,1002200,0.0,0.0
2020-08-13,48.57,49.62,48.45,48.8,1216600,0.0,0.0
2020-08-12,50.02,50.44,48.35,49.01,1824000,0.0,0.0
2020-08-11,48.44,49.96,48.39,49.38,2529100,0.0,0.0
2020-08-10,45.92,47.81,45.9,47.74,1375000,0.0,0.0
2020-08-07,45.21,45.93,44.46,45.91,1656100,0.0,0.0
2020-08-06,43.58,47.17,42.98,44.99,2778700,0.0,0.0
2020-08-05,41.43,42.57,41.36,42.37,1231300,0.0,0.0
2020-08-04,40.71,41.34,40.7,41.13,826000,0.0,0.0
2020-08-03,39.9,41.08,39.75,40.8,804300,0.0,0.0
2020-07-31,39.59,39.93,38.82,39.59,884300,0.0,0.0
2020-07-30,40.2,40.21,39.54,39.73,640200,0.0,0.0
2020-07-29,39.77,40.85,39.72,40.75,870900,0.0,0.0
2020-07-28,40.65,40.71,39.57,39.59,1006000,0.0,0.0
2020-07-27,40.17,40.75,39.68,40.68,729600,0.0,0.0
2020-07-24,40.94,40.94,40.15,40.29,607200,0.0,0.0
2020-07-23,40.4,41.21,40.37,40.72,815300,0.0,0.0
2020-07-22,39.96,40.7,39.96,40.53,611300,0.0,0.0
2020-07-21,40.13,40.66,40.09,40.25,745000,0.0,0.0
2020-07-20,39.81,40.37,39.73,39.75,1477100,0.0,0.0
2020-07-17,39.81,40.63,39.81,40.15,1009500,0.0,0.0
2020-07-16,39.68,40.18,39.12,39.64,768900,0.0,0.0
2020-07-15,38.54,39.9,38.36,39.63,1318400,0.0,0.0
2020-07-14,36.81,38.0,36.68,37.96,731600,0.0,0.0
2020-07-13,36.77,37.78,36.49,36.95,889500,0.0,0.0
2020-07-10,35.63,36.56,35.63,36.45,769500,0.0,0.0
2020-07-09,36.85,37.14,35.54,35.81,1241100,0.0,0.0
2020-07-08,38.0,38.23,36.27,36.99,1295800,0.0,0.0
2020-07-07,38.32,38.73,37.92,38.12,1930700,0.0,0.0
2020-07-06,38.78,39.09,38.4,38.62,1025000,0.0,0.0
2020-07-02,38.82,39.34,38.42,38.5,1032100,0.0,0.0
2020-07-01,39.0,39.19,37.92,37.97,950000,0.0,0.0
2020-06-30,38.61,38.96,38.38,38.85,1176800,0.05,0.0
2020-06-29,38.62,38.93,38.39,38.69,872900,0.0,0.0
2020-06-26,38.29,38.41,37.62,38.22,1706000,0.0,0.0
2020-06-25,37.25,38.56,37.02,38.53,1137000,0.0,0.0
2020-06-24,38.56,38.74,37.55,37.55,1017500,0.0,0.0
2020-06-23,39.56,40.39,39.03,39.08,1410700,0.0,0.0
2020-06-22,37.89,38.9,37.44,38.8,1506600,0.0,0.0
2020-06-19,38.68,38.85,37.83,38.29,2001600,0.0,0.0
2020-06-18,38.08,38.57,37.87,37.94,765600,0.0,0.0
2020-06-17,38.64,39.25,38.32,38.5,1575100,0.0,0.0
2020-06-16,39.52,40.06,38.08,38.34,1539400,0.0,0.0
2020-06-15,35.34,37.93,34.97,37.65,1487900,0.0,0.0
2020-06-12,37.89,38.01,35.59,36.65,1332900,0.0,0.0
2020-06-11,37.86,38.21,36.33,36.39,1417900,0.0,0.0
2020-06-10,41.04,41.04,39.19,39.24,1714800,0.0,0.0
2020-06-09,41.94,41.99,41.02,41.08,962300,0.0,0.0
2020-06-08,42.3,43.04,42.23,42.84,1286200,0.0,0.0
2020-06-05,41.53,42.52,41.53,41.93,1957600,0.0,0.0
2020-06-04,39.65,40.57,39.31,40.57,1587800,0.0,0.0
2020-06-03,39.56,40.4,39.49,39.95,1881200,0.0,0.0
2020-06-02,37.94,39.29,37.88,39.17,2925700,0.0,0.0
2020-06-01,36.58,37.7,36.37,37.52,2369100,0.0,0.0
2020-05-29,35.77,36.73,35.49,36.53,1344000,0.0,0.0
2020-05-28,37.54,37.58,36.14,36.21,1146600,0.0,0.0
2020-05-27,36.76,37.28,36.11,36.87,1684200,0.0,0.0
2020-05-26,35.0,36.08,34.87,35.88,1142600,0.0,0.0
2020-05-22,33.45,33.91,33.45,33.88,1034100,0.0,0.0
2020-05-21,33.13,33.69,32.96,33.48,1400000,0.0,0.0
2020-05-20,33.25,33.6,32.95,33.17,1324000,0.0,0.0
2020-05-19,32.81,33.44,32.27,32.64,1195700,0.0,0.0
2020-05-18,32.38,33.3,32.06,33.03,1341200,0.0,0.0
2020-05-15,30.24,31.22,29.99,31.0,1192300,0.0,0.0
2020-05-14,29.38,30.62,28.4,30.57,1642500,0.0,0.0
2020-05-13,31.22,31.48,29.59,30.0,2306600,0.0,0.0
2020-05-12,32.73,33.14,31.48,31.56,1361700,0.0,0.0
2020-05-11,33.62,33.76,32.6,32.61,1533400,0.0,0.0
2020-05-08,33.29,34.12,33.26,33.99,1306500,0.0,0.0
2020-05-07,34.01,35.39,32.67,32.85,2025500,0.0,0.0
2020-05-06,34.7,34.97,33.5,33.54,1049600,0.0,0.0
2020-05-05,34.85,35.39,34.52,34.59,1096700,0.0,0.0
2020-05-04,34.12,34.37,33.48,34.35,969400,0.0,0.0
2020-05-01,35.34,35.68,34.16,34.59,953900,0.0,0.0
2020-04-30,35.72,36.13,35.21,35.96,2081600,0.0,0.0
2020-04-29,37.59,37.73,36.04,36.13,1839600,0.0,0.0
2020-04-28,35.55,36.79,35.48,36.72,1813400,0.0,0.0
2020-04-27,33.69,34.76,33.48,34.58,1780100,0.0,0.0
2020-04-24,33.31,33.75,32.98,33.61,1269300,0.0,0.0
2020-04-23,33.16,33.86,32.88,33.01,1401200,0.0,0.0
2020-04-22,32.93,33.05,32.24,32.73,748300,0.0,0.0
2020-04-21,33.08,33.64,32.06,32.09,1583100,0.0,0.0
2020-04-20,33.63,34.31,33.04,33.27,1831700,0.0,0.0
2020-04-17,33.04,34.59,32.98,34.53,2188400,0.0,0.0
2020-04-16,32.17,32.44,31.3,32.29,1727300,0.0,0.0
2020-04-15,32.2,32.68,31.77,32.19,1407600,0.0,0.0
2020-04-14,32.82,33.77,32.33,33.33,1485500,0.0,0.0
2020-04-13,33.07,33.08,31.73,31.97,1292100,0.0,0.0
2020-04-09,33.81,34.59,32.38,33.18,2087900,0.0,0.0
2020-04-08,32.69,33.8,32.3,33.43,1100300,0.0,0.0
2020-04-07,33.64,33.95,32.14,32.22,1373800,0.0,0.0
2020-04-06,31.33,32.95,31.33,32.77,1177500,0.0,0.0
2020-04-03,30.52,30.66,29.53,30.23,1428100,0.05,0.0
2020-04-02,30.37,31.81,29.93,30.43,1893700,0.0,0.0
2020-04-01,29.9,30.58,29.15,30.4,1676600,0.0,0.0
2020-03-31,30.05,31.86,29.65,31.33,1867100,0.0,0.0
2020-03-30,29.49,30.5,28.37,30.13,1217100,0.0,0.0
2020-03-27,29.79,30.13,28.79,29.47,1906700,0.0,0.0
2020-03-26,30.46,31.93,30.03,31.1,1978200,0.0,0.0
2020-03-25,27.26,30.98,26.99,30.03,2697600,0.0,0.0
2020-03-24,24.49,27.45,24.46,27.25,1803600,0.0,0.0
2020-03-23,24.76,25.59,23.47,23.5,2913100,0.0,0.0
2020-03-20,27.08,27.22,24.73,24.81,2708000,0.0,0.0
2020-03-19,26.7,28.77,26.08,26.64,1952800,0.0,0.0
2020-03-18,27.63,28.25,25.97,26.82,2774700,0.0,0.0
2020-03-17,29.28,30.8,28.64,29.49,2810900,0.0,0.0
2020-03-16,28.75,30.51,28.2,28.78,2383600,0.0,0.0
2020-03-13,30.69,32.04,29.5,32.04,2854300,0.0,0.0
2020-03-12,30.06,30.77,28.59,29.24,3349400,0.0,0.0
2020-03-11,32.65,32.84,31.39,32.13,2506300,0.0,0.0
2020-03-10,33.69,33.86,31.82,33.71,2691500,0.0,0.0
2020-03-09,34.85,34.97,32.74,32.8,2935200,0.0,0.0
2020-03-06,37.35,38.1,37.06,37.76,3797300,0.0,0.0
2020-03-05,38.89,39.27,38.42,38.63,2181200,0.0,0.0
2020-03-04,38.65,39.79,38.49,39.74,2349000,0.0,0.0
2020-03-03,38.42,39.37,37.54,38.08,2239000,0.0,0.0
2020-03-02,37.26,38.55,36.64,38.34,3123400,0.0,0.0
2020-02-28,38.11,38.93,36.93,37.65,3661100,0.0,0.0
2020-02-27,37.85,39.59,37.18,38.93,4043900,0.0,0.0
2020-02-26,37.7,38.02,36.42,36.62,1915500,0.0,0.0
2020-02-25,39.09,39.09,37.47,37.49,1754700,0.0,0.0
,Open,High,Low,Close,Volume,Dividends,Stock Splits
