,Close,High,Low,Open,Volume,Dividends,Stock Splits
2020-02-21,nan,nan,nan,nan,0,0.07,0.0
2020-02-24,15.16,15.55,15.13,15.37,7817500,0.0,0.0
2020-02-25,14.64,15.36,14.6,15.23,6678000,0.0,0.0
2020-02-26,14.37,15.0,14.37,14.73,6923500,0.0,0.0
2020-02-27,14.21,14.82,13.95,14.2,9707000,0.0,0.0
2020-02-28,13.91,14.18,13.61,13.87,16581500,0.0,0.0
2020-03-02,14.37,14.38,13.78,13.9,8299000,0.0,0.0
2020-03-03,14.63,14.89,14.27,14.31,11624000,0.0,0.0
2020-03-04,15.14,15.14,14.62,14.85,8056000,0.0,0.0
2020-03-05,14.71,15.07,14.53,14.86,5896000,0.0,0.0
2020-03-06,14.37,14.59,14.06,14.44,8805000,0.0,0.0
2020-03-09,12.7,13.61,12.18,13.59,20003000,0.0,0.0
2020-03-10,13.66,13.69,12.62,13.09,13034500,0.0,0.0
2020-03-11,13.09,13.37,12.88,13.11,12199500,0.0,0.0
2020-03-12,12.02,12.86,11.28,12.11,14646000,0.0,0.0
2020-03-13,11.97,12.75,11.17,12.56,11998500,0.0,0.0
2020-03-16,10.58,11.74,10.5,11.1,11226500,0.0,0.0
2020-03-17,11.09,11.16,10.04,10.79,17689000,0.0,0.0
2020-03-18,11.39,11.46,10.08,10.51,10950000,0.0,0.0
2020-03-19,12.0,12.61,11.23,11.28,11455000,0.0,0.0
2020-03-20,11.93,12.49,11.71,11.91,12236500,0.0,0.0
2020-03-23,12.26,12.55,11.75,12.0,10288500,0.0,0.0
2020-03-24,12.57,13.3,12.36,12.67,10060000,0.0,0.0
2020-03-25,12.09,13.0,11.91,12.58,8243000,0.0,0.0
2020-03-26,13.12,13.18,12.21,12.21,7648000,0.0,0.0
2020-03-27,13.06,13.47,12.95,13.04,7892000,0.0,0.0
2020-03-30,13.44,13.59,12.91,13.21,6174000,0.0,0.0
2020-03-31,13.28,13.64,13.21,13.32,8319500,0.0,0.0
2020-04-01,13.2,13.71,12.73,12.99,8763500,0.0,0.0
2020-04-02,13.22,13.62,12.92,13.04,7685000,0.0,0.0
2020-04-03,12.49,13.34,12.45,13.17,7358500,0.0,0.0
2020-04-06,13.82,13.88,12.89,12.98,12578500,0.0,0.0
2020-04-07,13.59,14.26,13.47,14.14,14674000,0.0,0.0
2020-04-08,14.25,14.33,13.39,13.69,12161000,0.0,0.0
2020-04-09,13.86,14.5,13.8,14.5,9934000,0.0,0.0
2020-04-13,14.09,14.12,13.58,13.85,7087500,0.0,0.0
2020-04-14,14.61,14.7,14.05,14.07,6805500,0.0,0.0
2020-04-15,14.26,14.45,13.87,13.95,6705500,0.0,0.0
2020-04-16,14.33,14.47,14.09,14.45,6777000,0.0,0.0
2020-04-17,14.57,14.77,14.2,14.63,6556000,0.0,0.0
2020-04-20,14.68,14.83,14.21,14.36,7909000,0.0,0.0
2020-04-21,14.63,14.84,14.36,14.37,7559500,0.0,0.0
2020-04-22,14.99,15.15,14.55,14.79,10274500,0.0,0.0
2020-04-23,14.94,15.28,14.63,14.99,11874500,0.0,0.0
2020-04-24,16.02,16.03,15.09,15.24,15867000,0.0,0.0
2020-04-27,16.2,16.5,15.93,16.21,10810000,0.0,0.0
2020-04-28,16.17,16.5,16.14,16.46,8876500,0.0,0.0
2020-04-29,15.89,16.35,15.86,16.18,8831500,0.0,0.0
2020-04-30,15.94,16.03,15.56,15.71,6966000,0.0,0.0
2020-05-01,16.04,16.1,15.64,15.66,5279500,0.0,0.0
2020-05-04,16.1,16.26,15.96,16.05,4447500,0.0,0.0
2020-05-05,16.51,16.57,16.24,16.29,9781000,0.0,0.0
2020-05-06,16.51,16.69,16.47,16.67,4983000,0.0,0.0
2020-05-07,16.52,16.88,16.49,16.66,5725000,0.0,0.0
2020-05-08,16.84,16.94,16.57,16.74,4665500,0.0,0.0
2020-05-11,17.14,17.25,16.7,16.84,6298000,0.0,0.0
2020-05-12,16.93,17.3,16.92,17.26,4962000,0.0,0.0
2020-05-13,16.73,17.04,16.49,16.87,7816000,0.0,0.0
2020-05-14,16.79,16.81,16.48,16.62,5780000,0.0,0.0
2020-05-15,17.55,17.59,16.77,16.83,16829500,0.0,0.0
2020-05-18,17.25,17.89,17.17,17.75,8730500,0.0,0.0
2020-05-19,17.14,17.53,16.86,17.16,7796500,0.0,0.0
2020-05-20,16.94,17.39,16.81,17.23,7782000,0.0,0.0
2020-05-21,17.12,17.19,16.91,17.02,5600500,0.0,0.0
2020-05-22,17.86,17.89,17.4,17.51,6918500,0.35,0.0
2020-05-26,17.76,18.1,17.71,18.07,7386000,0.0,0.0
2020-05-27,19.12,19.22,17.99,18.49,20580000,0.0,0.0
2020-05-28,19.0,19.44,18.88,19.27,11292500,0.0,0.0
2020-05-29,19.49,19.57,18.9,18.99,12767000,0.0,0.0
2020-06-01,19.59,19.87,19.49,19.49,7817500,0.0,0.0
2020-06-02,19.76,19.79,19.34,19.37,6455500,0.0,0.0
2020-06-03,19.62,19.8,19.35,19.8,7131500,0.0,0.0
2020-06-04,19.54,19.82,19.29,19.6,8005000,0.0,0.0
2020-06-05,19.5,19.83,19.3,19.8,7780500,0.0,0.0
2020-06-08,19.52,19.52,19.08,19.21,7087500,0.0,0.0
2020-06-09,19.55,19.65,19.36,19.48,4937500,0.0,0.0
2020-06-10,19.37,19.82,19.26,19.7,3960000,0.0,0.0
2020-06-11,19.04,19.69,18.94,19.2,7411000,0.0,0.0
2020-06-12,18.92,19.46,18.71,19.2,4685000,0.0,0.0
2020-06-15,19.4,19.49,18.54,18.63,6332000,0.0,0.0
2020-06-16,19.78,19.8,19.32,19.63,6058500,0.0,0.0
2020-06-17,19.93,20.11,19.8,19.91,6004500,0.0,0.0
2020-06-18,20.06,20.14,19.84,19.96,5730500,0.0,0.0
2020-06-19,20.39,20.5,19.78,20.37,12680000,0.0,0.0
2020-06-22,20.78,20.89,20.16,20.24,6168500,0.0,0.0
2020-06-23,20.64,21.06,20.6,20.79,8975500,0.0,0.0
2020-06-24,20.97,21.03,20.23,20.23,8523500,0.0,0.0
2020-06-25,20.89,20.99,20.54,20.99,4156000,0.0,0.0
2020-06-26,20.76,21.14,20.6,20.92,8234000,0.0,0.0
2020-06-29,21.02,21.19,20.67,20.76,5359000,0.0,0.0
2020-06-30,21.05,21.21,20.83,21.15,4895000,0.0,0.0
2020-07-01,21.19,21.31,20.87,21.11,4525500,0.0,0.0
2020-07-02,21.15,21.54,21.06,21.45,3605000,0.0,0.0
2020-07-06,21.36,21.48,21.23,21.44,2942000,0.0,0.0
2020-07-07,21.44,21.63,21.22,21.27,4117000,0.0,0.0
2020-07-08,21.66,21.67,21.23,21.42,3673000,0.0,0.0
2020-07-09,21.99,22.05,21.58,21.8,4882500,0.0,0.0
2020-07-10,22.11,22.14,21.72,21.99,3257000,0.0,0.0
2020-07-13,21.65,22.52,21.59,22.24,4289000,0.0,0.0
2020-07-14,22.3,22.32,21.49,21.65,4605500,0.0,0.0
2020-07-15,22.23,22.65,22.1,22.6,7059500,0.0,0.0
2020-07-16,22.7,22.77,22.21,22.21,7691000,0.0,0.0
2020-07-17,22.48,22.95,22.39,22.92,6628000,0.0,0.0
2020-07-20,23.11,23.26,22.54,22.68,6872500,0.0,0.0
2020-07-21,23.0,23.15,22.37,23.02,8844500,0.0,0.0
2020-07-22,23.31,23.38,23.0,23.07,8418000,0.0,0.0
2020-07-23,23.32,24.67,23.04,24.38,16538000,0.0,0.0
2020-07-24,23.4,23.43,22.66,22.89,8314000,0.0,0.0
2020-07-27,22.84,23.62,22.76,23.61,8091500,0.0,0.0
2020-07-28,22.85,23.08,22.65,22.8,6600500,0.0,0.0
2020-07-29,23.23,23.4,22.95,22.99,7480500,0.0,0.0
2020-07-30,22.9,23.17,22.8,23.0,4378500,0.0,0.0
2020-07-31,22.8,23.11,22.49,23.11,7330000,0.0,0.0
2020-08-03,23.54,23.67,22.9,22.96,9556500,0.0,0.0
2020-08-04,23.67,23.74,23.32,23.44,5471500,0.0,0.0
2020-08-05,23.51,23.77,23.24,23.7,5120500,0.0,0.0
2020-08-06,23.66,23.76,23.35,23.59,5181500,0.0,0.0
2020-08-07,23.65,23.94,23.58,23.61,4961500,0.0,0.0
2020-08-10,23.5,23.69,23.35,23.69,3676500,0.0,0.0
2020-08-11,23.17,23.68,22.96,23.64,5878500,0.0,0.0
2020-08-12,23.81,23.83,23.12,23.32,7740000,0.0,0.0
2020-08-13,23.75,23.97,23.6,23.73,4900500,0.0,0.0
2020-08-14,23.73,23.98,23.58,23.67,3799000,0.0,0.0
2020-08-17,24.53,24.54,23.76,23.79,5251000,0.0,0.0
2020-08-18,24.44,24.79,24.15,24.65,4457000,0.0,0.0
2020-08-19,24.58,24.64,24.34,24.44,4913500,0.0,0.0
2020-08-20,24.33,24.67,24.26,24.41,5620500,0.0,0.0
2020-08-21,24.8,25.11,24.6,24.7,7192500,0.4,0.0
2020-08-24,24.84,25.03,24.58,25.03,4852000,0.0,0.0
2020-08-25,24.8,24.92,24.6,24.89,7895500,0.0,0.0
2020-08-26,25.02,25.06,24.61,24.79,5556500,0.0,0.0
2020-08-27,24.44,25.17,24.19,25.03,6775500,0.0,0.0
2020-08-28,23.77,24.47,23.71,24.4,7209000,0.0,0.0
2020-08-31,24.08,24.14,23.52,23.79,11241000,0.0,0.0
2020-09-01,24.12,24.56,24.0,24.05,7040500,0.0,0.0
2020-09-02,24.21,24.38,23.8,24.17,5879500,0.0,0.0
2020-09-03,23.56,24.02,23.24,23.89,7688500,0.0,0.0
2020-09-04,22.99,23.71,22.77,23.56,6825500,0.0,0.0
2020-09-08,22.13,22.9,22.01,22.63,7970500,0.0,0.0
2020-09-09,22.91,22.99,22.38,22.42,5386000,0.0,0.0
2020-09-10,22.3,23.1,22.25,22.91,5645500,0.0,0.0
2020-09-11,22.27,22.67,22.19,22.41,4249500,0.0,0.0
2020-09-14,22.35,22.69,22.35,22.48,4750500,0.0,0.0
2020-09-15,22.8,22.89,22.44,22.47,5251000,0.0,0.0
2020-09-16,22.37,22.91,22.33,22.87,4592000,0.0,0.0
2020-09-17,22.36,22.53,22.01,22.09,4203500,0.0,0.0
2020-09-18,22.35,22.73,22.1,22.41,7675500,0.0,0.0
2020-09-21,22.26,22.57,22.1,22.25,5399000,0.0,0.0
2020-09-22,22.92,22.94,22.15,22.32,5319000,0.0,0.0
2020-09-23,22.64,23.23,22.54,22.93,5525000,0.0,0.0
2020-09-24,22.37,22.75,22.33,22.49,4141000,0.0,0.0
2020-09-25,22.53,22.59,22.12,22.39,8514000,0.0,0.0
2020-09-28,22.98,22.98,22.56,22.75,4824500,0.0,0.0
2020-09-29,22.81,23.13,22.79,22.96,4753000,0.0,0.0
2020-09-30,23.2,23.44,22.83,22.92,7758000,0.0,0.0
2020-10-01,22.99,23.43,22.9,23.26,6929500,0.0,0.0
2020-10-02,22.76,23.03,22.67,22.76,4626000,0.0,0.0
2020-10-05,23.37,23.39,22.85,22.9,4867500,0.0,0.0
2020-10-06,22.94,23.46,22.83,23.35,4955000,0.0,0.0
2020-10-07,23.59,23.85,23.01,23.01,6472500,0.0,0.0
2020-10-08,24.15,24.23,23.5,23.65,5124000,0.0,0.0
2020-10-09,24.26,24.63,24.06,24.29,4502500,0.0,0.0
2020-10-12,24.43,24.74,24.31,24.52,7032500,0.0,0.0
2020-10-13,24.75,24.82,24.34,24.34,5656500,0.0,0.0
2020-10-14,24.58,25.42,24.4,24.78,7354500,0.0,0.0
2020-10-15,24.61,24.89,24.35,24.42,5751500,0.0,0.0
2020-10-16,24.77,24.96,24.53,24.66,11402500,0.0,0.0
2020-10-19,24.43,25.08,24.38,24.96,6112500,0.0,0.0
2020-10-20,24.23,24.68,24.08,24.54,5797500,0.0,0.0
2020-10-21,24.13,24.47,24.04,24.3,6215000,0.0,0.0
2020-10-22,22.17,23.03,22.02,22.99,22062000,0.0,0.0
2020-10-23,22.63,22.7,22.05,22.28,9742000,0.0,0.0
2020-10-26,21.98,22.61,21.71,22.48,8191500,0.0,0.0
2020-10-27,21.71,22.27,21.7,22.11,6728000,0.0,0.0
2020-10-28,21.45,21.99,21.24,21.42,6403500,0.0,0.0
2020-10-29,21.53,21.71,21.19,21.45,6328000,0.0,0.0
2020-10-30,21.56,21.62,21.2,21.47,6968500,0.0,0.0
2020-11-02,21.59,21.98,21.29,21.78,6605500,0.0,0.0
2020-11-03,22.01,22.23,21.77,21.85,6252500,0.0,0.0
2020-11-04,21.98,22.4,21.9,22.26,7542500,0.0,0.0
2020-11-05,22.49,22.7,22.06,22.16,6350000,0.0,0.0
2020-11-06,22.73,22.79,22.2,22.48,4240000,0.0,0.0
2020-11-09,20.97,22.17,20.97,21.92,11130000,0.0,0.0
2020-11-10,21.01,21.09,20.68,20.75,9858500,0.0,0.0
2020-11-11,21.53,21.66,21.27,21.31,4771000,0.0,0.0
2020-11-12,21.17,21.62,20.88,21.51,5707000,0.0,0.0
2020-11-13,21.36,21.53,21.07,21.28,5013000,0.0,0.0
2020-11-16,21.49,21.54,21.2,21.36,9590500,0.0,0.0
2020-11-17,21.31,21.72,21.22,21.37,7297000,0.0,0.0
2020-11-18,20.78,21.45,20.73,21.36,7430500,0.0,0.0
2020-11-19,21.24,21.33,20.71,20.79,6240500,0.0,0.0
2020-11-20,21.31,21.59,21.1,21.37,6622500,0.4,0.0
2020-11-23,22.0,22.17,21.4,21.4,9566500,0.0,0.0
2020-11-24,22.02,22.31,21.87,22.21,8477000,0.0,0.0
2020-11-25,22.0,22.11,21.72,22.0,6155000,0.0,0.0
2020-11-27,22.9,22.94,22.08,22.18,5583000,0.0,0.0
2020-11-30,23.14,23.23,22.6,22.82,14473000,0.0,0.0
2020-12-01,22.95,23.6,22.79,23.15,6746500,0.0,0.0
2020-12-02,22.47,23.0,22.46,22.95,5030000,0.0,0.0
2020-12-03,22.15,22.54,21.96,22.39,5263000,0.0,0.0
2020-12-04,22.08,22.36,21.97,22.29,5266500,0.0,0.0
2020-12-07,22.55,22.64,22.04,22.13,7120000,0.0,0.0
2020-12-08,22.44,22.61,22.19,22.51,4918000,0.0,0.0
2020-12-09,22.28,22.58,22.04,22.35,4405000,0.0,0.0
2020-12-10,22.34,22.47,21.95,22.25,3751000,0.0,0.0
2020-12-11,22.79,22.85,22.21,22.23,5792500,0.0,0.0
2020-12-14,23.09,23.27,22.82,22.92,6661500,0.0,0.0
2020-12-15,23.19,23.48,23.03,23.18,5175500,0.0,0.0
2020-12-16,23.7,23.8,23.19,23.19,5558000,0.0,0.0
2020-12-17,23.91,24.02,23.63,23.79,9307000,0.0,0.0
2020-12-18,24.17,24.27,23.88,24.1,11590500,0.0,0.0
2020-12-21,24.43,24.54,23.62,23.87,5834000,0.0,0.0
2020-12-22,24.61,24.76,24.32,24.4,6495000,0.0,0.0
2020-12-23,24.14,24.7,23.99,24.62,4179500,0.0,0.0
2020-12-24,24.14,24.32,24.03,24.16,1845500,0.0,0.0
2020-12-28,23.55,24.34,23.54,24.31,3820000,0.0,0.0
2020-12-29,23.5,23.78,23.19,23.66,4144000,0.0,0.0
2020-12-30,23.46,23.78,23.29,23.57,3147000,0.0,0.0
2020-12-31,23.1,23.53,23.08,23.53,3568500,0.0,0.0
2021-01-04,22.96,23.28,22.7,23.15,6992000,0.0,0.0
2021-01-05,23.12,23.14,22.71,22.88,4284000,0.0,0.0
2021-01-06,23.97,23.98,22.8,22.9,5514500,0.0,0.0
2021-01-07,24.18,24.24,23.84,23.94,4596000,0.0,0.0
2021-01-08,24.54,24.56,23.95,24.18,5349500,0.0,0.0
2021-01-11,24.57,24.91,24.16,24.46,6538000,0.0,0.0
2021-01-12,24.94,24.99,24.48,24.51,5636000,0.0,0.0
2021-01-13,25.17,25.33,24.77,25.06,8150500,0.0,0.0
2021-01-14,25.71,25.81,25.21,25.23,7670500,0.0,0.0
2021-01-15,25.88,26.43,25.68,25.71,9250000,0.0,0.0
2021-01-19,25.87,26.18,25.75,26.05,6037500,0.0,0.0
2021-01-20,25.53,25.89,25.32,25.89,4742500,0.0,0.0
2021-01-21,25.5,25.96,25.46,25.54,3753500,0.0,0.0
2021-01-22,25.57,25.86,25.34,25.59,6198000,0.0,0.0
2021-01-25,25.66,26.05,25.55,25.67,5774500,0.0,0.0
2021-01-26,24.96,25.8,24.83,25.68,5293000,0.0,0.0
2021-01-27,25.26,25.54,24.08,24.94,10872500,0.0,0.0
2021-01-28,24.56,25.54,23.91,24.69,10578000,0.0,0.0
2021-01-29,23.29,24.8,23.27,24.7,10611000,0.0,0.0
2021-02-01,22.96,23.94,22.86,23.36,7154500,0.0,0.0
2021-02-02,23.53,23.76,22.99,23.01,7854000,0.0,0.0
2021-02-03,23.82,24.09,23.5,23.56,5264000,0.0,0.0
2021-02-04,24.03,24.11,23.73,23.91,5537500,0.0,0.0
2021-02-05,24.9,25.02,24.03,24.03,7356500,0.0,0.0
2021-02-08,25.84,25.9,25.21,25.27,8000000,0.0,0.0
2021-02-09,26.05,26.38,25.7,25.79,8233000,0.0,0.0
2021-02-10,25.71,26.27,25.37,26.26,6211500,0.0,0.0
2021-02-11,25.85,26.45,25.76,25.81,7678500,0.0,0.0
2021-02-12,26.28,26.34,25.9,25.9,4726500,0.0,0.0
2021-02-16,26.61,26.85,26.23,26.35,7054500,0.0,0.0
2021-02-17,27.98,28.29,26.77,26.77,10069500,0.0,0.0
2021-02-18,28.25,28.49,27.57,27.77,7798000,0.0,0.0
2021-02-19,28.24,28.64,27.97,28.41,6388000,0.1,0.0
2021-02-22,27.19,28.02,27.14,27.85,7079000,0.0,0.0
2021-02-23,27.23,27.38,26.07,26.94,6640500,0.0,0.0
2021-02-24,26.55,27.52,26.5,27.33,7354000,0.0,0.0
2021-02-25,26.57,27.09,26.42,26.73,6208500,0.0,0.0
2021-02-26,26.2,26.76,26.06,26.68,7891500,0.0,0.0
2021-03-01,26.79,27.01,26.36,26.42,5911500,0.0,0.0
2021-03-02,26.19,26.98,26.09,26.89,4903500,0.0,0.0
2021-03-03,25.56,26.63,25.55,26.28,7028500,0.0,0.0
2021-03-04,25.01,25.57,24.47,25.5,7115000,0.0,0.0
2021-03-05,25.68,25.71,24.52,25.21,4249500,0.0,0.0
2021-03-08,26.54,26.82,25.72,25.86,6827500,0.0,0.0
2021-03-09,26.47,27.19,26.45,27.1,6223500,0.0,0.0
2021-03-10,27.61,27.83,26.71,26.81,7903000,0.0,0.0
2021-03-11,28.06,28.62,27.74,27.8,6571000,0.0,0.0
2021-03-12,28.19,28.71,27.9,28.32,9424500,0.0,0.0
2021-03-15,28.19,28.31,27.98,28.21,4240000,0.0,0.0
2021-03-16,28.06,28.18,27.83,28.09,4540000,0.0,0.0
2021-03-17,27.76,27.98,27.21,27.98,5598500,0.0,0.0
2021-03-18,27.9,28.22,27.46,27.46,4176000,0.0,0.0
2021-03-19,28.51,28.69,27.79,27.99,10343500,0.0,0.0
2021-03-22,28.6,28.77,27.96,28.65,4269000,0.0,0.0
2021-03-23,28.46,29.15,28.28,28.61,8049500,0.0,0.0
2021-03-24,27.87,28.77,27.87,28.77,5522000,0.0,0.0
2021-03-25,28.42,28.58,27.63,27.93,4502000,0.0,0.0
2021-03-26,29.42,29.44,28.32,28.48,4789000,0.0,0.0
2021-03-29,28.96,29.43,28.85,29.33,3789000,0.0,0.0
2021-03-30,29.18,29.55,29.01,29.01,4637500,0.0,0.0
2021-03-31,29.19,29.5,28.91,29.36,5569000,0.0,0.0
2021-04-01,29.09,29.35,28.85,29.25,5196500,0.0,0.0
2021-04-05,29.73,29.81,29.13,29.33,4517500,0.0,0.0
2021-04-06,29.59,29.79,29.23,29.64,4489000,0.0,0.0
2021-04-07,29.19,29.71,29.0,29.63,4358000,0.0,0.0
2021-04-08,29.12,29.34,28.91,29.27,4649000,0.0,0.0
2021-04-09,29.29,29.32,28.92,29.13,4096000,0.0,0.0
2021-04-12,29.36,29.42,28.73,28.95,4970500,0.0,0.0
2021-04-13,29.5,29.61,29.17,29.46,4945000,0.0,0.0
2021-04-14,29.32,29.75,29.26,29.36,4347500,0.0,0.0
2021-04-15,29.17,29.48,29.11,29.37,4527500,0.0,0.0
2021-04-16,29.85,30.13,29.22,29.33,15987500,0.0,0.0
2021-04-19,30.18,30.41,29.69,30.39,6556500,0.0,0.0
2021-04-20,29.84,30.64,29.51,30.26,5943000,0.0,0.0
2021-04-21,29.7,30.13,29.56,29.86,7204500,0.0,0.0
2021-04-22,31.01,31.57,30.41,30.65,12499500,0.0,0.0
2021-04-23,31.22,31.37,30.56,30.83,4969000,0.0,0.0
2021-04-26,31.48,31.57,30.83,31.21,4724000,0.0,0.0
2021-04-27,31.4,31.79,31.12,31.6,4858000,0.0,0.0
2021-04-28,31.09,31.69,31.01,31.42,3479500,0.0,0.0
2021-04-29,31.4,31.47,30.89,31.29,3303500,0.0,0.0
2021-04-30,31.09,31.48,30.74,31.14,4416000,0.0,0.0
2021-05-03,31.79,31.9,31.17,31.48,4085500,0.0,0.0
2021-05-04,32.04,32.08,31.14,31.41,6459500,0.0,0.0
2021-05-05,32.08,32.24,31.65,32.02,4590500,0.0,0.0
2021-05-06,32.12,32.32,31.88,32.14,4388000,0.0,0.0
2021-05-07,32.22,32.33,31.95,32.24,3191000,0.0,0.0
2021-05-10,32.26,33.09,32.22,32.47,4273500,0.0,0.0
2021-05-11,31.53,32.16,31.07,32.08,6270500,0.0,0.0
2021-05-12,30.07,31.4,29.96,31.18,6335000,0.0,0.0
2021-05-13,30.75,30.82,30.12,30.12,5480000,0.0,0.0
2021-05-14,30.97,31.05,30.49,30.75,3644000,0.0,0.0
2021-05-17,30.72,31.17,30.57,31.06,3283000,0.0,0.0
2021-05-18,30.49,30.92,30.21,30.92,3897500,0.0,0.0
2021-05-19,29.76,30.12,29.1,30.1,7260000,0.0,0.0
2021-05-20,30.31,30.4,29.71,29.81,4890500,0.0,0.0
2021-05-21,30.65,30.97,30.57,30.6,7724000,0.52,0.0
2021-05-24,30.39,30.9,30.37,30.89,3956000,0.0,0.0
2021-05-25,30.16,30.63,30.11,30.4,4659500,0.0,0.0
2021-05-26,30.6,30.66,30.04,30.15,4582000,0.0,0.0
2021-05-27,30.56,30.97,30.49,30.73,5534000,0.0,0.0
2021-05-28,30.38,30.93,30.27,30.82,4046000,0.0,0.0
2021-06-01,30.41,30.58,30.02,30.52,4472500,0.0,0.0
2021-06-02,30.29,30.4,29.8,30.4,6365500,0.0,0.0
2021-06-03,29.75,30.18,29.38,30.17,6921500,0.0,0.0
2021-06-04,30.27,30.31,29.66,29.9,3752000,0.0,0.0
2021-06-07,30.3,30.51,30.02,30.28,3569500,0.0,0.0
2021-06-08,30.33,30.43,30.18,30.39,4772000,0.0,0.0
2021-06-09,30.27,30.59,30.16,30.48,3490000,0.0,0.0
2021-06-10,30.07,30.51,30.05,30.36,3750500,0.0,0.0
2021-06-11,30.8,30.82,30.07,30.16,3254500,0.0,0.0
2021-06-14,30.62,30.8,30.33,30.74,4483500,0.0,0.0
2021-06-15,30.04,30.58,29.55,30.56,3700000,0.0,0.0
2021-06-16,29.78,30.2,29.58,30.2,3936000,0.0,0.0
2021-06-17,29.23,29.87,28.84,29.79,7421000,0.0,0.0
2021-06-18,28.64,29.19,28.56,29.14,10922000,0.0,0.0
2021-06-21,29.32,29.54,28.72,28.88,5405500,0.0,0.0
2021-06-22,30.17,30.24,29.4,29.47,4613500,0.0,0.0
2021-06-23,30.01,30.17,29.84,30.02,3100000,0.0,0.0
2021-06-24,30.26,30.36,30.09,30.31,3107500,0.0,0.0
2021-06-25,30.14,30.41,30.03,30.28,3900500,0.0,0.0
2021-06-28,30.67,30.71,30.03,30.23,3856500,0.0,0.0
2021-06-29,31.27,31.48,30.68,30.68,5245500,0.0,0.0
2021-06-30,31.11,31.43,31.04,31.23,3252000,0.0,0.0
2021-07-01,31.41,31.65,31.35,31.62,3223500,0.0,0.0
2021-07-02,31.39,31.5,31.18,31.38,2353500,0.0,0.0
2021-07-06,31.17,31.51,30.76,31.41,4136500,0.0,0.0
2021-07-07,31.37,31.56,31.08,31.17,4205000,0.0,0.0
2021-07-08,31.13,31.26,30.64,31.08,4578500,0.0,0.0
2021-07-09,31.25,31.59,31.11,31.38,4206000,0.0,0.0
2021-07-12,31.23,31.33,30.84,31.19,4698500,0.0,0.0
2021-07-13,31.21,31.51,31.04,31.22,4147000,0.0,0.0
2021-07-14,31.3,31.48,31.11,31.37,5028000,0.0,0.0
2021-07-15,31.6,32.23,31.18,31.27,7811000,0.0,0.0
2021-07-16,31.6,32.05,31.54,31.63,5935000,0.0,0.0
2021-07-19,30.25,30.53,28.59,30.03,16459000,0.0,0.0
2021-07-20,30.7,30.84,29.76,30.42,7770500,0.0,0.0
2021-07-21,30.29,30.71,30.06,30.52,5146000,0.0,0.0
2021-07-22,30.5,30.71,30.3,30.31,3639500,0.0,0.0
2021-07-23,31.38,31.41,30.55,30.59,2989000,0.0,0.0
2021-07-26,31.45,31.59,31.12,31.36,3879000,0.0,0.0
2021-07-27,30.82,31.43,30.52,31.23,4598500,0.0,0.0
2021-07-28,30.68,30.99,30.58,30.88,2943500,0.0,0.0
2021-07-29,30.26,30.71,30.15,30.69,6152500,0.0,0.0
2021-07-30,30.25,30.61,29.97,30.13,6390000,0.0,0.0
2021-08-02,30.23,30.52,30.13,30.37,5293000,0.0,0.0
2021-08-03,31.2,31.57,30.38,30.53,5397000,0.0,0.0
2021-08-04,31.0,31.13,30.78,30.99,3966500,0.0,0.0
2021-08-05,31.45,31.5,31.05,31.11,3879500,0.0,0.0
2021-08-06,31.31,31.7,31.11,31.5,2676000,0.0,0.0
2021-08-09,31.36,31.49,31.14,31.25,2846000,0.0,0.0
2021-08-10,31.88,32.0,31.3,31.35,2911000,0.0,0.0
2021-08-11,32.47,32.61,31.86,31.87,3922000,0.0,0.0
2021-08-12,32.36,32.68,32.23,32.46,2690000,0.0,0.0
2021-08-13,32.42,32.59,32.27,32.52,2024500,0.0,0.0
2021-08-16,32.9,32.91,32.19,32.26,2411000,0.0,0.0
2021-08-17,31.92,32.52,31.74,32.51,2446000,0.0,0.0
2021-08-18,32.27,32.73,31.98,31.98,2732500,0.0,0.0
2021-08-19,32.59,32.78,31.94,31.98,2790500,0.0,0.0
2021-08-20,33.57,33.75,32.88,33.05,2915500,0.52,0.0
2021-08-23,33.05,33.72,33.01,33.65,4713000,0.0,0.0
2021-08-24,32.8,33.26,32.71,33.12,3283000,0.0,0.0
2021-08-25,32.91,33.0,32.62,32.82,3422000,0.0,0.0
2021-08-26,32.15,32.97,31.95,32.97,4168500,0.0,0.0
2021-08-27,32.6,32.62,31.88,32.14,2950000,0.0,0.0
2021-08-30,32.81,33.12,32.66,32.75,2380000,0.0,0.0
2021-08-31,32.92,33.24,32.54,32.9,4383000,0.0,0.0
2021-09-01,33.14,33.25,32.29,32.88,3115500,0.0,0.0
2021-09-02,33.15,33.41,33.08,33.34,2886000,0.0,0.0
2021-09-03,33.69,33.71,32.96,33.09,2325500,0.0,0.0
2021-09-07,33.55,33.88,33.39,33.67,3987500,0.0,0.0
2021-09-08,33.79,33.85,33.43,33.6,4012000,0.0,0.0
2021-09-09,34.18,34.29,33.64,33.89,4080500,0.0,0.0
2021-09-10,34.71,35.17,34.23,34.38,5247500,0.0,0.0
2021-09-13,34.24,34.95,33.96,34.8,7475500,0.0,0.0
2021-09-14,34.78,34.89,34.25,34.39,3849000,0.0,0.0
2021-09-15,34.75,34.86,34.43,34.76,4522500,0.0,0.0
2021-09-16,35.49,35.61,34.64,34.74,3780500,0.0,0.0
2021-09-17,35.11,35.46,34.91,35.3,5973500,0.0,0.0
2021-09-20,34.84,34.95,34.44,34.69,4740000,0.0,0.0
2021-09-21,35.08,35.25,34.66,35.1,2492500,0.0,0.0
2021-09-22,35.9,35.95,35.02,35.31,3390500,0.0,0.0
2021-09-23,35.61,36.21,35.46,36.13,3604500,0.0,0.0
2021-09-24,35.71,35.75,35.27,35.61,2059500,0.0,0.0
2021-09-27,35.64,36.06,35.3,35.71,4461500,0.0,0.0
2021-09-28,35.08,35.56,34.95,35.56,3969000,0.0,0.0
2021-09-29,35.27,35.57,35.1,35.36,3263500,0.0,0.0
2021-09-30,34.33,35.18,34.2,35.07,4296000,0.0,0.0
2021-10-01,34.12,34.58,33.78,34.58,4615500,0.0,0.0
2021-10-04,33.21,33.79,32.69,33.4,6981500,0.0,0.0
2021-10-05,33.48,33.65,33.2,33.22,3700500,0.0,0.0
2021-10-06,33.32,33.51,33.07,33.25,4019500,0.0,0.0
2021-10-07,33.55,33.92,33.26,33.28,4854500,0.0,0.0
2021-10-08,33.0,33.79,32.96,33.64,3380500,0.0,0.0
2021-10-11,32.8,33.35,32.78,33.09,3910000,0.0,0.0
2021-10-12,32.75,33.09,32.6,32.82,2667000,0.0,0.0
2021-10-13,33.03,33.19,32.73,32.93,2962500,0.0,0.0
2021-10-14,33.43,33.72,33.16,33.33,2835500,0.0,0.0
2021-10-15,33.43,33.95,33.4,33.79,3399500,0.0,0.0
2021-10-18,34.65,34.78,33.3,33.37,5992500,0.0,0.0
2021-10-19,34.49,34.89,34.42,34.8,3056500,0.0,0.0
2021-10-20,34.28,34.8,34.23,34.49,3985500,0.0,0.0
2021-10-21,35.66,36.08,35.09,35.84,7499000,0.0,0.0
2021-10-22,35.28,36.31,35.27,36.01,3910000,0.0,0.0
2021-10-25,35.76,36.21,35.37,35.47,3816000,0.0,0.0
2021-10-26,35.05,35.95,35.04,35.89,4007500,0.0,0.0
2021-10-27,35.06,35.36,34.89,35.16,3074000,0.0,0.0
2021-10-28,35.6,35.77,35.06,35.1,3462000,0.0,0.0
2021-10-29,36.8,36.9,35.53,35.53,5402500,0.0,0.0
2021-11-01,36.24,37.07,36.14,37.01,3221000,0.0,0.0
2021-11-02,36.54,36.69,36.33,36.33,2770500,0.0,0.0
2021-11-03,36.56,36.8,36.15,36.58,2952000,0.0,0.0
2021-11-04,36.95,37.21,36.49,36.66,2628000,0.0,0.0
2021-11-05,37.29,37.36,36.77,37.15,3937500,0.0,0.0
2021-11-08,37.52,37.56,36.92,37.4,4225000,0.0,0.0
2021-11-09,37.43,38.1,37.21,37.53,2977000,0.0,0.0
2021-11-10,36.82,37.43,36.64,37.18,2363000,0.0,0.0
2021-11-11,37.05,37.18,36.74,36.95,2315500,0.0,0.0
2021-11-12,37.48,37.54,36.99,37.13,2460000,0.0,0.0
2021-11-15,37.77,37.89,37.48,37.69,2556500,0.0,0.0
2021-11-16,38.82,39.02,37.89,38.14,5237500,0.0,0.0
2021-11-17,38.35,39.12,38.11,38.89,3648000,0.0,0.0
2021-11-18,38.85,38.89,38.29,38.84,3191000,0.0,0.0
2021-11-19,39.16,39.38,38.72,38.83,4706500,0.1,0.0
2021-11-22,38.89,39.48,38.81,39.41,2892500,0.0,0.0
2021-11-23,38.27,38.96,37.7,38.94,3449000,0.0,0.0
2021-11-24,38.36,38.4,37.71,37.93,2136500,0.0,0.0
2021-11-26,38.79,39.13,37.93,37.93,2963000,0.0,0.0
2021-11-29,38.5,39.15,38.42,38.87,2955000,0.0,0.0
2021-11-30,38.27,39.45,37.94,38.5,7771000,0.0,0.0
2021-12-01,38.03,38.9,38.03,38.4,3735500,0.0,0.0
2021-12-02,38.67,39.01,37.98,38.1,3730000,0.0,0.0
2021-12-03,38.72,39.22,38.4,38.94,3514500,0.0,0.0
2021-12-06,38.63,39.13,38.35,38.91,2800500,0.0,0.0
2021-12-07,39.63,39.9,38.84,38.98,2757500,0.0,0.0
2021-12-08,39.95,39.98,39.36,39.67,2879500,0.0,0.0
2021-12-09,39.11,39.91,39.09,39.89,2546000,0.0,0.0
2021-12-10,39.8,39.82,39.12,39.27,2178500,0.0,0.0
2021-12-13,39.6,40.4,39.0,40.4,3121000,0.0,0.0
2021-12-14,39.78,39.91,39.22,39.56,4421500,0.0,0.0
2021-12-15,40.25,40.36,39.25,39.51,3775000,0.0,0.0
2021-12-16,39.59,40.47,39.37,40.25,3014500,0.0,0.0
2021-12-17,38.5,39.63,38.09,39.51,6127000,0.0,0.0
2021-12-20,37.76,37.99,36.95,37.8,5556500,0.0,0.0
2021-12-21,37.88,38.21,37.2,37.82,3706500,0.0,0.0
2021-12-22,38.61,38.62,37.87,37.98,2297000,0.0,0.0
2021-12-23,38.77,39.01,38.65,38.73,1653500,0.0,0.0
2021-12-27,39.32,39.35,38.86,39.02,1907500,0.0,0.0
2021-12-28,39.26,39.59,39.15,39.52,1717000,0.0,0.0
2021-12-29,40.21,40.5,39.33,39.37,2625000,0.0,0.0
2021-12-30,40.21,40.66,40.12,40.56,1809000,0.0,0.0
2021-12-31,40.53,40.69,39.95,40.19,1537500,0.0,0.0
2022-01-03,40.04,40.74,39.77,40.48,2607000,0.0,0.0
2022-01-04,40.14,40.69,39.87,40.06,3091500,0.0,0.0
2022-01-05,39.02,40.41,38.97,40.19,3901000,0.0,0.0
2022-01-06,39.29,39.55,38.73,38.93,3865500,0.0,0.0
2022-01-07,38.79,39.33,38.26,39.21,4260000,0.0,0.0
2022-01-10,38.62,38.63,37.47,38.28,4900000,0.0,0.0
2022-01-11,38.35,38.72,37.64,38.65,5050000,0.0,0.0
2022-01-12,38.88,39.2,38.39,38.46,2852500,0.0,0.0
2022-01-13,39.2,39.8,39.06,39.34,2729500,0.0,0.0
2022-01-14,37.7,39.21,37.64,39.05,4339000,0.0,0.0
2022-01-18,37.61,37.72,36.6,37.24,4760500,0.0,0.0
2022-01-19,37.48,38.23,37.45,37.83,3853500,0.0,0.0
2022-01-20,35.65,38.17,35.58,37.86,6664500,0.0,0.0
2022-01-21,35.52,36.18,35.21,35.71,6084500,0.0,0.0
2022-01-24,36.89,36.93,34.78,34.95,6947500,0.0,0.0
2022-01-25,36.07,36.63,35.33,36.35,4953000,0.0,0.0
2022-01-26,35.18,36.36,34.8,36.36,5485000,0.0,0.0
2022-01-27,35.54,37.27,35.25,37.27,8820000,0.0,0.0
2022-01-28,36.49,36.51,35.18,36.07,5930500,0.0,0.0
2022-01-31,37.08,37.12,36.01,36.47,5438000,0.0,0.0
2022-02-01,37.42,37.84,36.98,37.11,4452000,0.0,0.0
2022-02-02,37.52,38.11,37.32,37.52,5040000,0.0,0.0
2022-02-03,37.27,37.96,37.01,37.27,3348000,0.0,0.0
2022-02-04,36.85,37.27,36.43,37.26,3280500,0.0,0.0
2022-02-07,36.96,37.32,36.65,36.97,5088500,0.0,0.0
2022-02-08,37.7,37.85,37.02,37.02,5062000,0.0,0.0
2022-02-09,38.12,38.44,37.85,38.05,3634000,0.0,0.0
2022-02-10,37.47,38.3,37.32,37.62,4194500,0.0,0.0
2022-02-11,37.27,37.66,37.06,37.38,3640500,0.0,0.0
2022-02-14,37.01,37.53,36.44,37.37,3557000,0.0,0.0
2022-02-15,37.28,37.72,37.09,37.28,3685500,0.0,0.0
2022-02-16,36.53,37.36,36.12,37.09,4790500,0.0,0.0
2022-02-17,37.05,37.27,36.66,37.0,4524500,0.92,0.0
2022-02-18,37.17,37.46,36.86,37.04,5286000,0.0,0.0
2022-02-22,34.77,37.06,34.69,36.99,8873000,0.0,0.0
2022-02-23,33.29,35.09,33.18,35.04,7486500,0.0,0.0
2022-02-24,33.91,34.06,32.4,32.45,8986500,0.0,0.0
2022-02-25,34.83,34.86,33.75,33.93,4210000,0.0,0.0
2022-02-28,35.37,35.46,34.39,34.47,6712500,0.0,0.0
2022-03-01,35.61,35.99,35.34,35.37,5781500,0.0,0.0
2022-03-02,36.05,36.13,35.26,35.7,4496000,0.0,0.0
2022-03-03,37.26,37.52,36.12,36.25,5501500,0.0,0.0
2022-03-04,38.52,38.62,37.01,37.32,7569000,0.0,0.0
2022-03-07,39.48,41.07,38.45,38.45,12116500,0.0,0.0
2022-03-08,38.06,40.62,37.9,39.29,9077000,0.0,0.0
2022-03-09,39.03,39.44,37.92,38.45,4911500,0.0,0.0
2022-03-10,39.74,39.8,38.29,38.65,5040000,0.0,0.0
2022-03-11,39.32,40.2,39.19,39.92,4563000,0.0,0.0
2022-03-14,38.94,40.12,38.84,39.45,4704500,0.0,0.0
2022-03-15,39.55,39.59,38.44,39.19,3702000,0.0,0.0
2022-03-16,39.42,40.09,38.51,39.83,4004500,0.0,0.0
2022-03-17,40.37,40.41,39.16,39.33,3666500,0.0,0.0
2022-03-18,40.53,40.87,39.86,40.87,6582000,0.0,0.0
2022-03-21,40.2,40.88,39.84,40.5,2740500,0.0,0.0
2022-03-22,40.23,40.39,39.73,40.3,2537000,0.0,0.0
2022-03-23,40.29,40.58,39.94,40.28,4274000,0.0,0.0
2022-03-24,40.5,40.74,40.27,40.48,3087500,0.0,0.0
2022-03-25,40.3,40.91,39.81,40.79,3246500,0.0,0.0
2022-03-28,40.31,40.39,39.78,40.19,2982000,0.0,0.0
2022-03-29,40.5,40.71,39.97,40.52,3751500,0.0,0.0
2022-03-30,40.41,40.44,39.84,40.11,3008500,0.0,0.0
2022-03-31,40.5,41.92,40.34,40.56,11183500,0.0,0.0
2022-04-01,39.35,40.7,39.28,40.56,5619500,0.0,0.0
2022-04-04,39.52,39.54,38.99,39.4,5087500,0.0,0.0
2022-04-05,38.96,40.41,38.68,39.47,5630000,0.0,0.0
2022-04-06,39.04,39.18,38.12,38.7,5630000,0.0,0.0
2022-04-07,40.09,40.5,38.79,38.83,6446500,0.0,0.0
2022-04-08,41.03,41.35,40.0,40.0,4257500,0.0,0.0
2022-04-11,40.81,41.25,40.41,40.69,3781500,0.0,0.0
2022-04-12,41.08,41.9,40.76,41.17,4087000,0.0,0.0
2022-04-13,41.2,41.61,40.88,41.15,3866500,0.0,0.0
2022-04-14,39.61,41.46,39.58,41.06,5547500,0.0,0.0
2022-04-18,37.75,39.51,37.26,39.36,10973500,0.0,0.0
2022-04-19,38.47,38.56,37.72,37.76,6059000,0.0,0.0
2022-04-20,38.37,38.73,38.06,38.58,6136000,0.0,0.0
2022-04-21,38.04,38.36,37.49,37.97,11416500,0.0,0.0
2022-04-22,35.87,37.66,35.84,37.56,10722000,0.0,0.0
2022-04-25,36.44,36.53,35.36,35.58,9169000,0.0,0.0
2022-04-26,35.73,36.62,35.71,36.4,5022000,0.0,0.0
2022-04-27,35.63,36.2,35.4,35.69,4620500,0.0,0.0
2022-04-28,36.18,36.59,35.2,35.98,5054000,0.0,0.0
2022-04-29,34.96,36.25,34.87,35.87,6668500,0.0,0.0
2022-05-02,35.81,35.99,34.96,35.08,6254500,0.0,0.0
2022-05-03,35.7,36.0,35.4,35.78,5607500,0.0,0.0
2022-05-04,36.9,36.98,35.62,35.75,5343000,0.0,0.0
2022-05-05,35.44,36.98,35.04,36.81,5163500,0.0,0.0
2022-05-06,35.16,35.54,34.57,35.11,5862000,0.0,0.0
2022-05-09,34.41,35.15,34.24,34.78,6848000,0.0,0.0
2022-05-10,34.38,34.81,33.51,34.74,6082000,0.0,0.0
2022-05-11,33.25,34.64,33.19,34.25,5122000,0.0,0.0
2022-05-12,34.11,34.23,33.06,33.06,4478000,0.0,0.0
2022-05-13,35.03,35.05,34.39,34.5,3870500,0.0,0.0
2022-05-16,35.69,35.98,34.52,35.17,4354500,0.0,0.0
2022-05-17,36.03,36.18,35.04,35.79,5393000,0.0,0.0
2022-05-18,31.52,33.89,30.44,33.83,15573000,0.0,0.0
2022-05-19,31.89,32.59,30.86,31.17,8029000,0.0,0.0
2022-05-20,31.23,32.09,30.1,32.05,9839000,0.0,0.0
2022-05-23,30.69,31.23,30.2,31.18,6809500,0.0,0.0
2022-05-24,29.75,30.37,29.29,30.27,11563000,0.18,0.0
2022-05-25,30.84,31.16,29.05,29.56,9069500,0.0,0.0
2022-05-26,32.43,32.54,31.62,31.7,7850500,0.0,0.0
2022-05-27,33.57,33.57,32.72,32.72,5814000,0.0,0.0
2022-05-31,32.69,33.46,32.55,33.32,8437500,0.0,0.0
2022-06-01,33.26,33.83,32.9,32.98,7827000,0.0,0.0
2022-06-02,34.07,34.09,33.17,33.35,3836500,0.0,0.0
2022-06-03,33.92,34.32,33.67,33.88,5659500,0.0,0.0
2022-06-06,34.73,34.77,33.78,34.16,3985500,0.0,0.0
2022-06-07,35.09,35.2,33.92,34.37,5540000,0.0,0.0
2022-06-08,34.61,35.29,34.44,34.93,4180000,0.0,0.0
2022-06-09,35.18,35.71,34.23,34.33,5709500,0.0,0.0
2022-06-10,34.07,34.91,33.96,34.79,4886000,0.0,0.0
2022-06-13,33.5,33.9,32.9,33.15,6216500,0.0,0.0
2022-06-14,33.53,34.44,33.31,34.23,6606500,0.0,0.0
2022-06-15,34.22,34.71,33.5,33.5,5211000,0.0,0.0
2022-06-16,33.26,33.77,33.03,33.68,6422000,0.0,0.0
2022-06-17,32.93,33.57,32.48,33.13,9851500,0.0,0.0
2022-06-21,34.09,34.32,33.08,33.39,6072500,0.0,0.0
2022-06-22,33.5,34.11,33.37,33.64,3975500,0.0,0.0
2022-06-23,34.68,34.7,33.54,33.74,4469000,0.0,0.0
2022-06-24,35.41,35.51,34.79,34.83,5845500,0.0,0.0
2022-06-27,35.33,35.81,35.19,35.56,3918000,0.0,0.0
2022-06-28,34.06,35.83,34.01,35.39,4441000,0.0,0.0
2022-06-29,34.12,34.35,33.7,34.24,3597000,0.0,0.0
2022-06-30,33.82,34.19,33.5,33.94,4696000,0.0,0.0
2022-07-01,34.25,34.4,33.58,33.92,4466500,0.0,0.0
2022-07-05,34.55,34.67,33.64,34.17,5804500,0.0,0.0
2022-07-06,34.47,34.79,33.95,34.71,5444500,0.0,0.0
2022-07-07,35.49,35.59,34.47,34.47,4534500,0.0,0.0
2022-07-08,35.58,35.71,35.21,35.49,3452000,0.0,0.0
2022-07-11,35.49,35.88,35.23,35.52,4402000,0.0,0.0
2022-07-12,34.29,35.77,34.17,35.6,7274000,0.0,0.0
2022-07-13,34.46,34.71,33.76,33.88,6110000,0.0,0.0
2022-07-14,35.2,35.27,34.22,34.47,7144500,0.0,0.0
2022-07-15,35.45,35.64,35.2,35.4,4884500,0.0,0.0
2022-07-18,35.5,35.97,35.35,35.64,6224000,0.0,0.0
2022-07-19,35.88,36.13,35.51,35.94,5282500,0.0,0.0
2022-07-20,36.17,36.35,35.47,35.96,8470000,0.0,0.0
2022-07-21,34.62,34.9,33.5,34.62,12414500,0.0,0.0
2022-07-22,34.0,35.02,33.67,34.72,7614000,0.0,0.0
2022-07-25,33.82,34.36,33.44,34.36,5924500,0.0,0.0
2022-07-26,32.04,33.28,31.84,33.03,9053000,0.0,0.0
2022-07-27,32.61,32.91,31.83,32.26,6781500,0.0,0.0
2022-07-28,33.29,33.56,32.43,32.85,6004000,0.0,0.0
2022-07-29,33.41,33.55,32.85,33.14,5993000,0.0,0.0
2022-08-01,33.83,34.14,33.22,33.33,5928000,0.0,0.0
2022-08-02,32.87,33.82,32.86,33.67,6081500,0.0,0.0
2022-08-03,33.31,33.55,32.94,32.94,5078000,0.0,0.0
2022-08-04,32.77,33.44,32.69,33.34,5111000,0.0,0.0
2022-08-05,33.04,33.09,32.37,32.45,4500000,0.0,0.0
2022-08-08,33.49,33.97,33.2,33.31,5505000,0.0,0.0
2022-08-09,33.27,33.62,32.91,33.62,5065000,0.0,0.0
2022-08-10,33.55,34.23,33.47,33.68,5721500,0.0,0.0
2022-08-11,34.0,34.07,33.58,33.65,4868000,0.0,0.0
2022-08-12,34.36,34.37,33.89,34.29,3561000,0.0,0.0
2022-08-15,34.58,34.81,34.2,34.44,5811500,0.0,0.0
2022-08-16,35.72,36.06,34.64,34.64,6072000,0.0,0.0
2022-08-17,35.75,35.86,35.31,35.59,4852500,0.0,0.0
2022-08-18,35.8,36.09,35.6,35.77,4426500,0.0,0.0
2022-08-19,36.28,36.41,35.84,36.35,4595000,0.92,0.0
2022-08-22,35.86,36.23,35.76,36.06,5165500,0.0,0.0
2022-08-23,35.7,36.09,35.5,35.9,4765500,0.0,0.0
2022-08-24,35.51,35.98,35.43,35.69,3745000,0.0,0.0
2022-08-25,35.75,35.77,35.23,35.49,3962000,0.0,0.0
2022-08-26,34.1,35.9,34.1,35.81,4181000,0.0,0.0
2022-08-29,33.93,34.49,33.47,33.8,4553000,0.0,0.0
2022-08-30,33.57,34.26,33.3,34.06,3703500,0.0,0.0
2022-08-31,33.04,33.71,33.04,33.58,6125500,0.0,0.0
2022-09-01,33.58,33.6,32.65,32.81,5301000,0.0,0.0
2022-09-02,33.48,34.14,33.22,34.02,3850500,0.0,0.0
2022-09-06,33.56,34.1,33.07,33.61,5701000,0.0,0.0
2022-09-07,35.03,35.14,33.77,33.77,6287000,0.0,0.0
2022-09-08,35.66,35.7,34.57,34.74,5521500,0.0,0.0
2022-09-09,35.86,36.05,35.52,35.6,5500500,0.0,0.0
2022-09-12,36.17,36.66,35.81,36.14,6920000,0.0,0.0
2022-09-13,34.55,35.73,34.49,35.7,6181500,0.0,0.0
2022-09-14,33.73,34.92,33.48,34.71,7150500,0.0,0.0
2022-09-15,33.54,34.05,33.2,33.73,5329500,0.0,0.0
2022-09-16,33.91,34.24,33.07,33.34,7948000,0.0,0.0
2022-09-19,34.44,34.48,33.66,33.71,5769000,0.0,0.0
2022-09-20,33.98,34.19,33.53,34.1,6517500,0.0,0.0
2022-09-21,33.9,34.67,33.88,34.36,5408000,0.0,0.0
2022-09-22,33.62,33.8,33.25,33.78,7321000,0.0,0.0
2022-09-23,33.12,33.6,32.67,33.33,5321500,0.0,0.0
2022-09-26,33.21,33.66,33.0,33.13,4794500,0.0,0.0
2022-09-27,33.65,34.06,33.29,33.59,7681000,0.0,0.0
2022-09-28,34.31,34.4,33.52,33.86,6642000,0.0,0.0
2022-09-29,33.46,34.27,33.27,34.17,5174000,0.0,0.0
2022-09-30,33.17,33.48,32.37,33.2,6085500,0.0,0.0
2022-10-03,34.64,34.97,33.26,33.37,6747000,0.0,0.0
2022-10-04,35.32,35.51,34.94,34.95,6723000,0.0,0.0
2022-10-05,35.98,36.3,34.93,35.03,6050000,0.0,0.0
2022-10-06,35.71,36.32,35.55,36.14,5381000,0.0,0.0
2022-10-07,34.73,35.48,34.6,35.42,4893000,0.0,0.0
2022-10-10,34.91,35.1,34.25,34.81,3545500,0.0,0.0
2022-10-11,35.83,36.14,34.91,34.91,5757500,0.0,0.0
2022-10-12,36.34,36.53,35.6,35.87,8294000,0.0,0.0
2022-10-13,36.21,36.51,34.79,35.68,8364500,0.0,0.0
2022-10-14,35.46,36.59,35.39,36.59,5363500,0.0,0.0
2022-10-17,36.0,36.33,35.65,36.03,5811500,0.0,0.0
2022-10-18,36.2,36.81,35.92,36.59,7405500,0.0,0.0
2022-10-19,35.04,36.46,34.83,36.31,7037000,0.0,0.0
2022-10-20,33.82,35.52,33.42,35.41,12535500,0.0,0.0
2022-10-21,35.22,35.6,33.47,33.56,8804500,0.0,0.0
2022-10-24,37.09,37.52,35.58,35.58,9963500,0.0,0.0
2022-10-25,38.24,38.31,37.05,37.1,7551000,0.0,0.0
2022-10-26,38.54,39.34,38.0,38.44,5583000,0.0,0.0
2022-10-27,38.47,38.93,38.12,38.76,6148500,0.0,0.0
2022-10-28,39.82,39.99,38.49,38.49,4948000,0.0,0.0
2022-10-31,39.22,39.74,38.81,39.46,7798500,0.0,0.0
2022-11-01,39.36,39.79,38.89,39.48,5081500,0.0,0.0
2022-11-02,37.73,39.19,37.72,39.01,5452500,0.0,0.0
2022-11-03,37.71,38.19,37.3,37.51,6210000,0.0,0.0
2022-11-04,36.86,38.05,36.15,38.02,9345500,0.0,0.0
2022-11-07,37.3,37.55,35.86,36.73,9166000,0.0,0.0
2022-11-08,36.97,38.01,36.6,37.49,6190000,0.0,0.0
2022-11-09,36.3,37.14,36.2,36.74,5421000,0.0,0.0
2022-11-10,37.58,38.47,37.15,37.67,6268000,0.0,0.0
2022-11-11,37.31,38.27,37.03,38.04,6381500,0.0,0.0
2022-11-14,37.97,38.78,37.35,37.5,7998000,0.0,0.0
2022-11-15,38.59,38.81,37.82,38.56,5895500,0.0,0.0
2022-11-16,39.1,39.36,37.4,37.99,10372000,0.0,0.0
2022-11-17,38.35,38.9,37.68,38.61,5086000,0.0,0.0
2022-11-18,40.1,40.2,39.32,39.68,6028500,0.92,0.0
2022-11-21,40.2,40.4,39.43,39.46,4851500,0.0,0.0
2022-11-22,40.77,40.88,40.28,40.55,3444500,0.0,0.0
2022-11-23,41.17,41.47,40.74,40.89,4162000,0.0,0.0
2022-11-25,40.86,41.6,40.72,41.48,2081500,0.0,0.0
2022-11-28,40.47,41.12,40.43,40.82,5019500,0.0,0.0
2022-11-29,39.94,40.45,39.83,40.37,3994000,0.0,0.0
2022-11-30,41.27,41.42,39.79,39.99,10044500,0.0,0.0
2022-12-01,40.97,41.91,40.71,41.63,5039500,0.0,0.0
2022-12-02,41.02,41.19,40.26,40.79,3594500,0.0,0.0
2022-12-05,40.3,40.74,40.08,40.46,4737500,0.0,0.0
2022-12-06,39.6,40.4,39.14,40.23,4408500,0.0,0.0
2022-12-07,39.64,40.39,39.45,39.51,3118000,0.0,0.0
2022-12-08,40.03,40.15,39.4,39.58,3661500,0.0,0.0
2022-12-09,39.82,40.29,39.43,39.73,4242000,0.0,0.0
2022-12-12,39.11,40.0,38.68,39.93,4718000,0.0,0.0
2022-12-13,39.06,40.25,38.46,40.18,5456500,0.0,0.0
2022-12-14,39.27,39.56,38.51,39.37,5154000,0.0,0.0
2022-12-15,39.03,39.16,38.4,38.89,4978000,0.0,0.0
2022-12-16,38.39,39.13,38.06,38.67,8066000,0.0,0.0
2022-12-19,38.56,38.86,38.32,38.57,4621500,0.0,0.0
2022-12-20,38.33,38.55,37.86,38.5,4626500,0.0,0.0
2022-12-21,39.07,39.28,38.41,38.83,3824000,0.0,0.0
2022-12-22,38.85,38.87,38.08,38.68,5289500,0.0,0.0
2022-12-23,39.59,39.6,38.71,38.94,3643000,0.0,0.0
2022-12-27,40.69,40.83,39.42,39.73,5287500,0.0,0.0
2022-12-28,40.1,41.1,40.03,40.85,3945500,0.0,0.0
2022-12-29,41.4,41.53,40.28,40.3,3989000,0.0,0.0
2022-12-30,41.03,41.24,40.68,41.01,3595000,0.0,0.0
2023-01-03,40.7,41.23,40.34,41.11,5517500,0.0,0.0
2023-01-04,40.39,41.09,40.13,40.95,4494500,0.0,0.0
2023-01-05,40.05,40.49,39.82,40.3,5644000,0.0,0.0
2023-01-06,40.42,40.99,40.15,40.26,4621500,0.0,0.0
2023-01-09,39.66,40.59,39.52,40.26,6121500,0.0,0.0
2023-01-10,40.44,40.45,39.11,39.73,5594000,0.0,0.0
2023-01-11,40.41,40.99,40.27,40.62,5055000,0.0,0.0
2023-01-12,40.26,41.02,40.2,40.69,5269000,0.0,0.0
2023-01-13,40.32,40.92,39.88,39.95,6859000,0.0,0.0
2023-01-17,39.94,40.91,39.92,40.39,6007500,0.0,0.0
2023-01-18,39.16,40.17,39.13,39.92,5397000,0.0,0.0
2023-01-19,37.73,39.35,37.69,39.2,5935000,0.0,0.0
2023-01-20,38.68,38.89,37.61,37.81,7202000,0.0,0.0
2023-01-23,39.3,39.6,38.76,39.53,6601000,0.0,0.0
2023-01-24,39.18,39.53,38.63,39.21,5082000,0.0,0.0
2023-01-25,39.0,39.07,38.34,38.93,7195000,0.0,0.0
2023-01-26,41.35,42.92,39.66,42.11,11542000,0.0,0.0
2023-01-27,41.16,41.84,40.53,41.8,6755500,0.0,0.0
2023-01-30,40.63,41.37,40.52,41.15,6488000,0.0,0.0
2023-01-31,41.58,41.59,40.79,40.79,6114000,0.0,0.0
2023-02-01,41.95,42.12,40.89,41.44,5866000,0.0,0.0
2023-02-02,42.11,42.56,41.69,42.33,5546500,0.0,0.0
2023-02-03,41.68,42.37,41.65,41.84,4802000,0.0,0.0
2023-02-06,42.39,42.44,41.53,41.58,4961500,0.0,0.0
2023-02-07,42.44,42.56,41.21,42.21,4803000,0.0,0.0
2023-02-08,42.17,42.5,42.11,42.3,3666500,0.0,0.0
2023-02-09,42.63,42.79,42.17,42.17,4228500,0.0,0.0
2023-02-10,42.49,42.81,42.31,42.7,4748000,0.0,0.0
2023-02-13,43.25,43.38,42.45,42.68,5607500,0.0,0.0
2023-02-14,43.4,43.45,42.83,43.04,4254000,0.0,0.0
2023-02-15,43.7,43.71,43.13,43.34,3994500,0.0,0.0
2023-02-16,43.22,43.39,42.99,43.27,4117500,0.0,0.0
2023-02-17,43.59,43.62,42.7,42.84,5747000,0.0,0.0
2023-02-21,42.68,43.26,42.58,43.14,6088500,0.0,0.0
2023-02-22,42.46,43.04,42.37,42.76,4240000,0.0,0.0
2023-02-23,42.49,42.58,42.02,42.44,6179500,0.0,0.0
2023-02-24,43.0,43.16,42.75,43.09,4400000,1.03,0.0
2023-02-27,43.72,43.8,43.14,43.19,3378500,0.0,0.0
2023-02-28,43.5,44.04,43.48,43.83,3881000,0.0,0.0
2023-03-01,42.1,43.14,41.94,43.07,6612500,0.0,0.0
2023-03-02,42.61,42.71,41.72,41.96,3508500,0.0,0.0
2023-03-03,42.92,42.95,42.51,42.74,3081000,0.0,0.0
2023-03-06,42.65,43.25,42.55,42.92,3462000,0.0,0.0
2023-03-07,42.62,43.09,42.45,42.96,4427500,0.0,0.0
2023-03-08,42.61,42.88,42.31,42.64,3526500,0.0,0.0
2023-03-09,42.32,43.21,42.27,42.86,5327000,0.0,0.0
2023-03-10,42.38,42.95,42.15,42.32,5329000,0.0,0.0
2023-03-13,42.51,42.9,42.0,42.03,3994000,0.0,0.0
2023-03-14,42.83,42.98,42.3,42.87,3845500,0.0,0.0
2023-03-15,43.16,43.32,42.51,42.64,5704000,0.0,0.0
2023-03-16,43.89,44.05,43.08,43.08,5580000,0.0,0.0
2023-03-17,43.35,44.03,43.17,43.98,5550500,0.0,0.0
2023-03-20,43.3,43.81,43.11,43.45,5311500,0.0,0.0
2023-03-21,43.95,44.16,43.64,43.64,4612500,0.0,0.0
2023-03-22,42.68,43.84,42.66,43.71,4447500,0.0,0.0
2023-03-23,42.26,42.68,41.93,42.59,4606000,0.0,0.0
2023-03-24,42.37,42.72,41.89,42.3,4080500,0.0,0.0
2023-03-27,42.85,43.27,42.27,42.49,4698000,0.0,0.0
2023-03-28,42.8,43.1,42.69,42.99,4444500,0.0,0.0
2023-03-29,42.98,43.11,42.67,42.97,8097500,0.0,0.0
2023-03-30,42.97,43.26,42.91,43.06,4544000,0.0,0.0
2023-03-31,43.83,44.12,42.98,43.11,5183500,0.0,0.0
2023-04-03,45.07,45.14,43.94,43.94,5287000,0.0,0.0
2023-04-04,44.68,45.13,44.2,45.06,4124000,0.0,0.0
2023-04-05,43.74,44.55,43.38,44.3,5152000,0.0,0.0
2023-04-06,43.94,43.99,42.83,43.41,4932500,0.0,0.0
2023-04-10,44.49,44.72,43.71,43.71,5520500,0.0,0.0
2023-04-11,44.76,45.18,44.01,44.43,4690000,0.0,0.0
2023-04-12,43.39,44.94,43.3,44.94,5404000,0.0,0.0
2023-04-13,44.02,44.16,43.29,43.44,4202000,0.0,0.0
2023-04-14,44.38,44.53,43.97,44.02,3391500,0.0,0.0
2023-04-17,44.99,45.0,44.5,44.66,5258000,0.0,0.0
2023-04-18,45.73,45.75,45.03,45.21,5861500,0.0,0.0
2023-04-19,46.03,46.07,45.37,45.73,7190500,0.0,0.0
2023-04-20,46.44,46.7,45.71,45.83,6119500,0.0,0.0
2023-04-21,46.36,46.84,46.2,46.53,5303000,0.0,0.0
2023-04-24,46.62,46.79,45.96,46.07,4606000,0.0,0.0
2023-04-25,45.57,46.48,45.52,46.35,5965000,0.0,0.0
2023-04-26,45.35,45.83,45.25,45.51,5234500,0.0,0.0
2023-04-27,44.59,45.21,42.98,45.13,10493000,0.0,0.0
2023-04-28,44.46,44.59,43.66,44.59,7063500,0.0,0.0
2023-05-01,44.56,44.88,44.23,44.61,5242000,0.0,0.0
2023-05-02,45.12,45.16,44.0,44.5,6135500,0.0,0.0
2023-05-03,45.38,45.85,44.84,44.91,3390500,0.0,0.0
2023-05-04,44.17,45.54,44.01,45.35,4268500,0.0,0.0
2023-05-05,44.82,45.14,44.2,44.2,4564000,0.0,0.0
2023-05-08,44.89,45.45,44.7,44.85,3334000,0.0,0.0
2023-05-09,45.08,45.15,44.6,44.79,3311500,0.0,0.0
2023-05-10,45.48,45.69,45.06,45.2,4866000,0.0,0.0
2023-05-11,45.1,45.77,44.57,45.53,3232500,0.0,0.0
2023-05-12,44.74,45.3,44.52,45.09,3620000,0.0,0.0
2023-05-15,43.18,44.69,43.05,44.59,6923500,0.0,0.0
2023-05-16,42.2,42.61,41.42,42.55,8267000,0.0,0.0
2023-05-17,41.95,42.26,41.71,42.19,6432500,0.0,0.0
2023-05-18,43.0,43.06,41.69,41.95,6924500,0.0,0.0
2023-05-19,41.82,42.91,41.76,42.79,6841500,0.0,0.0
2023-05-22,41.55,42.58,41.52,42.13,5780500,0.0,0.0
2023-05-23,40.76,41.49,40.67,41.11,6031000,0.0,0.0
2023-05-24,40.75,41.25,40.4,41.18,5583000,0.0,0.0
2023-05-25,39.88,40.72,39.64,40.72,7580500,0.0,0.0
2023-05-26,39.63,39.93,39.25,39.55,7812500,0.2,0.0
2023-05-30,40.36,40.4,39.44,39.7,9032500,0.0,0.0
2023-05-31,39.28,40.17,39.17,40.08,11753000,0.0,0.0
2023-06-01,38.66,39.54,38.49,39.53,9568000,0.0,0.0
2023-06-02,39.58,39.75,38.98,39.06,7711000,0.0,0.0
2023-06-05,38.89,39.54,38.51,39.21,7757000,0.0,0.0
2023-06-06,40.64,40.67,38.84,38.84,9845500,0.0,0.0
2023-06-07,40.82,41.02,40.45,40.64,6489000,0.0,0.0
2023-06-08,41.12,41.43,40.75,40.77,5445000,0.0,0.0
2023-06-09,40.71,41.15,40.67,40.82,5378000,0.0,0.0
2023-06-12,41.13,41.15,40.22,40.71,6626000,0.0,0.0
2023-06-13,40.76,41.42,40.62,41.3,6453000,0.0,0.0
2023-06-14,40.86,41.23,40.73,40.88,4723500,0.0,0.0
2023-06-15,41.36,41.42,40.62,40.83,7152500,0.0,0.0
2023-06-16,41.03,41.76,40.83,41.71,7793500,0.0,0.0
2023-06-20,40.67,40.91,40.27,40.75,9131000,0.0,0.0
2023-06-21,41.31,41.47,40.36,40.67,6882000,0.0,0.0
2023-06-22,41.16,41.53,40.91,41.43,5197000,0.0,0.0
2023-06-23,40.98,41.45,40.93,41.23,6623500,0.0,0.0
2023-06-26,41.05,41.32,40.95,41.14,4574000,0.0,0.0
2023-06-27,41.81,41.85,41.09,41.1,4704000,0.0,0.0
2023-06-28,40.59,41.04,40.26,41.04,9356500,0.0,0.0
2023-06-29,40.74,40.78,40.29,40.59,6353000,0.0,0.0
2023-06-30,41.43,41.66,40.67,40.91,7875500,0.0,0.0
2023-07-03,41.42,41.55,40.7,41.51,4184000,0.0,0.0
2023-07-05,41.3,41.37,40.85,41.23,4830000,0.0,0.0
2023-07-06,41.02,41.4,40.86,40.99,5292000,0.0,0.0
2023-07-07,40.64,41.04,40.59,40.85,6349500,0.0,0.0
2023-07-10,41.47,41.47,40.62,40.62,6066000,0.0,0.0
2023-07-11,41.79,41.96,41.5,41.54,6819500,0.0,0.0
2023-07-12,41.37,42.24,41.36,42.15,4846500,0.0,0.0
2023-07-13,40.55,41.29,40.5,41.29,5661500,0.0,0.0
2023-07-14,40.28,40.93,40.21,40.7,6100500,0.0,0.0
2023-07-17,39.51,40.05,39.01,39.89,9947500,0.0,0.0
2023-07-18,39.77,40.13,39.34,39.34,7821500,0.0,0.0
2023-07-19,39.57,40.39,39.48,39.92,8132000,0.0,0.0
2023-07-20,40.18,40.38,39.44,39.44,9104000,0.0,0.0
2023-07-21,40.42,40.73,39.93,40.07,6770000,0.0,0.0
2023-07-24,40.23,40.73,40.07,40.59,6245000,0.0,0.0
2023-07-25,39.86,40.17,39.09,39.39,10794000,0.0,0.0
2023-07-26,40.2,40.37,39.72,40.07,7235000,0.0,0.0
2023-07-27,41.9,42.4,40.43,40.78,14795500,0.0,0.0
2023-07-28,41.98,42.37,41.73,42.22,7084000,0.0,0.0
2023-07-31,41.98,42.27,41.55,42.01,5756500,0.0,0.0
2023-08-01,42.01,42.48,41.76,41.76,4731000,0.0,0.0
2023-08-02,42.35,42.97,41.79,41.95,6171000,0.0,0.0
2023-08-03,42.57,43.25,42.2,42.53,5136500,0.0,0.0
2023-08-04,41.66,42.64,41.58,42.57,4309000,0.0,0.0
2023-08-07,41.75,41.89,41.61,41.66,3182500,0.0,0.0
2023-08-08,41.56,41.76,41.27,41.66,5923000,0.0,0.0
2023-08-09,42.01,42.15,41.49,41.59,3718000,0.0,0.0
2023-08-10,41.65,42.42,41.35,42.26,5266000,0.0,0.0
2023-08-11,41.7,41.98,41.57,41.89,4214000,0.0,0.0
2023-08-14,41.69,41.87,41.28,41.68,4154000,0.0,0.0
2023-08-15,41.61,41.74,41.34,41.43,2927000,0.0,0.0
2023-08-16,41.39,41.8,41.28,41.67,4156000,0.0,0.0
2023-08-17,41.04,41.8,40.93,41.56,5725500,0.0,0.0
2023-08-18,41.1,41.42,40.91,40.91,3462500,0.0,0.0
2023-08-21,40.41,41.27,40.35,41.11,6442000,0.0,0.0
2023-08-22,40.29,40.29,39.1,40.13,8691500,0.0,0.0
2023-08-23,40.21,40.54,39.79,39.99,7170000,0.0,0.0
2023-08-24,39.66,40.5,39.65,39.88,5811000,0.0,0.0
2023-08-25,41.02,41.26,40.52,40.82,5944000,1.03,0.0
2023-08-28,42.06,42.19,41.0,41.17,8378000,0.0,0.0
2023-08-29,42.75,42.92,41.99,42.11,5030000,0.0,0.0
2023-08-30,42.82,42.9,42.49,42.87,5224500,0.0,0.0
2023-08-31,41.97,42.55,41.47,42.54,10897500,0.0,0.0
2023-09-01,42.36,42.38,41.75,42.09,7084000,0.0,0.0
2023-09-05,41.89,42.26,41.67,42.12,6146000,0.0,0.0
2023-09-06,41.44,41.82,40.99,41.66,5942500,0.0,0.0
2023-09-07,42.06,42.34,41.53,41.74,6125500,0.0,0.0
2023-09-08,41.76,42.26,41.64,42.04,4930500,0.0,0.0
2023-09-11,41.81,42.07,41.66,41.89,3660000,0.0,0.0
2023-09-12,41.7,42.0,41.6,41.81,3658500,0.0,0.0
2023-09-13,41.47,41.93,41.26,41.71,5116000,0.0,0.0
2023-09-14,41.47,41.5,41.06,41.47,5265500,0.0,0.0
2023-09-15,40.88,41.26,40.77,41.2,8621500,0.0,0.0
2023-09-18,40.24,40.88,40.11,40.86,4806000,0.0,0.0
2023-09-19,40.36,40.42,39.74,40.0,4060000,0.0,0.0
2023-09-20,39.86,40.26,39.83,40.25,4889000,0.0,0.0
2023-09-21,39.3,39.76,39.07,39.66,6288000,0.0,0.0
2023-09-22,39.38,39.79,39.3,39.3,3770500,0.0,0.0
2023-09-25,39.63,39.94,39.32,39.38,4122500,0.0,0.0
2023-09-26,39.0,39.87,38.97,39.42,4282500,0.0,0.0
2023-09-27,38.99,39.4,38.58,38.82,5952000,0.0,0.0
2023-09-28,39.07,39.49,38.94,39.42,3547000,0.0,0.0
2023-09-29,39.0,39.64,38.83,39.58,6715500,0.0,0.0
2023-10-02,39.09,39.37,38.44,39.15,6137500,0.0,0.0
2023-10-03,39.09,39.23,38.62,38.89,4654000,0.0,0.0
2023-10-04,39.57,39.76,39.07,39.11,4976000,0.0,0.0
2023-10-05,39.41,39.47,38.82,38.99,5877500,0.0,0.0
2023-10-06,39.27,39.64,38.76,39.33,4280500,0.0,0.0
2023-10-09,39.16,39.46,38.48,39.21,5109000,0.0,0.0
2023-10-10,39.38,39.51,38.92,39.08,5149500,0.0,0.0
2023-10-11,39.24,39.53,38.94,39.44,4443500,0.0,0.0
2023-10-12,37.79,39.13,37.41,39.13,8066500,0.0,0.0
2023-10-13,38.56,38.68,37.35,37.35,8251000,0.0,0.0
2023-10-16,39.5,39.72,38.65,38.8,5473500,0.0,0.0
2023-10-17,39.84,40.2,39.44,39.44,6886500,0.0,0.0
2023-10-18,39.83,40.19,39.38,39.83,5482500,0.0,0.0
2023-10-19,38.83,39.75,38.77,39.64,4439500,0.0,0.0
2023-10-20,37.51,38.92,37.37,38.92,11062500,0.0,0.0
2023-10-23,38.06,38.33,37.18,37.45,7594500,0.0,0.0
2023-10-24,38.07,38.57,37.95,38.16,5312500,0.0,0.0
2023-10-25,38.04,38.28,37.67,37.92,8721000,0.0,0.0
2023-10-26,36.26,37.27,35.53,35.96,17250000,0.0,0.0
2023-10-27,36.07,36.94,35.92,36.13,9921500,0.0,0.0
2023-10-30,36.72,36.86,35.74,36.43,6735000,0.0,0.0
2023-10-31,36.99,37.12,36.54,36.64,4560500,0.0,0.0
2023-11-01,36.6,36.94,36.12,36.83,5211000,0.0,0.0
2023-11-02,37.48,37.75,36.76,36.94,5315500,0.0,0.0
2023-11-03,38.28,38.48,37.74,37.94,6534000,0.0,0.0
2023-11-06,38.27,38.45,37.97,38.24,4553500,0.0,0.0
2023-11-07,38.26,38.41,37.95,38.4,3743500,0.0,0.0
2023-11-08,38.32,39.07,37.99,38.36,4562000,0.0,0.0
2023-11-09,37.47,38.32,37.26,38.22,6985500,0.0,0.0
2023-11-10,38.13,38.26,37.19,37.6,6481000,0.0,0.0
2023-11-13,37.67,38.29,37.65,37.96,7931000,0.0,0.0
2023-11-14,39.71,39.89,38.17,38.17,8477000,0.0,0.0
2023-11-15,39.86,40.54,39.57,39.78,7271500,0.0,0.0
2023-11-16,39.0,39.81,38.75,39.71,5511000,0.0,0.0
2023-11-17,38.92,39.38,38.88,39.38,4932000,0.0,0.0
2023-11-20,38.55,38.93,38.21,38.8,4739000,0.0,0.0
2023-11-21,37.92,38.41,37.21,38.41,6051000,0.0,0.0
2023-11-22,38.11,38.51,38.03,38.14,4768000,0.0,0.0
2023-11-24,38.27,38.59,38.14,38.36,2846500,0.2,0.0
2023-11-27,38.19,38.49,38.12,38.23,6237000,0.0,0.0
2023-11-28,38.6,38.86,38.04,38.11,4236500,0.0,0.0
2023-11-29,38.65,39.65,38.64,38.73,4206000,0.0,0.0
2023-11-30,39.2,39.25,38.21,38.68,7132500,0.0,0.0
2023-12-01,40.56,40.59,39.2,39.27,6708000,0.0,0.0
2023-12-04,40.93,41.68,40.35,40.44,6823000,0.0,0.0
2023-12-05,40.0,40.2,39.67,40.05,4827000,0.0,0.0
2023-12-06,40.44,40.77,39.89,40.16,6280000,0.0,0.0
2023-12-07,40.36,40.55,39.97,40.32,5467000,0.0,0.0
2023-12-08,40.95,41.08,40.49,40.58,5857500,0.0,0.0
2023-12-11,41.72,41.83,41.02,41.05,6172500,0.0,0.0
2023-12-12,41.57,41.83,41.43,41.77,4694000,0.0,0.0
2023-12-13,42.57,42.7,41.31,41.67,5614500,0.0,0.0
2023-12-14,43.27,43.61,42.64,43.04,9280500,0.0,0.0
2023-12-15,41.96,42.79,41.73,42.79,14331000,0.0,0.0
2023-12-18,41.66,42.13,41.28,42.06,6381000,0.0,0.0
2023-12-19,41.73,42.06,41.62,41.78,4893000,0.0,0.0
2023-12-20,40.5,41.49,40.47,41.3,8418500,0.0,0.0
2023-12-21,40.87,41.28,40.73,40.98,4564500,0.0,0.0
2023-12-22,40.92,41.57,40.8,41.07,5024500,0.0,0.0
2023-12-26,40.69,41.04,40.67,40.84,4248500,0.0,0.0
2023-12-27,41.06,41.28,40.35,40.69,4146500,0.0,0.0
2023-12-28,41.69,42.05,41.06,41.16,6384500,0.0,0.0
2023-12-29,41.52,41.9,41.36,41.79,5352000,0.0,0.0
2024-01-02,41.81,42.41,41.08,41.18,6647000,0.0,0.0
2024-01-03,41.06,41.8,40.89,41.8,5912500,0.0,0.0
2024-01-04,41.52,41.7,41.06,41.06,6250000,0.0,0.0
2024-01-05,42.27,42.4,41.24,41.26,7144500,0.0,0.0
2024-01-08,43.16,43.19,42.06,42.13,6451500,0.0,0.0
2024-01-09,42.64,43.35,42.44,43.02,6739000,0.0,0.0
2024-01-10,42.48,42.75,42.32,42.62,6102000,0.0,0.0
2024-01-11,42.78,42.83,42.31,42.49,4562500,0.0,0.0
2024-01-12,43.17,43.25,42.42,42.75,5081000,0.0,0.0
2024-01-16,43.3,43.32,42.66,42.86,8185000,0.0,0.0
2024-01-17,43.93,43.95,42.63,42.63,11566000,0.0,0.0
2024-01-18,44.46,44.57,43.71,44.06,7105000,0.0,0.0
2024-01-19,44.61,45.09,44.2,44.52,8425500,0.0,0.0
2024-01-22,44.89,45.07,44.49,44.74,7930500,0.0,0.0
2024-01-23,44.1,44.82,43.72,44.67,8212500,0.0,0.0
2024-01-24,43.64,44.31,43.63,44.29,6649000,0.0,0.0
2024-01-25,43.7,43.79,43.18,43.64,7256500,0.0,0.0
2024-01-26,43.95,44.03,43.46,43.91,5392000,0.0,0.0
2024-01-29,43.7,44.47,43.46,43.71,10098500,0.0,0.0
2024-01-30,43.98,44.32,43.2,43.37,6416500,0.0,0.0
2024-01-31,43.37,44.08,43.3,43.99,10741500,0.0,0.0
2024-02-01,45.35,45.45,42.82,43.5,15048000,0.0,0.0
2024-02-02,44.98,45.29,43.74,45.19,9582000,0.0,0.0
2024-02-05,44.59,45.16,44.16,44.72,6563000,0.0,0.0
2024-02-06,45.14,45.37,44.49,44.9,4939000,0.0,0.0
2024-02-07,45.07,45.78,45.06,45.39,4642500,0.0,0.0
2024-02-08,44.76,45.38,44.5,45.15,5961000,0.0,0.0
2024-02-09,45.39,45.41,44.66,44.76,4962500,0.0,0.0
2024-02-12,45.61,45.84,45.27,45.57,6195000,0.0,0.0
2024-02-13,45.05,45.36,44.47,44.81,5685500,0.0,0.0
2024-02-14,45.47,45.54,44.59,45.4,5254000,0.0,0.0
2024-02-15,45.89,46.17,45.62,45.71,3495500,0.0,0.0
2024-02-16,45.66,46.09,45.52,45.68,3486500,0.0,0.0
2024-02-20,45.65,45.85,45.36,45.41,3798500,0.0,0.0
2024-02-21,45.45,45.72,45.15,45.72,2758000,0.0,0.0
2024-02-22,46.28,46.34,45.27,45.44,4853000,0.0,0.0
2024-02-23,48.03,48.12,47.26,47.42,5319000,1.1,0.0
2024-02-26,47.96,48.77,47.89,47.96,7362000,0.0,0.0
2024-02-27,49.64,49.93,48.1,48.12,8315500,0.0,0.0
2024-02-28,49.92,50.1,49.4,49.4,4347500,0.0,0.0
2024-02-29,50.26,50.52,49.67,50.29,6845500,0.0,0.0
2024-03-01,49.88,50.37,49.45,50.37,4499000,0.0,0.0
2024-03-04,50.05,50.07,49.06,49.36,4577500,0.0,0.0
2024-03-05,48.98,49.91,48.93,49.91,4821500,0.0,0.0
2024-03-06,49.53,49.58,48.97,49.18,3554000,0.0,0.0
2024-03-07,49.22,49.81,48.81,49.6,4306000,0.0,0.0
2024-03-08,49.5,49.73,49.1,49.54,2498500,0.0,0.0
2024-03-11,49.18,49.5,48.64,49.46,3068000,0.0,0.0
2024-03-12,49.34,49.86,49.03,49.29,2908000,0.0,0.0
2024-03-13,50.13,50.63,49.36,49.44,6116000,0.0,0.0
2024-03-14,50.17,50.66,49.35,50.61,9044500,0.0,0.0
2024-03-15,50.82,51.3,49.84,49.95,7290000,0.0,0.0
2024-03-18,50.53,51.13,50.21,51.09,3952000,0.0,0.0
2024-03-19,50.66,51.11,50.43,50.5,4153500,0.0,0.0
2024-03-20,50.79,50.88,50.0,50.82,4358500,0.0,0.0
2024-03-21,52.6,52.96,50.59,50.59,5640500,0.0,0.0
2024-03-22,51.97,52.57,51.71,52.44,6169500,0.0,0.0
2024-03-25,51.12,52.17,51.09,51.87,3813000,0.0,0.0
2024-03-26,51.0,51.33,50.8,51.12,3226000,0.0,0.0
2024-03-27,51.47,51.56,50.99,51.3,4080500,0.0,0.0
2024-03-28,51.72,52.13,51.27,51.73,3235000,0.0,0.0
2024-04-01,51.03,51.98,50.87,51.71,4469000,0.0,0.0
2024-04-02,50.77,51.15,50.25,50.98,4338500,0.0,0.0
2024-04-03,49.83,51.01,49.78,50.78,4334000,0.0,0.0
2024-04-04,49.9,50.56,49.62,50.49,4682000,0.0,0.0
2024-04-05,49.9,50.25,49.54,49.9,6142500,0.0,0.0
2024-04-08,49.32,50.24,49.29,49.68,5068000,0.0,0.0
2024-04-09,50.03,50.14,49.03,49.66,3951500,0.0,0.0
2024-04-10,50.06,50.18,48.75,49.2,4538000,0.0,0.0
2024-04-11,49.44,50.34,48.76,50.34,5393500,0.0,0.0
2024-04-12,48.39,49.12,48.25,48.97,4959500,0.0,0.0
2024-04-15,47.82,49.16,47.73,49.07,4722500,0.0,0.0
2024-04-16,48.38,48.73,47.92,47.92,5517500,0.0,0.0
2024-04-17,48.89,49.08,48.49,48.59,6100000,0.0,0.0
2024-04-18,48.88,49.43,48.63,49.35,4133500,0.0,0.0
2024-04-19,49.96,50.07,49.03,49.03,6424000,0.0,0.0
2024-04-22,50.07,50.62,49.94,50.49,5352500,0.0,0.0
2024-04-23,50.58,51.31,50.28,50.39,5048000,0.0,0.0
2024-04-24,51.01,51.05,49.58,50.0,6607500,0.0,0.0
2024-04-25,52.42,52.57,49.65,51.0,11477500,0.0,0.0
2024-04-26,54.13,54.28,52.18,52.3,7997500,0.0,0.0
2024-04-29,54.91,54.97,53.71,54.02,5331000,0.0,0.0
2024-04-30,53.97,55.21,53.82,54.81,4837500,0.0,0.0
2024-05-01,53.59,54.26,52.85,54.06,7468000,0.0,0.0
2024-05-02,52.7,53.63,52.6,53.63,6347000,0.0,0.0
2024-05-03,53.4,53.72,52.66,52.95,5675500,0.0,0.0
2024-05-06,53.27,53.58,52.9,53.44,3408500,0.0,0.0
2024-05-07,53.38,53.93,53.03,53.37,3204500,0.0,0.0
2024-05-08,52.69,53.17,52.59,52.96,4167500,0.0,0.0
2024-05-09,53.3,53.45,52.57,52.7,3051500,0.0,0.0
2024-05-10,53.64,53.79,53.04,53.31,4657500,0.0,0.0
2024-05-13,53.69,54.11,53.36,53.87,3967500,0.0,0.0
2024-05-14,54.25,54.56,53.61,53.87,4734500,0.0,0.0
2024-05-15,54.53,54.62,54.03,54.08,3018500,0.0,0.0
2024-05-16,54.58,55.05,54.23,54.23,3965500,0.0,0.0
2024-05-17,56.45,56.55,54.15,54.72,10907000,0.0,0.0
2024-05-20,56.13,56.89,55.61,56.59,5299500,0.0,0.0
2024-05-21,56.46,56.87,55.84,56.41,9284000,0.0,0.0
2024-05-22,55.88,56.68,55.61,56.3,3628000,0.0,0.0
2024-05-23,55.98,56.45,55.39,56.0,4554500,0.0,0.0
2024-05-24,55.95,56.16,55.59,56.13,3950000,0.22,0.0
2024-05-28,55.92,55.99,55.48,55.83,5393000,0.0,0.0
2024-05-29,55.75,55.82,55.17,55.61,3758500,0.0,0.0
2024-05-30,55.71,56.34,55.65,56.04,3651000,0.0,0.0
2024-05-31,56.6,56.64,55.32,55.87,6606000,0.0,0.0
2024-06-03,53.08,55.81,52.11,55.63,9901500,0.0,0.0
2024-06-04,53.51,54.25,52.65,52.66,5895000,0.0,0.0
2024-06-05,53.64,53.68,53.09,53.55,5513000,0.0,0.0
2024-06-06,53.52,53.7,53.2,53.43,3417000,0.0,0.0
2024-06-07,53.75,54.12,53.28,53.44,4773000,0.0,0.0
2024-06-10,54.28,54.34,53.44,53.74,3164000,0.0,0.0
2024-06-11,55.21,55.36,53.84,54.16,5581000,0.0,0.0
2024-06-12,55.53,55.72,54.83,55.55,4295000,0.0,0.0
2024-06-13,55.84,56.0,55.05,55.72,5420500,0.0,0.0
2024-06-14,55.6,55.99,55.11,55.69,4658000,0.0,0.0
2024-06-17,57.44,57.55,55.31,55.36,4498500,0.0,0.0
2024-06-18,57.53,57.61,56.86,57.43,5102500,0.0,0.0
2024-06-20,55.59,57.52,55.54,57.52,8794500,0.0,0.0
2024-06-21,55.86,56.47,55.33,55.33,8777500,0.0,0.0
2024-06-24,55.03,56.62,54.63,55.7,6208500,0.0,0.0
2024-06-25,52.49,54.7,52.06,54.7,13781500,0.0,0.0
2024-06-26,52.97,53.53,52.03,52.48,7274000,0.0,0.0
2024-06-27,53.08,53.35,52.57,52.81,10605500,0.0,0.0
2024-06-28,53.56,54.87,53.27,54.0,8505000,0.0,0.0
2024-07-01,53.12,54.29,52.91,53.77,5070500,0.0,0.0
2024-07-02,52.78,53.2,52.64,53.07,3718500,0.0,0.0
2024-07-03,51.91,52.54,51.32,52.48,3832500,0.0,0.0
2024-07-05,52.08,52.23,51.64,51.95,5409000,0.0,0.0
2024-07-08,51.76,52.46,50.97,52.28,6263000,0.0,0.0
2024-07-09,51.04,51.71,50.83,51.61,4339500,0.0,0.0
2024-07-10,51.43,51.46,50.83,51.17,4669000,0.0,0.0
2024-07-11,52.14,52.41,51.43,51.56,5732000,0.0,0.0
2024-07-12,53.78,54.01,52.39,52.41,4743000,0.0,0.0
2024-07-15,53.73,54.55,53.03,53.79,6095000,0.0,0.0
2024-07-16,56.18,56.19,53.73,53.83,5980000,0.0,0.0
2024-07-17,55.31,56.19,55.27,55.66,4831000,0.0,0.0
2024-07-18,53.55,55.25,53.37,55.25,6645500,0.0,0.0
2024-07-19,53.26,53.88,52.91,53.52,3967500,0.0,0.0
2024-07-22,53.78,53.87,52.18,53.34,5528000,0.0,0.0
2024-07-23,53.64,53.99,53.27,53.92,4008000,0.0,0.0
2024-07-24,52.08,53.59,52.07,53.45,6554500,0.0,0.0
2024-07-25,51.07,53.1,50.13,50.89,11680500,0.0,0.0
2024-07-26,52.08,52.93,51.47,51.47,4857000,0.0,0.0
2024-07-29,52.59,52.65,51.66,52.16,3598000,0.0,0.0
2024-07-30,51.93,52.59,51.61,52.43,5968500,0.0,0.0
2024-07-31,52.24,52.86,51.61,52.07,2863000,0.0,0.0
2024-08-01,50.84,52.55,50.61,52.41,3743000,0.0,0.0
2024-08-02,50.15,50.23,49.27,50.22,4402000,0.0,0.0
2024-08-05,50.82,51.34,49.1,49.62,6070500,0.0,0.0
2024-08-06,51.58,52.05,50.85,51.43,3682500,0.0,0.0
2024-08-07,49.98,52.11,49.9,51.78,4040000,0.0,0.0
2024-08-08,51.76,51.97,50.01,50.36,3619500,0.0,0.0
2024-08-09,51.68,52.3,51.11,51.76,3109500,0.0,0.0
2024-08-12,52.02,52.64,51.42,51.73,3882500,0.0,0.0
2024-08-13,51.65,52.77,51.08,51.82,3848000,0.0,0.0
2024-08-14,52.03,52.45,51.26,51.79,2810000,0.0,0.0
2024-08-15,52.18,53.41,51.85,52.78,3102000,0.0,0.0
2024-08-16,52.27,52.51,52.04,52.45,5094000,0.0,0.0
2024-08-19,52.36,52.59,51.93,52.15,3072000,0.0,0.0
2024-08-20,52.25,52.64,52.2,52.27,2621500,0.0,0.0
2024-08-21,53.09,53.4,51.59,51.99,3056000,0.0,0.0
2024-08-22,52.63,53.14,52.54,53.11,1990500,0.0,0.0
2024-08-23,53.4,53.46,52.71,53.11,2554000,0.0,0.0
2024-08-26,54.35,54.7,53.48,53.7,4121000,0.22,0.0
2024-08-27,54.37,54.47,53.73,54.04,3088500,0.0,0.0
2024-08-28,54.43,54.89,54.23,54.24,3148500,0.0,0.0
2024-08-29,54.52,55.32,54.4,54.83,2862000,0.0,0.0
2024-08-30,53.3,54.39,52.94,54.38,6812000,0.0,0.0
2024-09-03,53.46,53.64,52.88,53.15,5317000,0.0,0.0
2024-09-04,54.32,54.48,53.25,53.54,4919000,0.0,0.0
2024-09-05,53.95,54.29,53.25,54.29,3414000,0.0,0.0
2024-09-06,53.9,54.59,53.59,54.11,4937500,0.0,0.0
2024-09-09,54.34,54.96,54.02,54.02,5491500,0.0,0.0
2024-09-10,53.94,54.39,53.41,54.21,3206000,0.0,0.0
2024-09-11,55.03,55.1,53.21,53.94,3407000,0.0,0.0
2024-09-12,55.67,55.79,54.83,55.13,2504500,0.0,0.0
2024-09-13,56.37,57.04,55.98,56.11,2703000,0.0,0.0
2024-09-16,56.45,57.19,56.19,56.62,3185500,0.0,0.0
2024-09-17,55.13,56.47,55.09,56.15,3515000,0.0,0.0
2024-09-18,54.88,55.72,54.73,55.28,2091500,0.0,0.0
2024-09-19,54.58,55.73,54.41,55.73,3919000,0.0,0.0
2024-09-20,54.76,54.93,54.03,54.58,4168000,0.0,0.0
2024-09-23,55.15,55.6,54.36,54.93,4177000,0.0,0.0
2024-09-24,55.29,55.55,54.69,55.15,3096500,0.0,0.0
2024-09-25,55.95,56.04,55.1,55.48,3126500,0.0,0.0
2024-09-26,56.83,56.85,55.97,56.22,3830500,0.0,0.0
2024-09-27,57.0,57.74,57.0,57.22,3567500,0.0,0.0
2024-09-30,57.95,58.07,57.16,57.16,4362000,0.0,0.0
2024-10-01,58.79,59.13,57.49,57.8,7800500,0.0,0.0
2024-10-02,59.38,59.43,58.57,58.79,5482000,0.0,0.0
2024-10-03,58.14,59.36,57.7,58.83,7218000,0.0,0.0
2024-10-04,58.76,59.26,58.3,58.59,3859000,0.0,0.0
2024-10-07,58.54,58.77,58.02,58.56,3646000,0.0,0.0
2024-10-08,60.5,60.59,58.43,58.54,4827000,0.0,0.0
2024-10-09,59.95,60.95,59.46,60.47,5552000,0.0,0.0
2024-10-10,59.23,60.0,58.93,59.82,4080500,0.0,0.0
2024-10-11,60.43,60.57,59.34,59.61,2661000,0.0,0.0
2024-10-14,60.51,61.03,60.06,60.47,2892000,0.0,0.0
2024-10-15,59.92,61.28,59.85,60.27,4017000,0.0,0.0
2024-10-16,60.32,60.52,59.5,59.69,4018500,0.0,0.0
2024-10-17,59.43,60.7,59.4,60.68,3849000,0.0,0.0
2024-10-18,59.29,59.78,59.22,59.66,4117000,0.0,0.0
2024-10-21,58.68,59.46,58.23,59.23,6194500,0.0,0.0
2024-10-22,58.06,58.3,57.5,58.17,4650500,0.0,0.0
2024-10-23,58.18,58.48,57.66,57.87,5576000,0.0,0.0
2024-10-24,54.64,57.3,54.47,56.48,11095000,0.0,0.0
2024-10-25,54.34,55.57,54.09,55.44,4129000,0.0,0.0
2024-10-28,53.78,54.85,53.71,54.85,4394500,0.0,0.0
2024-10-29,53.55,54.43,53.22,53.4,5293000,0.0,0.0
2024-10-30,53.37,54.03,53.18,53.29,5507000,0.0,0.0
2024-10-31,52.89,53.64,52.85,53.17,5783000,0.0,0.0
2024-11-01,53.1,54.01,53.07,53.18,5469500,0.0,0.0
2024-11-04,53.86,54.65,53.06,53.41,4962000,0.0,0.0
2024-11-05,55.02,55.1,53.89,53.89,5259500,0.0,0.0
2024-11-06,57.56,57.64,55.19,55.19,12038500,0.0,0.0
2024-11-07,57.63,58.32,57.13,57.85,6264500,0.0,0.0
2024-11-08,57.48,58.61,57.32,57.97,6009500,0.0,0.0
2024-11-11,56.09,57.59,55.75,57.59,4271500,0.0,0.0
2024-11-12,55.61,56.33,55.54,55.99,4191000,0.0,0.0
2024-11-13,55.53,55.86,55.18,55.52,2853000,0.0,0.0
2024-11-14,55.19,56.2,55.11,55.63,3558000,0.0,0.0
2024-11-15,54.91,55.6,54.7,55.02,4994000,0.0,0.0
2024-11-18,55.14,55.36,54.55,54.69,3266500,0.0,0.0
2024-11-19,54.35,55.08,54.2,54.75,5137500,0.0,0.0
2024-11-20,53.78,54.14,53.36,53.98,4822000,0.0,0.0
2024-11-21,54.51,54.79,53.89,54.27,4316500,0.0,0.0
2024-11-22,56.12,56.47,54.67,54.67,4001500,0.0,0.0
2024-11-25,57.19,57.63,56.74,56.91,8781000,0.22,0.0
2024-11-26,56.03,57.4,55.99,56.96,3936500,0.0,0.0
2024-11-27,56.39,57.34,56.23,56.27,3653500,0.0,0.0
2024-11-29,56.73,57.39,56.5,56.81,3819500,0.0,0.0
2024-12-02,58.05,58.15,56.09,56.79,5956000,0.0,0.0
2024-12-03,56.99,57.9,56.56,57.65,6112500,0.0,0.0
2024-12-04,57.17,57.54,56.53,57.0,4920500,0.0,0.0
2024-12-05,56.49,57.96,55.75,57.35,5766000,0.0,0.0
2024-12-06,56.49,57.63,56.36,57.11,5348000,0.0,0.0
2024-12-09,56.74,56.97,55.79,56.49,7367000,0.0,0.0
2024-12-10,56.94,57.61,56.47,56.79,3844000,0.0,0.0
2024-12-11,57.09,57.77,56.95,57.22,4081000,0.0,0.0
2024-12-12,57.05,57.45,56.59,57.07,3603000,0.0,0.0
2024-12-13,57.09,57.44,56.74,57.24,3838000,0.0,0.0
2024-12-16,55.3,57.47,55.26,57.34,5853500,0.0,0.0
2024-12-17,55.04,55.64,54.61,55.41,6116000,0.0,0.0
2024-12-18,53.03,55.19,53.02,55.19,7128000,0.0,0.0
2024-12-19,52.8,53.36,52.47,53.0,7494000,0.0,0.0
2024-12-20,53.91,54.43,52.65,52.65,10938900,0.0,5.0
2024-12-23,53.68,53.91,52.74,53.33,5348600,0.0,0.0
2024-12-24,54.49,54.5,53.31,53.68,2000600,0.0,0.0
2024-12-26,55.49,55.59,53.95,54.59,3416500,0.0,0.0
2024-12-27,54.56,55.56,54.27,55.08,3466600,0.0,0.0
2024-12-30,52.59,54.08,52.56,54.0,3997200,0.0,0.0
2024-12-31,53.06,53.63,52.45,52.59,4204800,0.0,0.0
2025-01-02,52.38,53.63,51.97,53.11,4838600,0.0,0.0
2025-01-03,51.93,52.68,51.27,52.43,6346100,0.0,0.0
2025-01-06,53.65,53.79,51.93,52.34,6099000,0.0,0.0
2025-01-07,53.86,54.2,53.27,53.88,3537100,0.0,0.0
2025-01-08,54.38,54.5,53.45,53.84,4148400,0.0,0.0
2025-01-10,54.59,55.79,54.15,54.24,6356700,0.0,0.0
2025-01-13,54.56,54.65,53.65,54.0,4980400,0.0,0.0
2025-01-14,53.18,54.83,53.04,54.65,3845400,0.0,0.0
2025-01-15,53.09,54.41,52.81,53.95,4975400,0.0,0.0
2025-01-16,53.52,53.72,52.63,52.91,4715300,0.0,0.0
2025-01-17,53.65,54.72,53.5,54.09,5583000,0.0,0.0
2025-01-21,56.88,57.06,54.02,54.09,7910500,0.0,0.0
2025-01-22,57.47,58.11,56.7,56.83,4867200,0.0,0.0
2025-01-23,57.38,58.31,57.25,57.5,5468100,0.0,0.0
2025-01-24,57.93,58.02,57.24,57.41,3384300,0.0,0.0
2025-01-27,57.93,58.72,57.38,57.4,4213600,0.0,0.0
2025-01-28,57.38,58.95,57.36,57.65,4134900,0.0,0.0
2025-01-29,57.15,58.4,56.93,57.24,6908800,0.0,0.0
2025-01-30,54.29,55.43,53.5,54.04,9205400,0.0,0.0
2025-01-31,54.36,54.9,53.31,54.52,9309300,0.0,0.0
2025-02-03,54.58,55.22,53.38,53.5,6833900,0.0,0.0
2025-02-04,54.04,54.88,53.74,54.65,6172500,0.0,0.0
2025-02-05,53.61,54.29,53.45,54.29,4063600,0.0,0.0
2025-02-06,53.06,53.75,52.75,53.61,7711000,0.0,0.0
2025-02-07,52.95,53.38,52.5,53.16,6337900,0.0,0.0
2025-02-10,54.43,54.61,53.04,53.15,4881800,0.0,0.0
2025-02-11,54.97,55.06,53.88,54.31,5753000,0.0,0.0
2025-02-12,55.86,55.93,54.06,54.43,4078900,0.0,0.0
2025-02-13,56.99,57.04,55.77,56.0,7402400,0.0,0.0
2025-02-14,57.13,57.36,56.59,57.2,4901300,0.0,0.0
2025-02-18,57.72,57.75,56.63,57.4,4424500,0.0,0.0
2025-02-19,57.86,58.06,56.41,57.49,4111700,0.0,0.0
2025-02-20,57.74,57.99,57.22,57.93,2643200,0.0,0.0
2025-02-21,56.36,57.95,56.09,57.77,4037300,0.0,0.0
